,CLEC9A+ DC,Inflammatory Monocyte,Mast Cell,Mature Macrophage,cDC1,cDC2,mo-DC,CD4 Helper T Cell,CD4 Tcm Cell,CD8 Effector Cell,CD8 Tcm Cell,Cycling T Cell,DP17 Cell,ILC3,Intraepithelial Lymphocyte,NK Cell,Tfh Cell,B Cell Memory,B Cell Naive,Cycling B Cell,Plasma Cell IgA,Plasma Cell IgG,Arterial Pericyte,Blood Endothelial Cell 1,Blood Endothelial Cell 2,Glial Cell,Inflammatory Fibroblast,Myofibroblast 1,Pericryptal Fibroblast RSPO3+,Pericyte,Post-capillary venules,Villus-associated Fibroblast WNT5B+,BEST4+,Enterocyte,Enteroendocrine,Goblet,M,TA,Tuft,rho_Spearman,rho_Pearson
CID005093-1,0.04025443848690216,0.0005742823600924691,0.0006416999598749965,0.005645639950409831,0.03113428601000881,0.0003248147594729272,0.00025378188411467705,0.017937011333021693,0.052716327403916415,0.007746033282795126,0.06175484887290923,0.010344506133386134,0.052239888868839145,0.06415623879595922,0.0058570780335866985,0.0004251644450053422,0.05874476000205337,0.03363439710419313,0.06159325570020021,0.0005781331031131965,0.010986112152889648,0.05675823475578866,0.028619477496646898,0.058998579517277244,0.00024629414095603085,0.012877561713861655,0.04865045028393521,0.06436585775919196,0.029741257072313954,0.014708531202130854,0.0015308256306535537,0.04925027137268281,0.0010844844862163091,0.0002860140259882496,5.9138524237940244e-05,0.014282200104842045,0.06456252021960575,0.027872206139702434,0.008563396911223762,0.6545256773683169,0.47077354578536446
CID005215-1,0.030397647203885,0.055563226049117564,0.003599042928692946,0.007674135963987737,0.04173740983470487,0.06297354749034675,0.00019986948074279806,0.045398076808431304,0.06301233903801183,0.0630065914127288,0.06314792993191873,0.0016507896952405617,0.015821445949684453,0.016770753928492144,0.06218950338863864,0.06229121521239702,0.062411707371808435,0.013925640728002812,0.06215015189725213,0.00036876141123606896,3.3164967291885604e-05,1.4297882136881256e-05,0.001463021372778984,0.0201181502526583,0.05487529285896844,0.011573301207941318,0.00022443706332017519,1.7786566831082768e-06,8.152528136876986e-06,0.0018434296406783033,0.001920916737070707,0.00221050415582606,0.01057003587992764,0.00040025769243837227,0.03956332199193164,6.667927442926779e-06,0.04735585640148641,0.01796480927969668,0.05556281777826481,0.5972562070356893,0.40896611284497586
CID005217-1,0.0674069046218282,4.971416445223547e-07,0.00017300426473911047,0.007365619213089124,0.014117967746829727,2.3723375089892593e-05,0.000548808657133731,0.0025695471175483007,0.08306266036792131,0.00014125761820314362,0.086219080874472,0.08290077290641766,0.001552089694298401,0.0587213787064337,0.028240779674123542,5.8262403122981555e-05,0.07191173616867133,0.0001233657085401424,0.08585142315963218,0.01982502161283526,9.799359653209661e-05,5.304944866014176e-05,0.0006069693187359751,0.03629335182506409,0.00017492610156082553,0.019723291160380862,0.00046526452827789025,0.008771229028958914,0.02565492181468452,0.01496176442052868,0.006539113443443325,0.06053517725352042,0.01565542579950008,0.0001482275032897392,0.004558751720397434,0.004628461672267954,0.08384895763720268,0.0859554504573376,0.02051377223708248,0.6113114410693677,0.3986978229634093
CID005219-1,0.024975034796281943,0.012940936369861288,2.122695134671309e-05,0.0026851251983216473,0.0207258329530188,0.09297379444565851,4.9440906467714e-06,0.019000932737085332,0.0021323360317347605,1.548593666073438e-05,0.08017389696833083,0.005537500391467173,0.01938338896538082,0.02601589305244548,0.00020918182382469137,8.420676668015553e-06,0.09365033336408707,0.09262135472225401,0.07948392760635417,0.00020676808817284286,0.03525238721991366,0.0005330991272283526,0.004330239099309052,0.08685400132315099,0.00556220060597407,0.011274846673273794,0.0566536886862333,0.005410398366543029,0.005038639436144888,0.022390859056494957,0.03545715153907671,0.01822089663291527,2.5946899191121327e-05,2.076749712179418e-05,0.0001471832351582208,0.0023519802871180746,0.09351564046616878,0.03580326588180992,0.008390492797572136,0.6522514124228279,0.3299416392561575
CID005222-1,0.035324304611724554,0.04633383422003551,0.00024145721139590346,0.002369295871722793,0.017619523192728248,0.025301748066132917,0.00041361314407867744,0.06354544607655074,0.060625388016902815,0.003618926067667783,0.061918007152820316,0.020256094991472667,0.04079707242858116,0.030932940224525033,0.06244234543156231,0.006646640240891214,0.034024801724851374,0.06342554049486206,0.06329556860855486,9.444005777818492e-06,0.014333316288610416,0.005771806967169427,0.00550627064450891,0.06353783269874722,0.018984345837585286,0.011432532809208371,0.0035604726997886813,0.0004544875267700676,0.0002580341717475134,0.06270420806080974,0.013550156514333429,0.007661845115176975,0.0001543521983176436,0.0004505056477140577,0.00035332140628815907,0.0016875837573634021,0.06135107706031752,0.06356586747555679,0.02553999133714771,0.7122949608393676,0.46656312368889497
CID005224-1,0.012805979990846742,0.06773884441383443,8.460021294008064e-05,0.06127619793750853,0.03455435765000884,0.0003588309841036895,0.0033943580689117033,0.005475211580475714,0.059234364664094784,8.153793418689053e-05,0.0032172470317791916,0.06179526611283126,0.056445276826817006,0.023719033080473143,0.0035556831763113696,8.934610907581423e-05,0.07029502945407484,0.01488520931776717,0.0024753935630488617,0.054974319247470996,0.020416871847868296,0.0005947057307969289,0.0001669139841383659,0.018213909925352018,0.006984473348436781,0.000825680365940534,0.010468180701746103,0.00186093551142863,5.497378308937491e-05,0.0017861641965478603,0.002617310395590321,0.011715102395938355,0.07177549116693192,0.07429071922861341,0.0029838384453650755,0.0707887494883684,0.07494878127767626,0.07498778985721061,0.01806332099239971,0.7233694781261685,0.4114827998665743
CID005225-1,0.005618544740096761,0.0014997170875793047,0.00024030338641857764,0.022793614862707687,0.06601207906793417,0.03304231049212093,0.005739703275954865,0.03735920524801304,0.05601104062542779,0.05789226970158922,0.07017760593629288,0.06816215245612076,0.03146303972374791,0.04606955573494636,0.06882987450977311,0.00397916130686917,0.005017184107485898,0.002666288721236725,0.0012040082609365657,0.038950364549860186,0.0105828286701576,0.00023789838994946584,0.007419034365497227,0.057977832790955273,0.0032211350088165646,0.011303766849283388,0.0023469224955919663,1.3871964578283273e-06,0.047816906259879936,0.006348285780156748,0.0019571216263877356,0.04514707112048096,0.000546736191373317,6.196330375846444e-05,0.005935072960378868,0.009194766694594372,0.06776727484559696,0.0705209117551577,0.028885059900413724,0.6639272301614397,0.42435796824423866
CID005416-1,0.0567183717316322,0.00028247349870822694,0.002265552176118913,0.0022393973491869126,0.04732423300093208,0.000453246737464804,0.00010817733627693392,0.02094051433040455,0.027834407808124663,0.017661695963130823,0.06852898353441018,0.00017523847764714808,0.0002973433339864389,0.0094119755283305,0.09156704968529125,0.00011047270798857556,0.06958549071909101,0.0016768421135713622,0.06323095487366699,3.636583381870446e-05,0.019557621248278145,0.00022196739595868058,0.08202374171800594,0.0021136749758604912,0.005312771335162627,0.0921681670719939,6.922142884096034e-05,0.000988383509700454,0.09207206137772833,0.00016830080113642426,0.0004287166098687936,0.07278045738832199,0.00022127173326235688,0.0004481489048780003,0.00035050893634471793,0.004779787335254152,0.09265014468902011,0.01099253618551023,0.04220373061509151,0.6469022087495326,0.47751939144191624
CID005418-1,0.0405383171566241,0.07614938151003538,0.0011956276603063358,0.00023313890997581836,0.03760987483492467,0.002580141162422735,0.005065031420725721,0.07361573040929247,0.025982007454729266,0.00026045833639026306,0.010144527809334954,0.06824472924813837,0.07740672708568364,0.036571642502290544,0.009615214478936908,3.0306483888630795e-05,0.07381265680027169,0.00021020456966995186,0.0004268307992423183,0.02958702291312409,0.0008783257443457552,0.0011936649832689438,0.0006348591757458106,0.006740157003668134,0.0031865180708215883,0.002118638070030476,0.00466283018859002,0.0033074159835787538,0.0002144812233072381,0.0006383803831134312,0.00025520793207921044,0.027913800613461034,0.07268425773482401,0.07706837591935507,0.03749524544311387,0.07336739901993829,0.039631525760410465,0.07767738862257288,0.0010519565817669857,0.5756795171765323,0.211752091659146
CID005420-1,0.0028066829767661857,0.11743073893831305,0.0019237613228316281,0.024658872790238887,0.008453752850865652,0.0002487585737245885,0.003455599413994692,0.0034009412769403983,0.0005482369833450056,5.209979956137775e-05,0.08245560733373582,3.3049887320666794e-05,0.0020642475657437626,0.02003556147162606,0.00023558063855946194,1.072578722441084e-05,0.10869123266671547,0.0026252236468735615,0.005090824447334319,5.2122961161545945e-06,0.0002357209110885019,0.00010675606198605138,0.0007760058508490119,0.1171159708335797,9.407633168608204e-05,0.0022594306365963804,0.0004522188002266129,3.693633326260344e-05,0.0297730890151013,0.10701451054759065,0.11668676094097048,0.00016956992681359503,8.514640952488956e-05,0.11127211701639741,5.811631249355197e-05,0.0014287497929079934,0.11662570497202154,5.8950890850068006e-05,0.011523457748222157,0.6793994665383717,0.2756315728550218
CID005422-1,0.021066810657599296,0.05406424261743419,2.0571637157959164e-06,0.005909512671202808,0.03342300782916633,0.02436802604048174,2.6668379711285515e-05,0.05126583277214521,0.0553494655278814,0.0004693457581683136,0.05487931092492966,0.04866191882436451,0.041158419894158325,0.05075634722026406,1.2577794241112047e-05,6.787220913479088e-05,0.03156046480217597,0.0029298779568884617,0.04485635853565353,0.03769929577196033,0.006472997268469012,6.419856933710827e-05,0.0006519317899707731,0.05696501579808782,0.006486803296184258,0.01310246746026896,0.041116821757021055,0.0009101802137288851,0.02504896361468681,0.009284975335339148,0.014172363757466921,0.012222866940225927,0.047705508267284424,0.056674167009477215,0.0014727073441620179,0.025234507444633764,0.05690215109630137,0.056849751561325844,0.010134208124751585,0.660047661782223,0.40321603750811086
CID005424-1,0.017268097940130952,0.009576997277488924,0.000997965631800863,0.10364331166143097,0.0201837933454805,0.04581324515237028,0.0010994976309671915,0.00031282444029043195,0.001451238608341005,8.195112536165618e-06,0.015959279269127234,0.08871037114030869,0.0028535770118273264,0.049304003005979403,0.01637874660047144,7.665447519321606e-05,0.047427837565783754,0.0008462556137743194,0.017402069821642455,0.07496321702643347,0.009382938871360958,0.00023004247768573205,0.002239669572948965,0.025562307412972426,0.008947996303432723,0.0016018748027106658,0.0017286943462254355,0.0017013819599937142,0.01325040340381638,0.002334299256131419,0.0005454293244985822,0.01844828347540399,0.003622548405239959,0.0748554634360328,0.007021091712897192,0.10269044865483533,0.0968702986777196,0.10434609930050677,0.01034355027420856,0.7380711814440115,0.3688569440777647
CID005425-1,0.04263925219778497,0.06473663401098935,0.010731997483442498,0.009949691582096682,0.04813474826953004,0.004593118419539485,0.000425852282848683,0.008645135604606112,0.0020123649373629694,0.012483030218436771,0.06467332904464108,0.021508686604359693,0.03906837984710233,0.020835635992944572,0.0049521493573828216,0.005425508187494395,0.06526737092116955,0.036505164887290144,0.033888885328779254,0.0002825023520118388,0.015202122016546516,0.06513251469496412,0.0391996661817166,0.057990522174044885,0.020602053014385172,0.005674991042601989,0.005860262618831651,0.00011188058439632467,1.567256570567916e-05,0.023712285250327505,0.06134799618459022,0.0029831301189584027,0.00012432958120723472,0.03535534303461554,0.00015696441164942795,3.715174584653767e-05,0.06435484355176903,0.06454877657313807,0.04083005712489205,0.6570312935795168,0.5749096454374639
CID005614-1,0.05252977625502763,0.0012082067807659027,6.408956052907843e-06,0.006084982963313051,0.032585240699977175,0.012051305098474782,0.0008261548902721769,0.0010480721322098637,0.07559983723220379,5.033845470793231e-05,0.0763092236290085,0.06249185650420401,0.010017554583836668,0.06555053955560416,0.011319455404442609,7.93170383079983e-05,0.061653748329690575,0.03903480780535754,0.07797127697818874,0.016970288768796467,0.005535007574242223,8.16583873759493e-06,0.013879242043651822,0.023380792765436947,2.2963382485055882e-05,0.014061023915112655,0.0001584784566395373,0.017191426641210948,0.07349602794161232,0.0021771302325371725,0.004677343616793906,0.046059673325333665,0.0012177692830791672,1.170440056454156e-05,0.0001362823130153454,0.013267797469468472,0.07429568235621412,0.07771313193764878,0.029321964445773133,0.6295233696073171,0.383435509668242
CID005616-1,0.04687946062302654,0.0009057005717766341,1.0403582379212889e-05,0.059288395172568294,0.025119721993271067,0.0002114629332224401,0.024191561407027645,0.05958033683608886,0.047630113308348355,0.00015410654225645325,0.0434796827887005,0.04360377021843013,0.03535193982203651,0.0484938981230291,0.05936948990030776,0.0002728302577968809,0.016385554699819158,0.01684599095140979,0.0011967233971709756,0.03305245208740938,0.005582152886429843,0.021539625458008874,0.03942358732590499,0.008784018481588066,0.0004877765748451009,0.029948051647393198,0.0007765624983161486,0.0026863308745517685,0.057691266216997925,0.010356851882563653,0.0013250882695470204,0.04236465221013423,0.009843068396568105,0.06256472314668485,0.0013223612921492683,0.00031325105861362254,0.061876978753732645,0.0626196121310415,0.01847044567885343,0.6534363630085168,0.47950242974612134
CID005618-1,0.05541942516598526,0.00020673023556963468,0.0010910586668354105,0.00044814350089339726,0.05718006066520879,0.06730529847065458,5.271540693674523e-05,0.05099787147621662,0.017993295389071844,0.000815626292472261,0.06665998314744732,0.007009195488948871,0.001373989683550563,0.05890496552517203,0.06683905074901854,0.0024820605395050963,0.03897005004745459,0.054183694272383585,0.06453599924730107,0.00011668293133862613,0.0079870399533848,0.00023163475009844604,0.03616740928893836,0.008504076975338002,0.0001234189339311058,0.010087020632732448,8.867544558658593e-05,0.06710724644947962,0.06580249596065571,0.00020897294993588487,0.001682922881629415,0.05259876270931186,0.0012907241011839746,0.00013110205275857723,0.00011770183259339096,0.000674655688060501,0.06686726136991741,0.0409012113716825,0.026841769750816532,0.6546135517854155,0.43599036262799473
CID005620-1,0.042277072261132025,0.011337853573490436,1.9662803683906017e-06,0.0013450325461650695,0.04244187703170322,0.0004118598568449065,0.0005927110826869717,0.003429306468408858,0.04304536144874566,0.048451100894194986,0.023293040775128185,0.0748478184197961,0.0005275446805194936,0.03910308877578868,0.07600035521329646,0.00044400309033738584,0.021122257710430442,0.06761641160279964,0.08478884159009188,0.02506726693765028,0.010855344549314425,0.03305275031641004,0.002857556987140047,0.0841921314154507,0.004704245775841995,0.00921927492385692,0.0005605319803118195,0.002805548995489234,0.026032706997826945,0.004927411075409716,0.016064490727285774,0.009396716660784352,3.7784394810493753e-06,0.00011755013270886116,0.0008842031437446704,6.963673155218035e-05,0.0804974477687273,0.0842034437225232,0.02341045941656142,0.7027781882665879,0.41678580295291734
CID005844-1,0.010998868478192435,0.03953503972046799,0.004059415630111222,0.0026062718413027825,0.025055680526424286,0.05341235761272739,0.0003160385506997004,0.01906207761294395,0.07739075589997739,1.895761310953112e-05,0.07341144955477776,0.0015794119767928107,0.004636932620341877,0.06479193628246437,0.00013536912420742016,0.00017049933602267015,0.02841150730306472,0.06992259554299379,0.0038582236663431157,9.10106976626391e-05,0.012213353013598712,0.03146569510625892,0.0260750551679348,0.05858967363233935,0.0015363345504776262,0.015728934918189295,0.02920686604632701,0.05407962848928648,0.008829455996439394,0.087022564267729,0.001621124002438453,0.08530926549340122,0.00010824147537573901,1.1575985223452195e-05,3.3046922667499426e-06,0.0024797207439243452,0.0873635560277481,0.009937965049606496,0.008953285750806745,0.6513192017617699,0.46635564556936715
CID005845-1,0.05254973960564594,2.3502204991072693e-05,1.7252965488827796e-05,0.0055392052228059405,0.03313053650581985,0.0020707026911604876,0.001640037108213684,0.03140677076496323,0.0005410316288039011,0.09732047892751844,0.0036617988006998944,0.10507133066561083,0.09326175135576938,0.005198315858489476,0.10464055215172283,0.0003742290985493846,0.0017002896540052146,0.014483857153238614,0.06749721498317249,0.06932613972547942,1.5479666690854916e-05,0.0001485107149526856,0.00015786746525454825,0.0016699076584461366,0.006952793560815627,0.008573675051368055,0.00033901232504290755,0.00010312876365517906,0.0011169120029311148,7.330357617087428e-05,0.00041651572821498924,0.0016250984734765058,0.000929558282376478,3.434819362157411e-05,0.003908312901792105,0.009835586655437592,0.08520704386182831,0.10532357301472581,0.08411463503104957,0.7410308380830601,0.4307537250975364
CID005860-1,0.0214353181743775,0.0002896122326902576,0.004325599295071047,0.0003763049665295665,0.04788798892135278,0.00045587915880014487,1.8954895526008277e-05,0.0005086556987806213,0.10064097960433162,0.0006490499786298372,0.10005916620039464,0.00025991272239411664,2.1611993628874428e-05,0.07374641460097174,0.001931055935971999,0.005772017366180737,0.02404932472208267,0.05141685870664376,0.00659904668417124,0.00014775551179574365,0.01334771066553196,0.005819246990186838,0.02477084327047621,0.0008477481353125948,0.0014948002010943394,0.10105570397524963,0.0002953410625645895,0.058799666909619575,0.09356240778529747,0.00011104610298929001,4.423433839303225e-05,0.10099709566678475,0.003026432505841126,0.020373916618122132,1.0410840176572149e-05,0.01801841229589927,0.100867498937419,0.006747887306777659,0.009218089021939147,0.7016581436450907,0.4763794375137187
CID005868-1,0.009713154753451081,0.006807063283218537,1.848806478302608e-05,0.04972421021974304,0.028439431169361856,0.0007281686468438308,0.0024408250353775305,0.0017003972479042704,0.0002278049084522648,2.1142372198804046e-05,0.0035521363089080354,0.033267451269059015,0.0015970370180369378,0.024721768849981802,3.397710638483475e-05,3.330471541409548e-05,0.06801413384463878,0.0017593938742017793,0.0014273495726707316,0.054780714284525085,0.07287670727160955,0.056438762783362004,7.019262222001459e-05,0.0966089828274713,0.005555391278979064,0.0017052632480947774,0.0019007166742204236,5.541544455353218e-05,0.00048406056802665964,0.09809726576993139,0.06821724727916634,0.007370263275612056,4.161517352189203e-05,0.036193031284450373,8.719921726604064e-06,0.0664048236478942,0.09080761804268833,0.10022100880729352,0.007934961534022681,0.6703529955576993,0.41410533682889894
CID005874-1,0.04566081874642228,0.04655339505129797,9.312484880365507e-06,0.00973839031790959,0.05453570873739878,0.004289405047531086,0.0009384989884619448,0.03829004133575606,0.05970254136361827,0.0013419223606724177,0.062275833076946834,0.022913095556110846,0.009014778450758208,0.044765195634999325,0.047017251453438554,0.008865032751793449,0.0374753042583714,0.03523867494295805,0.0631549405485205,0.001482259619954702,0.004640188306654383,1.5278825994036574e-05,1.2666149465802552e-05,0.061940852815925394,0.0007315671992052157,0.011754494362031168,0.002038599486753475,0.0038127003497480756,0.057155321970960404,0.0063816409413941485,0.00021337520104658267,0.03303880691027966,0.003918328615929776,0.06265582433197249,2.8233836688652624e-06,0.006481540689726873,0.06188195360877468,0.06319520523930836,0.026866430883360076,0.640382509562739,0.4406891175034473
CID005875-1,0.06294216879402031,0.00023117624430846662,6.008284778209801e-05,0.004210402608877917,0.025723721423683874,0.0005132697102905408,0.0006701047573871166,6.915938273606774e-05,0.07143331175173688,0.00018768967423037292,0.07482697000148898,0.06893710713788861,0.0012786569528906318,0.06144499719856033,0.024343235431021116,1.0601772670210414e-05,0.06759244236222678,0.071343481337798,0.07465802625764031,0.04227537704229164,0.00577300202277844,2.2051009494317963e-05,0.014157375433085926,0.04075585072017864,0.0008354656836955557,0.005225617191948953,0.0004370721702457739,6.542307574121377e-05,0.07049969268930784,0.005666778074603798,0.005724653876020488,0.014360205613064586,1.202408398430192e-05,2.317251301821083e-06,0.007207339115915085,0.0010111475610611572,0.07214889914718549,0.07480326138662417,0.028539841204232006,0.673227330683267,0.40807726634655306
CID006320-1,0.05203777707349886,0.030160041266442065,5.1151404243432e-06,0.01347860193105216,0.05572392132616262,0.011068605358598972,0.0012553640739468347,0.004386138231914681,0.04970602016415035,0.05774029152649761,0.05345428208419896,0.043394580666186185,0.0240789293800545,0.05823168387249846,0.05794779553297803,0.0015570083665726309,0.047730751215857424,0.04117773531600525,0.0124300471043618,0.0012757198948658204,0.038729755818779237,0.0019309011550251427,0.011852108536942138,0.05841854287327177,0.002250107968192924,0.02973733658927075,0.0002338434980459914,0.0016743361411429125,0.02152984464227307,0.04131388279558208,0.028989943945748758,0.025628992597338814,0.00029673516342852517,0.00017843228337541798,1.399956467660149e-05,0.0035869032878267067,0.022931989015566527,0.05838186122333915,0.03548007337390575,0.6438346631277412,0.4611449947426103
CID006322-1,0.011478005458186766,3.909297310984976e-05,1.8355517653790733e-05,0.0013474203199344136,0.053544823476195,0.004258233077883706,0.0003178139496291425,5.890078198361514e-05,0.08166683702192762,0.00799455236938824,0.08788505660523609,0.07820166423833412,0.00045795728185511145,0.05141044286926517,0.0011195379864673133,0.000251005455232832,0.0016278925683829897,0.0013986424219692823,0.07144897047465676,0.03275711883387435,0.004412336724360325,1.0647259109449577e-05,0.02766218458783163,0.018023831771679863,0.0004387421162509029,0.017987654392408237,7.0426215842948e-05,0.0030854301714365886,0.08380136303286911,0.00043382803413725176,0.005570030436508655,0.05239134510150618,0.02604148744325066,0.061328332527207596,0.0008417769139491718,9.100603964613202e-05,0.08828828868201413,0.08832287553427162,0.03391608933455342,0.6621135528388209,0.42420232187396434
CID006328-1,0.023715328230554774,0.00010446593228939223,0.0007973818357229073,0.03667542755172506,0.02225434638427542,0.0006439524594117896,0.0007920307005900519,2.2048057541628424e-05,0.0010253468504916809,0.00027471211674720216,0.09290204535720006,0.005574334586799118,0.0001625720153719597,0.029799328140728755,0.010112069687982804,0.0010617579032355788,0.10195727994726894,0.03171243857730422,0.025173848821191988,0.0003150940778803992,0.005491190429937858,0.0001080828497869314,0.06235369647125942,0.03723898910190897,0.0001224431570126053,0.007518564652675423,2.346133740093965e-05,0.0008327315781396383,0.10747640774788929,0.0008316793401885952,0.09566948167659714,0.12399979084885238,0.00032699060182750486,4.9750368551056884e-05,5.2940091778168986e-05,0.0004519642567911833,0.12295841882047494,0.03165719070433949,0.01776041673027488,0.6731444769878417,0.41468748685270895
CID006331-1,0.038306460183791066,5.910291153193353e-05,0.00015453612409913433,0.0005563094797666439,0.060597993565583215,0.054966708029175276,0.0012785474945826397,0.004764099754874047,0.0019982232207352035,0.062469262680323115,0.055054030869065976,0.06258669183095067,0.061781143884669376,0.015748458214971953,0.0636028569068108,0.0011617316058362462,0.06523066330495861,0.060784245903402916,0.0652256924479817,0.02346244720019289,0.001189429610467261,0.028932590406319087,0.0009055608200203062,0.03906329814246864,0.011752515386691281,0.008652771097646457,0.0003409643255585267,0.0035343158676816658,0.013252781290036821,2.9720797408029723e-05,0.00212967973709013,0.009682124809655206,0.001567568156222717,0.00023275674992958927,0.0004838730692781185,8.772845777154984e-05,0.05212526961930837,0.06482309287534255,0.061424753167800196,0.6723597112251565,0.45714816038293793
CID006336-1,0.052481730899431304,0.0001897988878235989,0.001527427889871953,0.0004125055927455728,0.03478460895585691,0.000608091780943809,0.0001536959402389798,0.0014497366696268068,0.07973987816848782,0.0010461180316339931,0.0809177494741129,0.02812293157207439,0.0017490825067762224,0.05583846874214369,0.07286029028901225,0.0011111113441441738,0.04408164255849934,0.011753582933362414,0.05264489596335232,0.01318202067640961,0.015651800732723743,0.0017597813583216854,0.01861741733776185,0.014445894053345641,8.463674059018691e-05,0.013496529253409195,8.163022353471598e-05,0.01728514596845634,0.08154208308109417,0.0011661984635119283,5.450868203803181e-05,0.0803049735760251,0.0008181369072785486,0.030421178666715523,0.0002852277622980297,0.00025139177449859244,0.07813908605349845,0.080025932503373,0.030913077984977305,0.6479338748131551,0.4536809412372387
CID006340-1,0.0349668498565566,0.04253390236752322,2.783967064845778e-05,0.0034316314422246285,0.03406529675183552,0.01576579471116724,0.0008964085810726649,0.0004920364928085754,0.061828758308076805,0.06397206928792559,0.060656836144202926,0.015110981283221369,0.013998464401456393,0.011780578052534489,0.06382723155582219,0.0114103896689314,0.06176830892683582,0.06262506767176922,0.0636109225121918,0.0006018203743696763,0.003702806189319874,0.06264927266319385,0.0003489708093055539,0.06167225926762319,0.006550279118630382,0.011305122646993754,0.0013871983661035148,0.00043049840554635976,0.007264530191118126,0.05979517783666709,0.010200155347340633,0.0016709116283840234,1.0513855621833005e-05,0.0019066291245824355,7.998457236694266e-05,0.0016361690683859627,0.0640015241541877,0.05506687094661966,0.026949937746834567,0.668250342622202,0.44584678889659135
CID006468-1,0.06280572233395959,3.6001427899507505e-07,1.773089563686206e-05,0.014873032918002915,0.011421094404142861,0.0007409098731735095,0.00253940848622113,0.00017036619940267298,0.10234565507031837,0.0007630310251075135,0.09997110313729529,0.04830543887671593,0.00011693898605132654,0.019944180334932875,3.0459740776931208e-05,0.0024070336104788526,0.05885272760179593,0.10133986410711558,0.10081788452203966,0.017806352635278185,0.0012218455558903939,0.022444478717999407,0.008827636045655307,0.03772218746148624,0.00041131595149803904,3.594823229839035e-05,0.00016907673308766711,0.00018336462614780227,0.008848967980549518,0.002299513831812187,0.0006507648922301774,0.011338709428453372,6.66372939700125e-05,0.047601228209131874,1.8620307733930848e-05,1.81784739796891e-05,0.1008591963782397,0.09569615402468869,0.016316881082422754,0.6968121383301185,0.39001146778098583
CID006469-1,0.025196680796282876,7.77550200198866e-05,0.004536071752617079,0.0036460678010561357,0.03564226656420719,0.0011301676894953127,0.0009607797594513479,0.03771158402007531,0.027349236282696848,0.00046094917187255503,0.05173668244251817,0.08108809269837372,0.07531376552934788,0.024082799112868408,0.07047508851662389,1.9755315736044026e-05,0.05448141453537939,0.0071554685661590735,5.42883855113346e-05,0.050652773229141926,0.04138063853454732,0.009636208507554388,0.0009867497671607825,0.007435767615282466,0.0004571452354445647,0.019596768092934296,0.00020222041634671158,0.00018993519098251126,2.03821193910422e-05,0.003655805327739369,0.00782484365495928,0.008605559678955125,0.0011748963866662293,0.001996565013609579,0.009581796592728115,0.08699051054142642,0.07559739347815979,0.08539952570289838,0.08749560095377906,0.726355823852142,0.504647785307482
CID006478-1,0.05843334497818651,0.002802032243782369,0.0002643658189802381,0.005250111698668456,0.041638823005164874,0.0005245788897609153,0.003518558323312642,0.04893224593633573,0.018347649274164057,0.0027614289954944306,0.03915372420021291,0.04292225294528766,0.0479175256134365,0.05546741519828334,0.06207612669452422,0.001128138457797924,0.05607520057062355,0.05403557818754346,0.034085993107506964,0.017262818560990417,0.011460826055039746,0.019458337356385205,0.04337555348902952,0.06049521845900468,0.0005700169576964097,0.011398191113090386,8.829226384716425e-05,4.114219465758425e-06,0.004691416938478581,0.05746044212368329,0.00864005311298128,0.022894737710556026,0.0005935862980115391,0.000314356947337208,3.3198117796343924e-05,0.00021396676983814725,0.05652865417708873,0.059586214731632774,0.049594910458979825,0.6626422343726911,0.48131085036601284
CID006480-1,0.041202008103368215,0.00019913187719168367,1.0420807579742987e-06,0.009601974187528525,0.044469089864699794,0.011594645162168389,0.0023355884127810645,0.042948538370610655,0.04866577164547876,0.05252055285658798,0.02371746933778645,0.041670560633312356,0.052533476409241726,0.033622087226387126,0.05231014365453519,0.05223410704844859,0.04075087956374382,0.039024600311636376,0.050767716283156836,0.010180197702672228,0.0006820720050170762,3.645405955749643e-05,0.017230478032419765,0.05163380637949664,0.007089570684245357,0.044627964205623115,0.00040923030938365326,9.481204568727658e-06,0.0002829517009705928,0.008758860749707088,0.03706495690203702,0.0015816140736156302,0.0005806240894591638,0.0011396944734800448,0.04503681179034573,0.0003322127027342227,0.05248551885187746,0.05258130307829801,0.028086813975069114,0.6921408358688831,0.4561220862754679
CID006484-1,0.05807593909887757,8.952627603392345e-06,0.0035587305824408564,7.376794281456423e-06,0.029249175909587644,4.6008262060326405e-05,1.0717478951484863e-05,0.0017193472407791726,0.07136036879123217,0.03684918812923148,0.07165778103889921,0.03266012403122191,0.0004948553365619325,0.028124350271485184,0.0024361844616075778,0.008206545420230332,0.06205102721961349,0.04423540471021187,0.06608175228156693,0.01683972623471282,0.04536570211620167,0.0028289742710600895,0.02023742779528973,0.059456450536057866,0.0103882928083419,0.0621450527689946,2.4885673565914348e-05,2.382358314946208e-06,1.1987607772532043e-05,0.00681470195464367,0.00025927016653442647,0.002731428584446683,0.0032536786346041564,0.04643235747883847,0.0007317656669401503,0.0046968647886160885,0.06865075762693257,0.07087092116196907,0.06142354207971852,0.7525142015569115,0.5110370242293634
CID006486-1,0.055099062945425575,0.0007021062848985907,0.0017192596971138346,0.0025706174572091138,0.033280133671583154,0.02023804390379907,0.0014198963445390125,0.05086309163726084,0.044960450349623426,0.05869946304897703,0.05270307862940259,0.029473279059487403,0.05625247227755716,0.05766570389259823,0.05749344911285775,0.05284354393405335,0.017999611311065377,0.056815302948973016,0.008678659443989873,0.00529626072862682,0.010368389262512292,0.020411362983540324,0.013848994564329167,0.01606731400603647,0.00980656212973601,0.04009848631115048,0.00032600978670293857,8.712898840803962e-05,0.0015047267111398942,0.004922523170521088,0.0336841930056488,0.006728274543174414,0.00035099897728905376,5.6231414689266674e-05,0.0258169554886006,6.548755280994427e-05,0.057406733491327265,0.053939445799487694,0.03973669513385522,0.6969381812130793,0.4786806103979695
CID006493-1,0.051599563921132935,3.6583315850042374e-05,6.8565451396793355e-06,0.051719926465691436,0.04071577680974843,0.00024258886561174582,0.0016868945083823614,0.05586999400242675,0.05395360165104735,5.9655596740047015e-05,0.05712303223983432,0.02906559521360694,0.03425119374839733,0.05513547318629436,0.055616702892564415,0.006559595991181457,0.044115035006105606,0.052584843869234225,0.056988855772987984,0.014146021125381254,0.004127209078049419,7.206304180009117e-05,0.04495562463380212,0.008862479601047975,0.006784015739564197,0.01338774751321578,3.790378529283641e-05,4.883692246673925e-05,0.01990286085573846,0.024371111737909318,0.010385721273595896,0.05369758278050471,0.0007811681878489735,8.674123620076681e-06,0.008573586663213815,0.002379869303516359,0.050677871833033995,0.05323769176500703,0.03623019043341363,0.6469451736293407,0.44564275362077366
CID006494-1,0.06283876284543843,2.1044331680241324e-05,0.0017275829913675547,0.001977296362165109,0.03313268617858965,0.00021142789626407392,0.00028642942739621173,0.0064839451637891295,0.07576962336514612,0.0003466828164563611,0.07676576546457706,0.024753042340140523,0.0004653557904430533,0.06575619731840238,0.07593270679426176,0.00235824355659312,0.04871164946781536,0.04634426900151704,0.0768909094368851,0.012124003180287566,0.007422177221469273,0.00022905049851957063,0.07360419004657737,0.012185138302771615,0.0002195511306449827,0.0439273890938058,0.000332889117266864,0.0002523986938825333,0.03491135325807769,0.011167302421202398,0.0010987172316664518,0.017223598247445463,3.27647422690723e-05,0.00012226022249006824,0.00010658388321207164,0.0005088829913367668,0.07704175969077495,0.07316592088130563,0.03355044859606554,0.6852342249150288,0.43830598749789307
CID006494-2,0.09326158172708719,0.0007321654082425811,0.001027225974357697,0.007055109197685266,0.01995720609994743,0.0014389426187143243,0.007332280908121976,0.00017310851514828432,0.08558101325866115,1.3036881875924504e-05,0.05389014667731412,0.053681088239372586,0.00042815467296508343,0.042744083188337514,0.021493811837906367,2.3932578232732025e-05,0.051264314248194415,0.0030306502236816233,0.09986316419160196,0.05345045073038204,0.006496069608660193,0.00027299077681258596,0.09660131110844747,0.0003924115512454889,0.0009557349995031756,0.028702767920696006,0.005114969033879874,0.0009699003770363465,0.002032889450825922,0.006226355198110017,0.01690519502643116,0.009442902225824319,0.00010532127145187499,8.172961756777345e-05,0.008384096664353368,0.0018752675050199717,0.08481714283377557,0.09877827910276121,0.035403198549767256,0.6718887832013285,0.4460655171752457
CID006515-1,0.05390054267472059,8.560355454340408e-05,2.4194974661040565e-05,0.004585264129312678,0.027191549882723168,0.0032020088479303745,0.001104650773954738,0.06434535641851266,0.0012770534769384375,0.06602390568381303,0.05132750323129193,0.049926398519689545,0.027951566288724587,0.03748328054627945,0.03927177181991164,0.03246040128217187,0.06059420950336973,0.048027575572870296,0.06617064091235027,0.013005532183128572,0.0003897672474339024,1.835434307906225e-05,0.020820939347272915,0.06579158706811945,0.010676415843270963,0.0031238023504184037,2.384845686038636e-05,6.269211821186211e-05,8.451135666044314e-06,0.014637564948288053,0.020805167010599646,0.003094464621008719,0.0005220970798368976,0.024887587781889212,0.002185185044781002,0.040866982668342586,0.06589994830128046,0.06521935569503481,0.01300677866170749,0.6662664142722156,0.3971496176714753
CID006527-1,0.00019489084506825016,0.00011441612740666818,5.778705740467594e-05,0.06650908325571105,0.023169084451615477,0.026170389019427694,0.004563101856212667,0.040571163260091365,0.09757253430974373,1.3846780340252276e-05,0.09660587893323169,0.004855614121106348,0.001030341332559874,0.0629290286747188,0.009808983625244641,0.00207103024650645,0.03129508006402464,4.590815614974405e-05,0.010448432331383078,3.4301811995887164e-05,0.0016368071908074776,9.104931983603393e-06,0.08627693946225179,0.0006017614976026666,0.00027832960642039845,0.04940070933042584,0.021650928506484507,0.005287037551686484,0.08573279669089684,0.0995879073447212,0.015056667415417719,0.006577880105135509,4.4869313828364426e-05,2.0947308302576588e-05,0.0003652305228468547,0.0003449169111782347,0.10053720032663536,0.010747440163281519,0.037781629560150055,0.6365707942883159,0.3157936659174134
CID006542-1,0.05872476253109745,7.949046603047936e-05,3.0142546255106724e-05,0.01450930659800863,0.007983929101265186,4.845769925932167e-06,0.00092211182531687,0.06874589999922437,0.05695460019841864,2.8362994188587643e-05,0.06911987575694892,0.018287747310297062,0.06933097512072299,0.06890954391234548,0.06905162187400742,1.796835510811315e-05,0.06070360397446082,0.06965860263698685,0.06965658989827372,0.005065967892879545,0.013678303290374356,0.004850734800904465,6.132905492870446e-05,0.03754048562233657,0.005988879134192038,0.018210928191660453,3.900695627342782e-05,2.0417209455631436e-05,0.011594724371764092,0.00022545978330286957,0.011801587002226055,0.004406157182453407,5.6116936951929395e-05,0.0007404058029939469,0.0009212636192313163,0.004042991205053561,0.06714119243255087,0.06794243018942318,0.04295163845216079,0.6897301159126115,0.4770044013099597
CID006544-1,0.030947092789270183,0.0003423855459377166,2.5539705112220208e-06,0.06336065834953113,0.04008311544783083,4.641728960867209e-05,0.0015311560693258835,0.0017330642478456,0.003613017349923873,0.0017045270970234931,0.08981741994171132,0.05044165247314258,0.0015840626242743937,0.04461900563829599,0.01029963133408243,0.012325308429512608,0.0863612578315855,0.00043310732506715035,0.06531521236403877,0.002278148182280955,0.004433220652570307,9.62606012358606e-06,0.02442012575553407,0.05900274522701667,0.0016242162348044584,0.038774107972412916,0.0034711890133214463,2.6480721274197324e-05,0.009221898359032588,0.010408494529578555,0.0071209990992464655,6.0872437435864735e-05,0.0004511272563772575,0.03730646407126627,0.00024397202268599456,6.413563389579583e-05,0.10153507998160537,0.09396419056176691,0.10102226010925096,0.7294210704065128,0.48605247219435377
CID006548-1,0.03819552780230614,0.006639369710756975,0.0001814474632959927,0.07688699354674389,0.01769267012537493,0.0019497191869473976,0.005375746351622564,0.008795030223639404,0.0014334561044583895,0.06286876570805054,0.07578147040525351,0.012293752649027068,0.0022542227409308342,0.007223277039073433,0.071442811946164,0.0020806304800665594,0.04139626396471521,0.07180503061542863,0.0771078443485286,0.0014691128670177849,0.0694317462657726,0.0399681353710129,0.0009982902980909091,0.07427379940291982,0.00462988975628625,0.01127925990866515,0.0009582430366826446,1.7697636418336223e-05,2.6683905705785405e-06,0.005414856933323854,0.07409421032716099,0.00010293820881653632,0.0006740692494141513,7.78202597287072e-05,8.256313994728423e-05,0.0014206261994536267,0.07708038374323808,0.030867706111305217,0.025751952481790547,0.7171585198720878,0.43767064681160583
CID006551-1,0.028616118552231888,0.018551392429631646,0.0065475300154195495,0.04109356567980938,0.040818741996573926,0.0005203493586703456,0.04517973353924691,0.061138786987709894,0.06150004779184685,0.06182253104459336,0.05284981144572923,0.0057299516572561614,0.009477675694048783,0.03829687272981106,0.05275420684022526,0.0012245817208147143,0.05582322200583408,0.009600547639046015,0.00482999482532505,0.0016373900562843455,0.0050827050891401005,7.1077173407548685e-06,0.04089527488431636,0.05481967459653204,0.018794285172688687,0.050966942804916676,0.000766404472662498,1.0932395482736848e-05,0.0369450437026782,0.015221763409186477,0.05924193977753898,0.0033588668724721417,2.2591977831217236e-05,0.00014769232752286156,0.0002867025860117593,0.008495420725991555,0.061955939542150076,0.024223708016438188,0.020743951918990335,0.651108714812243,0.43161459209056985
CID007329-1,0.028896630872544484,0.0008855419167365878,5.755797555413144e-06,0.009581738788761016,0.029049315430906945,0.02219604880682715,9.361147487889736e-05,0.03805349126100233,0.0031125984128097905,0.0013742068402478268,0.08147850128147571,0.08178542934167884,0.000728024503837806,0.01194705462508418,0.006499079131487328,0.00011443953792199629,0.03449269345361992,0.0015966309283777075,0.000231190115395457,0.01880302291608711,0.004448692915879201,0.04311596800012782,0.001517889354491687,0.13478685879860466,0.0017301709739823395,0.011592611978120556,0.0003566921756030188,1.8212860810773344e-05,0.0108753187940433,0.04243496511204729,0.09552076295371979,0.0023772937035490146,0.00010805945755129006,0.004995129651824186,0.0004452592127046117,0.0029028409620670236,0.13462690934647625,0.12719178816313528,0.010029570148025172,0.7171895061670261,0.46653102904151433
CID007330-1,0.016356478903024916,0.009296967742209483,0.00410236815141372,0.03701371778901257,0.027122104867496992,0.03587358701705085,0.05415348717402936,0.08315704153597232,0.010658435027675302,0.002000471981206597,0.057131427073101565,0.07917314536028008,0.02716502875139339,0.07698070738177658,0.0843378960624296,0.0008289475570162747,0.030471552270290303,0.03103476793810676,9.380870465503528e-05,0.020491644007734604,0.0010781702270372853,0.010290356159870947,0.012964238149778559,0.03799399526386838,0.009217401613150591,0.014677294883793894,0.00043761607185606634,0.0005781833509585628,0.013804421560856149,0.0010682719072536474,0.005220263879735346,0.018620584486120636,1.5645973505430548e-05,1.526149106666783e-06,0.0024602430229200833,0.0032882536730731715,0.08397244539737243,0.08426049214386826,0.012607010789998024,0.621678394122194,0.3151135729859835
CID007338-1,0.03231064014349511,0.010116881662984935,0.00023130754892986203,0.0005434309586970736,0.04095773966094775,0.021435148802974646,9.076945885796329e-05,0.03713364477576515,0.03713639172349784,0.050275314147365024,0.03336046260209519,0.03957309519833028,0.054386551715911724,0.03494886499462228,0.04632991651244074,0.05554076616991883,0.05354211577845436,0.04815927007955644,0.05583642079412776,0.015376569647455228,0.007340918907533358,7.311283586772108e-05,0.014105663838269401,0.05370668064881639,0.0010533299493767617,0.03499619769084491,0.0006815128680985673,0.000634070983302253,0.005892004525717686,0.0321045382571482,0.007008990371304153,0.008413676782015607,2.0375094606001087e-05,1.2231978654097836e-05,0.00010390441697262716,0.038985764861623286,0.05660822536304246,0.054915875891772055,0.016057622358606197,0.6750618991194975,0.4146861360735713
CID007346-1,0.005901879230571247,8.075166451490785e-05,5.710528405634794e-06,2.97927793187514e-05,0.02299954828982805,0.0022604876798914706,5.085315093767975e-06,0.004755651732670407,8.737989046190349e-05,0.00020854004988509774,0.09580031728925437,0.09601121926204527,0.0156103135663143,0.06782263438506263,0.09781777702636772,1.2362516549730611e-05,0.07334674759535283,0.005518235493505493,0.00018430377963226673,0.023868205441808597,0.010191081242452714,5.888007351880924e-05,0.006372281301794361,0.04401179915570065,0.002002659884349929,0.0055396649754813395,0.0009896289207070239,2.4092534229659074e-06,0.039450845799199455,0.003195394543506592,0.0024979206127475452,0.02878322029285061,0.021373280852193064,0.10049894167685536,0.00011883869100881008,8.998066280018585e-05,0.10216664627799825,0.10211211395961717,0.018217468307260887,0.6623337503685582,0.49791792170842575
CID007352-1,0.08911448457624498,4.894502507433341e-05,1.2733524728816135e-05,0.00039550418978594843,0.009824859771894826,0.0004344641685740075,9.10312578676695e-06,6.632027169723723e-05,0.08778397546979749,0.0002505637628912523,0.07337403507469502,0.04158912822649409,0.0006551047507446803,0.0085305785132881,0.0003057131664535564,1.8035631780752675e-05,0.0861922266665057,0.08218616746010222,0.08712480695302337,0.049446354806630934,0.008836299479434097,0.0022283724748974622,0.0008384733743217697,0.07569945993775326,0.0050180476300452715,0.005330254026369632,0.0025894182827068003,4.986280316170934e-05,0.00027350188090816005,0.01927144825284426,0.03883519553439753,0.0016743059057635382,7.739727966200048e-06,6.918206196786744e-05,1.3785897845416972e-05,0.0006426562770855851,0.0919912424220108,0.08750144069551495,0.041766208198811626,0.6822767806567512,0.4125674854785869
CID007358-1,0.029840768038572184,0.0006939190376100007,0.0005191438217121869,0.001709191273045648,0.022531761960360018,0.0564871730501817,0.0002817853392440152,0.06216333339996584,0.0642020001948447,0.0003548930094646664,0.07978674611283788,0.04444088624429746,0.08276032258090937,0.011347205714826968,0.0018517975109067645,0.0008325280957371616,0.0855114334248885,0.04819340209630565,0.08675234052119561,0.01315526055380741,0.002217257436388858,1.6336764819096774e-06,0.01155287804627021,0.0593351480647493,0.006960195501829001,0.007690916509366091,8.454348812811922e-05,3.435722304798015e-05,0.0021416789935040717,0.012685444774144206,0.018350693953531918,0.00033022927513903544,2.396574490082505e-05,0.00012780262492710894,0.00040654290472135206,0.002869679116769078,0.08273738879043242,0.08536837937714346,0.013665372517811235,0.7124623115577889,0.4397131814829732
CID007659-1,0.05605570892638931,0.02463596848444536,6.236443482495227e-07,0.0004800960845308857,0.03426402703586587,5.3469395367040226e-05,0.0001588065962546164,0.06282477553963825,0.0058036898949866194,0.05685069968006011,0.014327898338371087,0.06142687011263526,0.06472423662511595,0.06644342564625812,0.045183963121216315,1.0344401101568203e-05,0.06627588029647731,0.06539766664199116,0.06688262465225643,0.022446088120110865,0.0010899901459290886,0.009545781130649297,0.0010993943818046147,0.02877739479171077,0.011284277389477898,0.0024666272366109764,0.0008032752768924364,7.451132366387103e-05,0.0012275720440544323,0.0009050220763588351,0.017837813682582138,0.0005439492574443486,6.167595444762295e-05,0.0002992220478830875,0.00355717069933635,0.0593971083923422,0.06694560170331375,0.06628308945494027,0.013553659773137449,0.7122869011763836,0.44476227113731026
CID007661-1,0.019055720418364164,0.012226179754530393,6.6597908334297865e-06,0.0052741338192356406,0.03285180945999596,0.009497617100307129,0.0013618966227182424,0.07438481957161493,0.007211345510472815,0.06835461448802276,0.044281643734686786,0.05281640841076626,0.04017149916804625,0.03941500419379742,0.08500710907227045,0.0002774450757721801,0.037695921136685864,0.002971246831935029,0.06991004556391615,0.01335058449865442,0.00012084532816569819,2.548567478755441e-05,0.022766354861927723,0.08512558877235282,0.0024653917718371,0.003355338574638265,0.0018245340885636831,2.9304067389504095e-05,0.055013155329957736,0.005851465708925055,0.02111314346710399,0.0016433440747960098,0.000985058609098417,0.00018252675213451588,8.315048860476871e-05,0.003164494915004028,0.0847697670239042,0.08147977176982997,0.013879574498352663,0.7001551647702084,0.3896012394377818
CID007664-1,0.056034072799483484,0.00018363912580221978,3.875959184934019e-05,0.0021205103753686927,0.036438680428074056,0.00012298526144452859,0.001592799058834151,0.057828262558392345,0.05006685865590589,0.01148910473816662,0.06002747104719894,0.05110041005936373,0.04751756228572656,0.06106732739312668,0.0003393046984294046,0.00038534341473317143,0.03435292584268359,0.03448834497588188,0.0005414669046633946,0.014007654817252673,0.035100364699082454,0.0010445601255019508,0.022445432588614374,0.0605984943325673,0.007319514044295435,0.06033643990692796,0.0002420614415319978,9.966241145307004e-05,0.022374414735734552,0.02379869684565855,0.0017179158583843397,0.011097104354275591,0.033858051300146755,6.450133086628536e-06,0.00031175224668591843,0.011827114213739276,0.06647760074789749,0.062387651129534163,0.05921323485250073,0.6598409960249007,0.5689664710423507
CID007665-1,0.04347648271581127,0.013139759117049982,0.00010977872310453192,0.05985398663356009,0.024658249732856276,0.01458127782145611,0.002223524020776259,0.015403265949667651,0.00018132164818079132,2.822787412641354e-05,0.06213808161508473,0.04732174088543848,0.06194906666309566,0.04622064760180522,0.00016065148959788797,8.455244220397186e-05,0.06160085529471198,0.05319173919187546,0.03403041828000761,0.009126773892430589,0.03560705015537814,0.028092168573406514,0.0296937201722431,0.061831008321916306,0.008276790370045438,0.00871000034108915,0.002458982583372412,1.4290646102975724e-05,8.422996157599797e-05,0.041978827289035035,0.04037979381334151,0.0009472110429461913,0.0012024485260833915,4.744407823323136e-05,4.985862191762181e-05,0.042961198706322715,0.061413654502932485,0.05775250446069772,0.02901841624051917,0.6888652216305408,0.48674909759619034
CID007666-1,0.02616633720133755,0.018596405100046544,0.0004870519648703919,0.0135641532680907,0.038935074306413166,0.0013555306981669752,0.002626734721243314,0.029575899519432708,0.0017972893414742962,0.002834925814428901,0.01187518895883862,0.07931920181486263,0.07168751239967619,0.021467233203168342,0.048955239364689165,0.0015056673480408234,0.054595134587686646,0.03177352165969726,0.04995526472980883,0.015937819913205642,0.013276133683039856,0.03192115233653046,0.03188803103907895,0.08367771969985408,0.003615158578340818,0.006704209148897624,0.005280186811826031,0.00017803393371911697,1.265422061859761e-05,0.010295992264170562,0.021160232585233026,0.001646752845919238,1.119243728565303e-05,0.0019343913568019779,0.0017397327630700292,0.08307473008608927,0.08358520473601694,0.08362850616954767,0.013358799388781315,0.7437065926648166,0.5077611869687139
CID007667-1,0.06515423341641975,0.0018576708512677389,1.3341807377902649e-05,0.0004614504510291628,0.02173146252908587,0.004438850965961233,0.0007185968353188301,0.042856345661362386,0.0025458647408607296,7.154329236479461e-05,0.07207933319055702,0.054152007623606564,0.03903389514663129,0.08062385093056287,0.08567959942282212,0.00015908746249069982,0.041880478996435135,0.03332435560015247,0.08063915758771066,0.043762458608019646,0.002679093415102462,0.05403539649509835,5.81846171827235e-07,0.014557925979791164,0.00720454152411706,0.015370606049927309,0.0007008606412351798,7.356374359874554e-06,0.0012262073413946684,0.018380057114918226,0.004819574804098318,0.004988369369709592,0.004782326813749998,2.6108892463584074e-05,0.008502695573837702,0.01089890474709743,0.08071961985978277,0.08538006284250457,0.014536125194603256,0.7413857164610933,0.49495448378281126
CID007672-1,0.06463823857776602,0.0006880249648484237,0.06202506777804069,0.001591195052782795,0.00923803045379442,0.0016535675025433248,0.012136263072265143,6.929644771081899e-05,0.05826375090407962,0.0004673841084469043,0.03408238401561403,0.03592587100863618,2.1395731506252982e-05,0.052099263347506974,5.3538005079163837e-05,0.0001278837900720225,0.07743570710530746,0.03568644753123751,0.08244575722372041,0.016773094035795185,0.0009127885455705892,0.0005195333829386135,0.05115333071669442,0.07789702610452312,0.028886460303077788,0.013068722679979206,0.002060074065649567,9.599236956820804e-05,0.0002769742270938448,0.01894508297661306,0.04722806632489367,4.3086179459728084e-05,0.00021450707493421293,0.00012116880295288302,0.0005465553126388414,0.0007572327439358336,0.08451096105196314,0.08253196818726756,0.0448083082934922,0.7002239240092757,0.4308060711168086
CID007676-1,0.07074270436230991,0.00013888234024504186,3.707083141751529e-06,0.010568138782984756,0.027389804754445017,0.0003143417873900073,0.002872219966981112,0.0009865883565152846,0.0024759970063752005,0.00019326393962294311,0.06704726987818353,0.058401528168555185,0.0007558510580060267,0.03684402045883787,0.00016529933477801696,0.00045404711083835847,0.07965105397213901,0.07640187168581211,0.07308483398383048,0.05186914450612755,0.0022557880124879173,0.02812058440593138,0.020418833753479502,0.07839476181532402,0.008294768268525503,0.00095983797861797,0.00019459809013621393,0.004678756920298844,0.07758470198789429,0.009149317950363094,0.003462034140966876,0.014699092620254529,1.3691340207026963e-05,0.0001720971037669717,0.00033179491853895383,0.0018122647815781946,0.07787458820139671,0.07973857337337095,0.031483345799742046,0.6460768695036481,0.3981205805522563
CID007681-1,0.032731832042005575,7.066916406577512e-06,0.0003534402202437725,4.43086178803385e-06,0.016541563680605782,4.1882221019668696e-05,5.105008698693838e-05,0.005097376964595684,9.249109492187408e-07,0.00014807085297107605,0.0021722031928621084,0.09567339357569679,0.00017458706292882516,0.08497652366695861,0.0034137271649277174,0.00015846848536218804,0.1073744258857588,0.032311491610200214,0.05174124203988826,0.10603610561857901,0.003731142516635996,0.010572343583868021,0.011661251746754673,0.05161010637637042,0.0036058860286165536,0.0026621648640250315,0.0040020027349697,0.0002702310088486037,0.00010848033323350504,0.00015845503144934522,0.0028270960572090464,0.003452439540569884,0.002995773862389507,5.78164273174458e-05,0.014651956086414408,0.08877778119260278,0.1261719986532713,0.12540568766466062,0.008267579230058214,0.7266636211359829,0.4827139782519767
CID007688-1,0.0005936093966214467,5.051334057899633e-07,0.004670993078044611,0.010772059050157039,0.007232817531339753,4.0553615706336484e-05,0.0004088297053110345,0.055085980876937876,0.020975422231878697,6.28656578150253e-05,0.01923905509909508,0.09331386571324989,0.10228313579586054,0.034625974833599533,0.0004532548245340243,2.3673362009672224e-05,0.1079962663027591,0.0005137688852376627,0.0006806366658455197,0.013823630026661687,0.0025872029895562493,2.3844318116831463e-06,1.3746466351539666e-05,0.03369580372986016,0.007948206375690624,1.0010377792882414e-05,4.402420994597765e-05,0.0036930709293233194,3.3802240871881874e-05,0.004702917479242136,0.034967294055842854,0.013472404837288723,0.0016092959416232919,2.2201150491502143e-05,0.1049337404197248,0.10325940399245098,0.10552220394368696,0.10808183086318685,0.002603557779187126,0.6075446339588257,0.29565931041751314
CID007694-1,0.015661263090421925,3.233781365635321e-05,0.002077347555082859,0.008927582443506244,0.013392530367964632,0.0015040451476692313,0.004323294392556845,0.03014249616466935,0.0017404978503655164,0.00021873409820426663,0.07063453286587647,0.05950108841571121,0.046036473551838895,0.012611045347887555,0.07427621614227747,4.3824726724025276e-05,0.051086754961624015,0.0027680627649272057,0.04367916228313885,0.051771740410720565,0.004640917705229717,6.504433115912582e-05,0.028776812197299672,0.06017274043105992,0.005547226050264413,0.0008769793592442759,1.4626238491540246e-05,0.0005381560572311388,0.014766295242811483,0.0718343871809278,0.0027999904887013112,0.0025383358458091936,0.03865528299858921,0.07372852306123041,0.0007930363132194943,0.04640584961582335,0.07368574994641866,0.07412668828273505,0.009604328258930787,0.6605334282801145,0.4010060715180803
CID007697-1,0.06314897680050248,1.9234647392115843e-05,0.00031914969331310145,0.0003485076097254958,0.027098357196792072,0.0012009157215179785,0.0001304861982421273,0.06846846138380008,0.06643813239980505,0.0003479835076887741,0.06788071743678654,0.01999996615268266,0.05974538604694961,0.05019275807987822,0.059084585912516564,0.0007950580399035401,0.016207578844346184,0.04364330269041501,0.005986170129216515,0.002713258742869783,0.021577729280799058,0.02703847444693648,0.0537893739265831,0.0033325595162137234,0.0002592093164292014,0.055349334375220736,1.71314384253045e-05,0.0025827423477154513,0.06574282156836729,0.009073340682275123,0.00025410463168036985,0.060104498652209994,0.0005965527863672863,5.359254402359346e-05,1.0874647377292582e-05,0.002414769766362215,0.06913413463419511,0.06448825111736194,0.01041151708711306,0.6239089386325567,0.506713511444571
CID007704-1,0.054759892749086714,0.0001981234203731981,2.07449380200296e-05,1.0617907500610895e-05,0.06154989139409159,0.0035764491499822868,0.00017087036201034184,0.060180198697173046,0.04544092067069227,0.06182951951022695,0.057412891022811316,0.029870503273820986,0.06204437119828805,0.024269963672492397,0.062060623580498395,0.0050518097734598595,0.043803178600270325,0.028943044278531123,0.039624293812994565,0.0007592563573354968,0.014247263396131915,0.0002058816719772421,0.015550858044838411,0.06126508248743787,0.007074748926823885,0.012220245154924519,5.36288165388558e-05,2.314837525302138e-05,0.002167519443615677,0.027724815287710886,0.010073685625900077,0.0013715961207384807,0.026346361387316976,0.0001875918013778302,4.8601525422262066e-05,0.010077384258200473,0.060480151437416904,0.047477394468303735,0.06182687740041129,0.7183359795649683,0.459995238648222
CID007707-1,0.05776730102906715,0.0003693490686934658,2.154759980594584e-05,0.06669893104895135,0.00804824689572462,0.0026517825227885634,0.002729522863713857,0.06006102360486411,0.0007197483700624865,0.0003079663554289426,0.07904644946587085,0.042557687526360355,0.000727797258753885,0.01596793035401366,0.00036938667883159394,0.00027036544610642383,0.06008542150145921,0.04880980809589544,0.08203638851364017,0.04796829422280192,0.007035316001603376,0.00814213580630834,0.000753195634683613,0.040223937757452165,0.01153158847074567,0.0019067146220819364,0.0011151942563850732,2.48288101738055e-07,0.006251059116190283,0.01855021174139611,0.025737558146805985,0.004836419325863878,0.023159352524491143,0.012805863476520414,0.0029693833054056963,0.08070060640047998,0.08164358533925976,0.08220954995469507,0.01321313140869595,0.6012063786862142,0.35513018443179933
CID007825-1,0.06396301415482729,9.417840336756928e-06,5.4983397507142123e-05,0.000252104355962853,0.03373845154438599,0.0004400509650614558,2.476123915566609e-05,0.00014618681967852384,0.00716276465488963,0.0003948042158701663,0.031175467738781663,0.04280239706914644,0.025673245432689416,0.08823090742626923,0.09163000705725344,0.0002613075412985541,0.07220344835870339,0.08123086599893073,0.06422902927806891,0.018527835109819892,0.013075769352150343,0.002126085136131015,0.0011498510936313916,0.017571578053206256,0.008489323522945175,0.004698400230002632,0.0004461163976463961,0.0001818409511347093,0.0005173837260219423,0.0019790589834937024,5.673752834610058e-06,0.003664943526298169,0.005156788947076414,0.09059377967790924,3.080819483615308e-05,0.00013595827392415643,0.09181039433572424,0.09161033145902281,0.04460486418737354,0.785797129109334,0.5305640000264638
CID007827-1,0.07521210326497577,3.873290002415709e-05,0.0001268908145737259,1.2670847463867755e-05,0.017212649461089212,0.000363102098303175,5.825097087150795e-05,0.004231043313197263,0.05338325377500075,0.0015574934882332332,0.06786650509331937,0.08207648583346303,0.0002016737312853063,0.08159695270152205,0.038554105866654594,3.1839952123570725e-05,0.04177403629169533,0.05344550400584118,0.08567243566114935,0.06696578296294436,0.008142826260229379,9.82588577959132e-05,0.0004431477815375181,0.014026434496080332,0.02030922884056711,0.0001848833235861362,0.03175539117345079,6.048700385642261e-05,0.007042578230098402,0.0027402254568594415,4.035493881703135e-05,0.00029501069577497394,0.00020718866874586331,0.00013834305604575669,0.00032606801295095053,0.0007256810509561925,0.08586116275766704,0.0886342518088869,0.06858696455236336,0.7353907876025353,0.4685969938147633
CID007829-1,0.029786374258439333,0.0021494480584653146,1.095819972531954e-05,0.0001982893105156359,0.025124493960653624,0.0011133850070533403,0.000680692013138474,0.07135470626491677,0.02541852072139668,0.07281320080570254,0.0693983628171474,0.03368328338926217,0.0707031182594439,0.00635329335815076,0.07341428792382763,0.014293831698364647,0.07202183509818207,0.07298924939061252,0.07339611989842136,0.010406600406631371,0.00029164183625706987,0.06565977765566919,0.003527078532811906,0.0010103732860211015,0.0027830528587221718,0.035305978741852775,0.0011854243176091781,5.7259035499609344e-05,6.9232276490947e-05,0.008961851599053798,0.0009318857205000286,0.0003381867195389337,1.933169403765421e-05,0.0003142162030279423,0.00011196405202583775,3.895856247979783e-05,0.07112097824117813,0.07158093300568742,0.011381824821485531,0.687126274455773,0.3928770010135465
CID007845-1,0.07126455532724658,0.004972650604294889,8.957509263070517e-05,0.004518809107829799,0.036999592623312816,0.042446151614575614,0.0028342878812584343,0.001615472550806341,0.0714149855306122,6.536348381897614e-05,0.07413978947017168,0.03759211379709927,0.06611276391483019,0.07127860263863657,0.05216387810747246,0.00021164477308400565,0.06956685074978905,5.536238099972689e-05,0.028328061713536957,1.08913227126498e-06,4.396649733122231e-06,3.5906366155287145e-06,0.006996195602464093,0.022446175760855912,0.004465294463140674,0.02206260794221783,0.0005267285255254329,8.467253066437249e-05,0.0002950324211026702,0.06431312048774467,0.05300541719693491,0.0012157954899890719,0.0006441782650519681,7.44858160798999e-06,0.00011101549004767123,0.00024250673677674806,0.06583117935669218,0.07195148451510262,0.05012155885345507,0.7059331420987417,0.4616925703256155
CID007847-1,0.06073996023107408,7.272150557764474e-07,0.00023265375622990298,0.00022878747996537332,0.03126701457070333,0.0001646055075680127,4.1809803740899484e-05,0.05541285684439158,0.060591067270264656,0.010415851033072673,0.05685025491981487,0.032655589635114994,0.05658989992061954,0.04882433265560853,0.061596297125317806,6.243111912724199e-05,0.01566648207490572,0.058219480536299675,0.062473426668542595,0.009615994492270245,0.014017008486354867,0.030905492783957867,0.005680522146800291,0.019047479930951634,0.005199716099388623,0.016594612906424153,9.075272508749334e-05,0.00012309374543291145,0.05147844970835913,0.002025493604748836,0.012153347998646393,0.010589469214181963,4.8731855351927355e-06,0.04308916974888688,0.00028612424507645063,4.032826602875331e-05,0.06257572429822304,0.06253629942637634,0.04191251861985154,0.6592765477648894,0.4930300906105787
CID007849-1,0.029066205787398706,0.001650677639160479,1.5769534759289263e-05,0.0002900391095818344,0.03258123878821198,0.0007878622550512595,1.939345554389767e-05,0.07690760486218345,0.007717389201803465,0.0072608185763764635,0.07062963298802295,0.08484662152709234,0.06894596853819773,0.0003246236191885914,0.0037839510960393386,0.0009654095566915524,0.08362982480992613,0.0033551099072601275,0.0842094989044233,0.06426788043823216,0.0034846307187081163,0.025228645493492113,0.00019037970699565146,0.03678941187930043,0.0038956754913422086,0.0005631910254015594,0.0005753527949048401,0.0007036895587109211,0.002551029265350016,0.019403205416909115,0.010500214289483641,0.0027362644148727234,0.0002508370224323117,0.0005010615960539154,0.00015099188534044105,0.08371154977510524,0.0863283103430969,0.08632799499533371,0.01485204373202129,0.7024472264501271,0.4323929854068804
CID008109-1,0.0628233401140451,0.0001297460043825709,0.00018852877152818838,0.011204282964941425,0.02603751823985919,0.004877610111902551,0.0011187497648583113,0.0018626836322661233,0.07321277312560133,0.0031174425003857487,0.0752276275409527,0.07291134243530328,0.000686934796628927,0.020490568539536947,0.07055482393361627,0.0007879271272035295,0.06827979743745585,0.07473328032972125,0.07453950234806908,0.058411570612131584,0.002637010062443793,4.533520002965929e-05,0.0001640755714816641,0.003970039288563197,0.0057812677815284215,0.0013897156718513139,6.97192989401812e-05,0.00028377011987491,0.018796666748424715,0.00012687982366262372,0.005028865273209596,0.003451561226644835,5.911051419221948e-05,4.777669313247518e-06,3.241106276050278e-05,0.06398088163943758,0.0751403596722099,0.07490352507294666,0.04293797797209502,0.7033308073849545,0.36160494727544257
CID008114-1,0.06341312449607782,0.0027930956527179277,1.2441748610066586e-06,0.00012374355375157527,0.001916072917830146,0.07199671346896132,9.10375800912322e-05,0.0558915600481723,0.07179049940686366,0.0002817569586125813,0.06863882026458619,0.04636750016997428,0.04942630007611656,0.01043842612304206,0.05338619305685832,6.708960664834928e-05,0.07202345186086877,0.07153365618854741,0.07155401696068436,0.01859190670871638,0.0026363442287106104,0.06577291725329075,0.00032106144439701537,0.02123613577392595,0.009932019891944994,0.0010222218563217123,0.0011271403495936166,0.0004163850265323053,0.0006422952000167867,0.002669886122665884,0.006258548220398662,0.003053243467771499,0.000177584403290901,1.6025731579867483e-05,5.359134021908854e-05,0.001874770598377154,0.06906447927902937,0.07133160617572723,0.012067534362224375,0.6918099994658405,0.4021456762413904
CID008122-1,0.0586386255769488,0.00014427428490517978,0.004345906215936599,0.0008799189106234508,0.02388640981065036,0.0002561085514751892,0.0005497402448637,0.0008543335616857505,0.0036874370066949224,0.000185740911537987,0.03914194323613616,0.11450960515543827,0.0011937305580079377,0.041961065428006906,0.000824716912162734,2.1741061527521363e-05,0.11803753902054903,0.000806226226828048,0.0003485838065448124,0.04879208196965101,0.013999486820839607,2.101802224697193e-06,0.007353263840108363,0.10499662854350292,4.3449091154595906e-05,0.030606104701474717,2.6343158554163747e-05,1.8112721750002404e-05,0.005176479742987959,0.0006315156036588149,0.012495762621489857,0.005176358003582735,0.01194434111142653,0.0005490174729357838,0.01666528863625788,0.004071770302909115,0.1290474510000868,0.12925965186821878,0.06887114450666217,0.7440902860176952,0.5005172107769017
CID008457-1,0.02521149062452336,0.012053068233582277,2.1277531142491913e-05,0.011583248366879914,0.03569788033073626,0.0034599023159578523,0.005079265674101871,0.055137345862324626,0.09284384194837567,0.045617717008951834,0.09008676225984062,0.012388748234256309,0.00012214655492286258,0.02317868742282335,0.00209967235357517,0.0008681969381076968,0.04751968293800779,0.01449419848451428,0.025773395860433014,0.0018596674321678113,0.002859024951296762,6.825910167823487e-05,0.0018368624589627323,0.05506166544976016,0.0001142214136366215,0.09355111654899198,0.0007559380217033394,0.0009366883891978639,0.006850218622568321,0.0935242590767595,0.06586113537787397,0.02113544181854154,5.991149963791832e-06,0.002345865508650738,0.009320320122668625,0.0011423547589474508,0.09445196612990865,0.01931599056628164,0.025766484157382943,0.6664584311123339,0.4427172399369963
CID008459-1,0.01199645622221641,0.0012062390299659809,0.00012337297079441465,0.0731557721291064,0.023504310494014486,0.0055738175743359954,0.06740338191172691,0.04338885467923186,0.04249732055785885,0.0007649597752153314,0.017651933999566924,0.055473799045878784,0.07076634758508656,0.03458877225834244,0.012207777275529555,2.413843655972736e-05,0.039393086989693654,0.05465042740156187,0.01866694358289393,0.025074726281268,0.04005570153645073,0.005101058266195102,0.004837076147048959,0.07497057425216953,0.0007703172727813401,0.021035751682861595,0.001911192850128172,1.8604911351144802e-05,0.013352221670217967,0.028934439548434342,0.017432067615886587,0.003798759825466928,0.02283046772315391,0.0008377478037014834,2.5499302609725073e-05,0.005656731609728008,0.07407596494765614,0.07421399058182397,0.012029394251486402,0.7035861123800822,0.41982739850232864
CID008460-1,0.04874330722447596,0.0009738796799294166,0.0001550508083261192,0.08648046671920515,0.0010713506168556581,0.0031732450212801073,0.017496718177632573,3.2929527205507646e-05,0.06750924485475988,0.00013836859715610623,0.0032211047568918055,0.052649893038543255,0.00012585381309364237,0.023358858446418992,0.0001142169383845619,7.376898435545629e-06,0.046783520030924064,0.025762888633542102,0.05833067868909168,0.0269817367616119,0.00015519770293955675,0.012552048082789456,0.06176033132675313,0.08498460234376295,0.00729063569167119,0.011824947676952434,0.003609064185339605,0.00038372746778979734,0.009674119912488488,0.017799565038657688,0.0876638795013464,0.003125040235705052,0.02233839000156393,0.0005076420019847802,0.0001576751595631994,0.016688357946525293,0.08705286249809717,0.08185660354423538,0.027464620448070482,0.6466901093237122,0.4251805451308035
