,CID003352-2,CID003353-1,CID003354-1,CID003355-1,CID003356-1,CID003357-1,CID003358-1,CID003359-1,CID003360-1,CID003361-1,CID003362-1,CID003363-1,CID003364-1,CID003365-1,CID003366-1,CID003367-2,CID003368-1,CID003369-1,CID003370-1,CID003371-2,CID003372-1,CID003373-1,CID003374-1,CID003375-1,CID003376-1,CID003377-1,CID003378-1,CID003379-1,CID003380-1,CID003381-1,CID003382-1,CID003383-1,CID003384-1,CID003385-1,CID003386-1,CID003665-1,CID003666-1,CID003667-1,CID003669-1,CID003670-1,CID003671-1,CID003672-1,CID003673-1,CID003674-1,CID003675-1,CID003676-2,CID003677-1,CID003678-1,CID003679-1,CID003680-1,CID003681-1,CID003682-1,CID003683-1,CID004696-1,CID004697-1,CID004698-1,CID004699-1,CID004700-1,CID004701-1,CID004702-1,CID004703-1,CID004704-1,CID004705-1,CID004706-1,CID004707-1,CID004708-1,CID004709-1,CID004710-1,CID004711-1,CID004712-1,CID004713-1,CID004714-1,CID004715-1,CID004716-1,CID004717-1,CID004718-1,CID004719-1,CID004720-2,CID004721-1,CID004722-1,CID004723-1,CID004724-1,CID004725-1,CID004726-1,CID004727-1,CID004728-1,CID004729-1,CID004730-1,CID004731-1,CID004732-1,CID004733-1,CID004734-1,CID004735-1,CID004736-1,CID004737-1,CID004738-1,CID004739-1,CID004740-1,CID004741-1,CID004742-1,CID004743-1,CID004744-1,CID004745-1,CID004746-1,CID004747-1,CID004748-1,CID004749-1,CID004750-1,CID004751-1,CID004752-1,CID004753-1,CID004754-1,CID004755-1,CID004756-1,CID004757-1,CID004758-1,CID005704-1,CID005705-1,CID005706-1,CID005707-1,CID005708-1,CID005709-1,CID005710-1,CID005711-1,CID005712-1,CID005713-1,CID005714-1,CID005715-1,CID005716-1,CID005717-1,CID005718-1,CID005719-1,CID005720-1,CID005721-1,CID005722-1,CID005723-1,CID005724-1,CID005725-1,CID005726-1,CID005727-1,CID005728-1,CID005729-1,CID005730-1,CID005731-1,CID005732-1,CID005733-1,CID005734-1,CID005735-1,CID005736-1,CID005737-1,CID005738-1,CID005739-1,CID005740-1,CID005741-1,CID005742-1,CID005743-1,CID005744-1,CID005745-1,CID005746-1,CID005747-1,CID005748-1,CID005749-1,CID005750-1,CID005751-1,CID005752-1,CID005753-1,CID005754-1,CID005755-1,CID005756-1,CID005757-1,CID005758-1,CID005759-1,CID005760-1,CID005761-1,CID005762-1,CID005763-1,CID005764-1,CID005765-1,CID005766-1,CID005767-1,CID005768-1,CID005769-1,CID005770-1,CID005771-1,CID005772-1,CID005773-1,CID005774-1,CID005775-1,CID005776-1,CID005777-1,CID005778-1,CID005779-1,CID005780-1,CID005781-1,CID005782-1,CID006558-1,CID006559-1,CID006560-1,CID006560-2,CID006561-1,CID006562-1,CID006563-1,CID006564-1,CID006565-1,CID006566-1,CID006567-1,CID006568-1,CID006569-1,CID006570-1,CID006571-1,CID006572-1,CID006573-1,CID006574-1,CID006575-1,CID006576-1,CID006577-1,CID006578-1,CID006579-1,CID006580-1,CID006581-1,CID006582-1,CID006583-1,CID006584-1
Other,0.00013733143689953627,0.03550948265533016,0.008018382390574246,0.026999905419435193,0.0010076116057814186,0.013228486676723508,0.031365634017352886,0.00834281765388267,0.012142209776466847,0.0,0.006044973183194852,0.011321106001415369,0.013944514614323635,0.0012455516456790678,0.012763269354336974,0.0011860015957277528,0.00822713244267105,0.0015448831279579161,0.012849656474891719,0.009283968684274712,0.00738656630662662,0.0168553621297638,0.01545793330422126,0.01882321211750217,0.015517299837271164,0.010428460038459679,0.014485443693661584,0.018180064232214525,0.01150282753921883,0.014415025798225808,0.013988252193614615,0.004713981174882633,0.002768348884699387,0.012741190843734873,0.012427332469009695,0.021054854584786207,0.021969162590771276,0.00259467650625875,0.007523759985695782,0.007253522849328709,0.006342182529034243,0.004640441912578697,0.010133898289068445,0.015507347546202525,0.01415595991797785,0.015026765671770588,0.02582367556754709,0.014026366229839774,0.008160074540198875,0.01914678034671588,0.012219316702685178,0.008562057502110974,0.02078351291271164,0.0011802778812052925,0.0006294548643106575,0.00437827142823576,0.003977303375348262,0.0038385890243608847,0.014355245578182846,0.013305196945641468,0.002888287619719472,0.0,0.013105647294377047,0.010130544842474304,0.008914026798029811,0.010797656386390131,0.0032216924805084568,0.006559059261788479,0.0060603629826565105,0.0369478488196079,0.00288114787306287,0.005348736509345837,0.008546430598315889,0.004772152652047265,0.019304623852916154,0.021722828572876458,0.020373800751662882,0.002383982816444099,0.011434240907366146,0.009254226124289385,0.011020224853640397,0.00896542408450791,0.010841855540879184,0.007922509402924844,0.007958985678898316,0.0038349635057353952,0.01139076364121225,0.0029396667575834774,0.01345523931438569,0.022349822339200718,0.004957725322845322,0.0018764768629966821,0.015028693410586515,0.005865033153898486,0.013287486619853586,0.006799199604972846,0.0,0.001969172710911467,0.009136916631525318,0.011497194776943036,0.0019135018847410846,0.0019417886793975645,0.009720219359039352,0.012708611814864313,0.005755950083311431,0.009606122157872873,0.02425173031500455,0.003917462660738524,0.015496006309310804,0.014361331262263556,0.010157108327249446,0.004472384103241145,0.02095041945351626,0.019680302838537212,0.006904404520162031,0.011687944589297821,0.0,0.0009773141002959252,0.005633229051595965,0.007179704748590683,0.0053389205398490305,0.024187471949378626,0.0,0.008551511263342899,0.01029196661919185,0.0006638460673896786,0.016465609446809793,0.016471080252929905,0.0,0.0,0.010482096265819963,0.014646670107852014,0.0004828028940102694,0.011416758415587817,0.017188349171683957,0.01597125325640355,0.00523953553592056,0.004933227056185354,0.0067825857108255805,0.012180606095345058,0.020105663916866526,0.010002430842804437,0.0160181975769303,0.006185765725168305,0.005574546339446786,0.010724436895372542,0.0245451489353712,0.001121994802583319,0.01710236714530433,0.007264328141963085,0.00681240293810171,0.013837278833929005,0.006734505622703124,0.009933214042181945,0.02251511620685432,0.011414264877818063,0.006690898616763723,0.011555286888840218,0.008204434935461748,0.010125649346828738,0.01958420389115595,0.0061247439103793485,0.01222217222610515,0.012614853958844109,0.018774868895841006,0.006269911381977773,0.014229741505955617,0.02389652075886164,0.0012620212356331826,0.01637220817362551,0.024027007645267096,0.027215365089135607,0.011670262107882317,0.006732083276485188,0.014423378793910951,0.010378490152294875,0.010451259649017094,0.006195808954198057,0.004120256573730477,0.013842787807880208,0.009685217307628911,0.009677596105491916,0.01159570026815137,0.012263275274392318,0.009428585796341413,0.015027912403839255,0.01960369146846209,0.007882157162736415,0.0013853820478286856,0.01513492144080936,0.00036780580845669034,0.015200254823311707,0.00773685360628007,0.009910305746659406,0.009842441107730962,0.025776392746518557,0.02377616708139319,0.022529371766283487,0.009939750992061002,0.007794735409624066,0.00836995411455821,0.0032624691407199032,0.021491386355242052,0.02113569441016373,0.00903184742293339,0.01966659218909131,0.011544636247317224,0.0,0.0034138237687752057,0.017222876642956866,0.007579525749859649,0.015421218313437715,0.009117988373260237,0.005459922861270826,0.011265916156808931,0.015981544987952144,0.0015027971428663623,0.013583555392216146,0.014661394819759282,0.0,0.010121878435840836,0.008135160667959926,0.002063435063830658
Basophils,0.005241057395042504,0.005226756914462069,0.005273913624540722,0.0031077259327271078,0.005568893014476462,0.0007890897820805326,0.002147519479150939,0.004273799182926817,0.003358348092567165,0.005652259186526726,0.00509722048151811,0.006134024756141053,0.004565107939495856,0.00676675677145549,0.005090197790402791,0.006745062179842997,0.0044246662392114595,0.0023513083796746145,0.00293691232624846,0.0024959686660981292,0.00540897904946644,0.00369835426045777,0.0031709513299305304,0.007017920587875854,0.00974374531219772,0.004988356551003428,0.014206737789459687,0.010245296724335641,0.016660556180621615,0.002047901543090943,0.004270165110558795,0.00588427693635763,0.003014865449716468,0.002171963536583088,0.004037103137481729,0.003035734313299358,0.0058132256513294565,0.006828971301727426,0.007040728100174062,0.007340158960237148,0.00391723162434817,0.004914659397261144,0.00540477678492798,0.004390669922906912,0.007012813170193012,0.0033828995786371416,0.0036676029336784807,0.011468436288975497,0.003763512278244954,0.007820311064041388,0.007029771000452794,0.011206354697122736,0.010762885028162597,0.008516469654601962,0.004514964006434436,0.00980403744370788,0.0027433295763724806,0.0038412961442584313,0.005774601631837335,0.006658528108051555,0.007431448242115664,0.010362093532769838,0.004322045879318932,0.006628639020418054,0.011066954510120115,0.003929462268071281,0.005095655553993068,0.005656280591065458,0.005198110576193493,0.004150182325958196,0.006907275269411398,0.0026244212432670186,0.006511199111409153,0.0030497895032847045,0.005042863520687265,0.0029254220865627583,0.004922386620511382,0.0019190000130970644,0.006421998345391334,0.0028537100943927854,0.005309763467044495,0.006714090088395456,0.0021813230070906664,0.00424809481738644,0.0,0.0032786400280063934,0.008931490278198949,0.007229229289395627,0.004002421509328338,0.006679751677029474,0.0033205042010283525,0.005733923151390729,0.003292480705966355,0.00659512345969631,0.002498215799910832,0.0045060475577279905,0.005851075310254293,0.007512219558269089,0.0,0.003981276403092337,0.003800228604238379,0.008673255509422148,0.003040897193509832,0.004158196948352528,0.003523085804474909,0.0027821535971470687,0.0018010761062618365,0.004164331610439973,0.003253162500829969,0.006041123814882514,0.006970061077361886,0.006009099175602288,0.004383065900435853,0.0024395305405871225,0.007728367980119558,0.005469585495038246,0.005011588644909995,0.0053654910249575785,0.002386469841966295,0.005229252464281968,0.003998053467906365,0.0031796463416137177,0.0020921420275786078,0.006371308743831039,0.005508581377008297,0.008825096249029123,0.005084890964530697,0.005832580426698323,0.0033072079300503167,0.006413571499851189,0.002911404104602491,0.0016666059819049112,0.01636838810719296,0.005517389141909451,0.0011127964909500518,0.003935461926490868,0.002845268304976816,0.0032463319115021336,0.008447082844735068,0.005900665733420352,0.0052666559220184515,0.007748057269770345,0.0,0.0044944235195863,0.0,0.0,0.001265644101867237,0.0,0.0016617411327425795,0.0024021679914730393,0.0057402096077806344,0.00214136482502195,0.0024622975461818792,0.0023716283317707794,0.0031676360652912886,0.0015064630746279583,0.004421426128560811,0.008076006780341944,0.0051180197309971,0.004103563210757717,0.003786153515622408,0.004841613035814454,0.0014386128523886635,0.006899672344484935,0.003173738146718579,0.00456995401260751,0.008476824083111676,0.004159587397222711,0.008327341582791997,0.002770310282715912,0.0032730701634703587,0.00559762378849018,0.005625390143979303,0.006882073688018262,0.0046558181821896305,0.003522170717154308,0.004152111699250929,0.008931017065149597,0.010351251382756776,0.0015080358943916961,0.0032536990332805546,0.0033370727630965265,0.0023767448420128055,0.002255107698780223,0.008893332921849198,0.0024066703968623105,0.005411632135112861,0.004532687826375235,0.009617337526244368,0.0023847558998495977,0.0073003389461564015,0.007521674948646374,0.0030280608644745175,0.009692088671186294,0.007590054730329995,0.00450737287384744,0.004262244707116781,0.003919145180072135,0.01410513494803602,0.007791945904899303,0.003758059737298895,0.002656445537701626,0.0022224038488209215,0.00805397186422261,0.0035504070406888596,0.0035861899795400043,0.005939426107790243,0.0054911188973644845,0.003730395271208424,0.004562326571071128,0.009590072136633262,0.0034171828251471654,0.002047868279130195,0.004481476174343707,0.005496883127002979,0.0051050418663511855,0.004844700968195249,0.007059706517305896,0.01497021083105249,0.011227830130400527,0.008085266038045045,0.0083133799520079,0.007513778155819972
CD8_T_cells,0.05138890388707685,0.047567343075584405,0.07898837190575766,0.0627688286743232,0.06507014926910842,0.016436911086449006,0.022547193656855712,0.09244602242177526,0.0389157041048828,0.060430071534569106,0.06201205942061459,0.0631006295110722,0.057324166652686685,0.0881055190328726,0.09334323597485014,0.07996229328481817,0.07621340532873042,0.05132428264537086,0.08847005192225263,0.029994273323718144,0.10293274719822494,0.05651672415941211,0.041107533005962926,0.03779543494013756,0.0536447245654178,0.0935205407956974,0.10515733552426149,0.07172787934895669,0.12740025882656816,0.04525366960257835,0.07739944176994781,0.07131187646264785,0.05325983001071243,0.052383659404306865,0.1049762619108906,0.025558507889941576,0.10989676603124696,0.07411303974298523,0.02766013586942394,0.039734882466937425,0.06153879787369371,0.06477491763262838,0.044593644866078946,0.08089218110122746,0.12404125933131718,0.02888697430437507,0.036755869813188576,0.07646636002657652,0.038319243265035136,0.08572708960207633,0.042691521062801566,0.07820841132226204,0.08397928326584042,0.0993291930780531,0.07526091984276333,0.09822233460448355,0.02647157055356516,0.07530633066202924,0.054224302443014,0.09273112669694122,0.04547926490141134,0.05012244642658477,0.033741009093421655,0.038166793155135804,0.06909580599785134,0.04011212814076497,0.06188809926385835,0.07408162694757522,0.05215445790447014,0.03904508078524272,0.07648437537826845,0.038499738367369696,0.09679025088427753,0.03826798645853849,0.11112074249400582,0.0630538324460076,0.08802560369585101,0.03178816374895935,0.07758530616850569,0.0666609573242241,0.04507057137143301,0.11901194355438335,0.02578711355115922,0.045450938834810786,0.19106569494269413,0.0588666376583087,0.09947299960811926,0.08622382268075866,0.08857310601094964,0.13409845507721138,0.08421190589875142,0.04375065763135829,0.07723491467065405,0.10787306571510115,0.053337734900847575,0.06609735431642219,0.052125283874508786,0.07870197365278278,0.13927317318752228,0.044255656074027976,0.08480523143165031,0.060000854735712164,0.059124834329730425,0.0422693865400508,0.06417490992793527,0.02999403560491048,0.02333036405682833,0.07039808758929773,0.07403286996373565,0.11287435465022808,0.09250110665604017,0.07359887546487029,0.10944357566420777,0.046879498930273725,0.1578488973896384,0.09145226146227145,0.07171925397795734,0.05138356348132892,0.03951640603598992,0.06228282829859696,0.0796684410118856,0.06849572802085949,0.04076551528274384,0.0627632019573723,0.06984827929742496,0.05392830084901333,0.032794742608730144,0.07464867324622758,0.06867966993631469,0.059917239303069296,0.05659349821929535,0.03470553174643057,0.09236134504183223,0.051667753083230655,0.016918024252908632,0.059686120210775136,0.028107830079135813,0.05944931966174043,0.10687569234275811,0.09989471931620507,0.08592567394254927,0.07273262456700129,0.07991133700353234,0.06230260388426328,0.09451594591559102,0.12560357531340993,0.01516149195259432,0.05310818202646642,0.027501527448316694,0.046972948262553736,0.09812605793949415,0.040086187738491354,0.0519361154053368,0.034702471308321284,0.05377465612968217,0.030957976676351136,0.055416346158631426,0.07547366860642314,0.059773707194936784,0.08292747897762869,0.05333190738719427,0.06924391061718829,0.0288134823033029,0.07634544970284264,0.054655516833130996,0.04503815971290875,0.07276805265050126,0.08165260906397179,0.041644581573991646,0.056510216660670555,0.04736421649555006,0.08872314283255468,0.10624236984940158,0.07034686917459668,0.0954465388405711,0.06021337022009839,0.05033275223908912,0.10241663104583362,0.11108514229702551,0.029571541010741786,0.0438078993729498,0.046767084964581145,0.03755806763561037,0.04103729949315002,0.11335939350747236,0.03134912801775471,0.07496240649413803,0.07791596460601581,0.08390609140533123,0.03082364371347027,0.06935517411401501,0.10337380299093753,0.0566443309338197,0.13081117032241135,0.08812039369533967,0.09250623228633319,0.08802236935823192,0.05530603955345316,0.1163336361902468,0.09104018078553923,0.013371396551760853,0.05355474581555213,0.02983364454962427,0.0856012996995225,0.0377511676764675,0.03454678493012569,0.10645559959710545,0.10431967230651619,0.09990944071463213,0.08441776275628328,0.08933767589961146,0.03959221919576631,0.04018244723292946,0.04748987494080097,0.06337608583758499,0.09113974716122142,0.07142883972512444,0.04183114093273984,0.08945448316302852,0.10255153148752319,0.06413982054603931,0.08307483738156125,0.08102954348058604
Classical_monocytes,0.004627715013330303,0.004956093462447031,0.00867512509878892,0.008881989965523595,0.00575093874698461,0.0036173012214312174,0.010109604270648524,0.005133828892890546,0.0029877983599434737,0.003656224411916823,0.002523649425364526,0.007356376156573266,0.0016331243190788386,0.0030617169505295807,0.0033010005021392496,0.004633193430497027,0.004294433349593729,0.0046374410259817185,0.002756435854847606,0.0023907939827223813,0.0017016037311870938,0.003563272172613374,0.002435636825966937,0.0017641715436044756,0.002057673721335376,0.0029689199222066747,0.0010709581261247971,0.002611846111052416,0.004863677685273507,0.0025054470426486967,0.005386827502971884,0.004202683738961038,0.0017032388052802547,0.002348857653605738,0.0030819838557419746,0.0028438137131724817,0.003778886854697995,0.004303711063755333,0.004286658146190588,0.008035112165652713,0.00476376065138275,0.0023951617485085956,0.0039168276012179854,0.0035802340636810984,0.002685800383933495,0.003205636257244957,0.004095588091997334,0.00625589799117518,0.0021373699149443734,0.0027551764421952243,0.002793244801167563,0.00035525479408838614,0.002941898103400974,0.005420769353664377,0.004210769656840693,0.012622954602731723,0.001072387728726264,0.0002991671587193666,0.001197934786694217,0.006285377631946979,0.0052658580248365,0.007382048495142988,0.002311204901282035,0.002914778033416505,0.005837880720091464,0.004582680156244993,0.007504049852037811,0.003206805632923021,0.006022303644220023,0.006514135993332395,0.0030292754778208377,0.003465967560589275,0.005308620482912636,0.005244230446519622,0.0027628067959925393,0.0024965946615019808,0.006105302758487819,0.003497189029284278,0.0012919862130600184,0.002224200671101115,0.001017184871827207,0.006506002121296441,0.0021583714048909568,0.0023912650911700026,0.004644709630418543,0.0018809947582184127,0.007646807902560412,0.0028836351611740453,0.0060574772158738495,0.00405175669310812,0.0034485132548170375,0.004572836923243498,0.00434728270065624,0.008105579158026979,0.0022803744888280904,0.00284652594691039,0.003186848335758351,0.0022349350050211514,0.011205419713521727,0.0016602698127584808,0.003515102791164007,0.004401948027371701,0.003317503884630227,0.001404221318924395,0.0034759161243339714,0.0026130619047527903,0.002240055988408633,0.001773396592296089,0.006137407660771708,0.005301220801016035,0.0054372292205192106,0.004207614254812734,0.008566550871180953,0.002269707771356535,0.0023793490645870967,0.004892004656355069,0.005381522123890071,0.006548867972606129,0.003312783893100781,0.004637103344806926,0.004176503583408733,0.003433141959857459,0.005312912227292947,0.0023377899591755518,0.0029517715915970927,0.004124984967351836,0.002829242568578813,0.003712968958893144,0.0024880949272054567,0.0038203377498460993,0.0019268892868438156,0.001447474882056244,0.003058189348356803,0.005016099960579669,0.002342737803234045,0.0025724334580667376,0.0029669764371956417,0.0015159787428473427,0.00608488540681138,0.014714616659100104,0.00435550492525653,0.002068717046047904,0.003732185942087099,0.003328381665942877,0.0035635328821905427,0.005131520236755767,0.00574148189372989,0.004968420037463562,0.0016138133279716596,0.005178764571400648,0.001588243149727709,0.0023199824423006396,0.006750497805606126,0.0019774599514139225,0.010042767775285759,0.0018926698758860636,0.005789684220003005,0.0047363556017659125,0.00459134188901724,0.003552736632216557,0.0020769910096582597,0.004119222669082494,0.0014145563205330259,0.0014066379274825754,0.0021824878279793785,0.001957015868872206,0.0011877453631774027,0.00233706005616706,0.004144208367131419,0.001530126852007595,0.002911656337887621,0.0014916569859654216,0.005549291690199282,0.0025897241801369217,0.0026531118870589086,0.0041569548050656106,0.005004394491293926,0.004846912746950802,0.0023512761963806867,0.0051760895792956705,0.00300096918628872,0.0025330298629202904,0.003815468757708399,0.00289591221843878,0.005245663993526676,0.0037550044855115543,0.005544038226805451,0.002900956647375139,0.005561760709431574,0.00467823312405792,0.005251964940023159,0.002718959382134288,0.0018162919629262386,0.009492069150977098,0.01024536667045321,0.003553036944882224,0.006979932066102049,0.0012959892658092186,0.004765726254039254,0.0037933916817173437,0.0019666058619363775,0.0016276378998788064,0.0025059200568111543,0.003859276305910739,0.003965865586252019,0.0022169839965865755,0.00493733552321362,0.002159178068067324,0.0033328764016266037,0.005619624641503865,0.005799542872268942,0.0009633939454889178,0.0015197397735689506,0.0057000565462820086,0.002547353914737486,0.0028354331586100206,0.003155167982308092,0.002571220052922757,0.004385444950112682,0.0032046031222552444,0.004230340832859243,0.0064194832796861815,0.007693387115728162
Endothelium,0.2404869152142437,0.2724068484255407,0.24032998111254542,0.29440956696033765,0.23417450728216208,0.2622531929285378,0.3401882913877128,0.22740316267434454,0.2589872338002451,0.23639750485183295,0.24870823291546967,0.2521994801606597,0.27063836777252825,0.2394225128463497,0.25625495615652033,0.2245778533458955,0.2511438148286805,0.22909643784294628,0.2464503239859656,0.22312287903499936,0.2312039902209598,0.24973915685852688,0.2867927834682999,0.2739482009848385,0.2579207483019619,0.2462311815753539,0.259754055641066,0.26634319789911864,0.24261105487739779,0.2642805136821196,0.274666095338268,0.24673580335579917,0.24275167407735884,0.257279089202144,0.25904307977463076,0.27109956970003385,0.24416287797328262,0.2286641242130282,0.27764469687277277,0.2747433708011057,0.23492158490033158,0.24621938608255367,0.22635196552357556,0.27332920048821757,0.24871233555497885,0.2777293456204786,0.29265167554342714,0.23944619486326238,0.23555864460821974,0.2672308939320725,0.26297295860397146,0.23115452615889479,0.2609199599399037,0.23494162924456174,0.23387554166522273,0.24156791001577327,0.24277171764934988,0.238086308234996,0.26585868804998103,0.2419004048602818,0.24238969235803903,0.23086206539657747,0.2542409019973492,0.259645468477491,0.2535677232618846,0.25974223990461326,0.23368287210327537,0.247992745902124,0.25173989770053656,0.32166350459164855,0.24111264328716422,0.2591858692614147,0.23313061046495273,0.24979458452957698,0.2674055111763983,0.2560282174947924,0.2785424969099024,0.24228827771433356,0.24771034713211326,0.241032917173151,0.25714511925082467,0.23094281512099046,0.23348719010544064,0.25016526272271805,0.2051216679498403,0.23172401552870844,0.2509823251079514,0.22027705641586964,0.25258189604902237,0.2849197867899117,0.23187163802481348,0.24367054948433928,0.25327595146870924,0.23154006576406988,0.2597351980738547,0.23737695927684566,0.21763726532260352,0.22905906782360952,0.23346275890834578,0.2527826548418132,0.23855422691212863,0.23907945286278667,0.2600368194195212,0.26416081837019334,0.2398187746444174,0.2599620611690577,0.29703923284405775,0.23194154669549527,0.26918977071755357,0.25900146564822885,0.25080040166239126,0.24016250034634043,0.24300827964528415,0.28227632702221284,0.21314413733542326,0.2429012043494674,0.22896436797082967,0.2375041737903423,0.2544610478605865,0.25053327664037145,0.23968334981435901,0.2694919340993443,0.236825772729217,0.24607643912416383,0.2207378694301633,0.23411164484127214,0.2750523032878568,0.298094879022161,0.227619652195268,0.25003927268866183,0.2520489502242526,0.29401373422944677,0.22730770669920522,0.27622464828831006,0.2762162022395768,0.2538580085726327,0.25496608260797116,0.2361954899046801,0.23363641742736854,0.2525316349605671,0.27316980274929464,0.239441385719766,0.2438337267232143,0.25460461488954383,0.2307046270136031,0.23745645566538667,0.3293712968889753,0.24319630476396312,0.27954261491235044,0.2612682825070823,0.24511358437267577,0.26878842092935745,0.24257268906522442,0.2701822747345634,0.2578267810435976,0.24354809403451652,0.2584070194579234,0.2619668581268307,0.24903745037215713,0.25019337890193166,0.271130078418706,0.25463808215582945,0.24854684043697278,0.24408920702414866,0.24766001394294915,0.28325198884932345,0.2739041549935153,0.26944908734381007,0.2759401748154726,0.26370367355572805,0.29788642532813553,0.2778493018726331,0.22722781746552417,0.2413057646380831,0.27030885378933067,0.25697853949657745,0.2611011731107826,0.22764401220869254,0.22847955239862514,0.26738417596067715,0.2537362600178155,0.25821650538438606,0.25869697315760426,0.2591208331487992,0.24301876464709513,0.28372238055614474,0.28229600089358853,0.24989656081330622,0.22625811502262605,0.25579443754756687,0.21160284672484636,0.22960129594225986,0.24753145551422343,0.2578206146289109,0.22776115503858504,0.31256476585465903,0.29642099534153976,0.3004905808707119,0.2609253707036931,0.24652124363869052,0.24256542796045186,0.23095720135093842,0.3040551445082501,0.2773186675252802,0.2559238771754993,0.2883554605468546,0.27863426767758226,0.22035953508685902,0.23420200254210888,0.2803632270551554,0.2587427322688284,0.2637610131443726,0.2725786090219894,0.25073953647288244,0.25328666723260973,0.2628441271758438,0.25439384315410285,0.2688341390368787,0.26824498275425224,0.2262181499051326,0.27213902706481197,0.2827419882708792,0.2686020170650537
Fibroblasts,0.32446914795166176,0.2112579226193486,0.2857758994224607,0.15066299155083404,0.27769077721582625,0.26048860026553944,0.29231002536955125,0.27405483464535846,0.26535275495898225,0.31932617308521183,0.2862788204303865,0.29118615563349165,0.3129135659357184,0.2747400963236073,0.23831138798515844,0.3172046511135499,0.23337762605672452,0.3184640269892527,0.2548165356690672,0.2608773714628036,0.323491374127223,0.3449759032325635,0.35753690852204845,0.33279171502645655,0.3179583580583666,0.29545630750987795,0.21935126524058435,0.3085567901197379,0.24149111370320445,0.32081435024913907,0.2691687430756913,0.3181732649812205,0.3204879472666761,0.3078412447791485,0.2738797376424763,0.2443237334585507,0.31105497694838724,0.2770723516112702,0.24818351734101912,0.2298813816569012,0.2625707924675373,0.26909180647722103,0.33249029060328206,0.2450790915177254,0.2727960604160797,0.3253222171692104,0.25209132086697633,0.29265770149410736,0.28061918123977253,0.2854018876582986,0.27370346744207363,0.30991276874380985,0.3413750262181927,0.3068059460792011,0.29777182868808394,0.2868314257079313,0.30177597539780643,0.34823075879738286,0.3457367208652174,0.3271024497554132,0.3308111629995476,0.3319355020926044,0.3090532103336315,0.3303275857066676,0.26794850188779307,0.3144853669934977,0.29480152206500604,0.326858293524717,0.30441743115135567,0.16118392952416472,0.29389843840853264,0.3003307419014898,0.2809623985967832,0.3208103369797621,0.32646503540697047,0.2720744495326869,0.30853747965781214,0.350894351464814,0.29345046905416955,0.2732487941055357,0.34497195795844376,0.3272306583663236,0.20783579540988825,0.34167791801294656,0.31725066961767406,0.26597588144125783,0.30003925264617737,0.28289198668632953,0.27992171187388504,0.3204524060805113,0.31632241624901397,0.359427309623596,0.32477865613455253,0.30560491565863995,0.29694023625718236,0.31425140983235555,0.2959214906009806,0.31412375495816297,0.3396274038127682,0.2755248861402526,0.29350211012477884,0.315917918635934,0.3269869417066789,0.3208651102164599,0.3119053210078928,0.32819372303021443,0.35447020931723927,0.30339716518495236,0.2574769210788033,0.23841598543476722,0.2905529677399636,0.30452017592464026,0.31684699029104446,0.2198583411806163,0.2644443121967967,0.31055705161423974,0.3446575721079244,0.36002035860589815,0.36065833236068096,0.32367941480634715,0.2663440284834635,0.2285417965860843,0.32815024184393626,0.31599475516854053,0.28238701755290235,0.3072443086248722,0.31962684853003703,0.3047266237485568,0.29250064110061746,0.28056897540037945,0.29718061850464367,0.29553409763210386,0.26767434475664087,0.22991599159675952,0.3342221268249497,0.32097061393726367,0.33782323658178076,0.34336361444557595,0.2957194442794814,0.30170944612093986,0.31318522859279624,0.2971514156823362,0.31486886008493903,0.30240236566984735,0.30277502266042006,0.3121183661579174,0.384670341098264,0.3325880779618959,0.3465344026305097,0.32119181961113347,0.29990118951386213,0.31867125251543743,0.3329623209069302,0.2904944684177053,0.35233429253838344,0.279585201131874,0.30725960525586515,0.30287517075702886,0.30814616114225474,0.31814553021620995,0.24911531430362166,0.29423385386861,0.3067584523005796,0.27325624477242266,0.20758866605028042,0.28721403269940515,0.3194939481773016,0.23775968724045063,0.32231999389195637,0.26866807063537634,0.2785266263281563,0.16401405540615074,0.3386693035095581,0.33157425870704665,0.2871440931213667,0.37230450319045694,0.2735613756520634,0.3286520203922482,0.3145580049390187,0.3145067820734867,0.2945274823068267,0.3103678015415414,0.32350776355658595,0.3152094049130138,0.28045351101900284,0.3765570517123579,0.3243996204166447,0.3112981090840728,0.29116204949790686,0.3074708283611356,0.29485237901287586,0.26785919157446975,0.2869478581713054,0.3132897874603911,0.31933527328632194,0.12211269047385787,0.10735365426245029,0.28222693671358934,0.2880432859125466,0.2586343297257684,0.2891369512996635,0.29588646972850596,0.1826691458573035,0.10849622273793354,0.2895004021265715,0.2569849466893491,0.22072258777153922,0.2814160296202886,0.27338456655685306,0.1460140756725796,0.28265980975935084,0.2934608362884648,0.2632895692953809,0.30177084841906127,0.2693807992442385,0.2694074540781638,0.2828427367221498,0.2846920836828666,0.1941267854784446,0.2669176367502379,0.23740432174490883,0.22689415562907148,0.252688816121141
NK_cells,0.037181287758103594,0.0311929216505717,0.03313054292393762,0.038607436540454516,0.06853024636108415,0.04305804116658182,0.03351707942500043,0.07468374878838246,0.0654432603911496,0.05556123754198665,0.07812164222735887,0.05678538308186492,0.03894745572641607,0.04260830459802087,0.0626621394693262,0.05989743834918047,0.08116822307273792,0.06856366944788732,0.03989235456464045,0.05223747104912161,0.0490419781706767,0.03535239061686945,0.04624164395376713,0.025880729851918416,0.028650037636736063,0.057216654746555094,0.05434177317598131,0.07693417590224534,0.06121360950520418,0.07979921618829865,0.05351179019284265,0.05128106128095972,0.04751424400008868,0.034241557073226,0.05364707968887273,0.0781168805353131,0.03247999783213688,0.06194510300477998,0.06732496469421854,0.027850166004500243,0.064538267020892,0.08821689752011817,0.06511585762859834,0.05813489339582998,0.0515204933200538,0.04892825807708939,0.07465321604942231,0.05174906413374789,0.0783128601274478,0.04693506169047956,0.05566833353609108,0.055832402641457925,0.021060107465576287,0.055401130895845224,0.061986216648696975,0.056808695850563876,0.0442733513113498,0.055191331766128685,0.030455681102467196,0.03489474023904824,0.05738694686991761,0.057331097108450524,0.06148979758976904,0.04164947458120226,0.05288783446839337,0.07815266454867062,0.06478904918768597,0.0530866753338279,0.052616466914561684,0.048778213812377465,0.059340460155057534,0.05597130449373112,0.024427898151072346,0.07298847617987719,0.06244143339420336,0.08889476680274018,0.06878617305807348,0.06903227005320901,0.08116518701971295,0.09380994021070857,0.05884356586590444,0.03725653584461548,0.0878252630603245,0.07109716093745204,0.03471390389646474,0.07552479665545445,0.046891436941807994,0.05041586560975742,0.07094494740071816,0.032439129198822574,0.05360524948438777,0.0491877879385438,0.05943813749729862,0.02593525712565559,0.04525356970747248,0.022306478602772482,0.05504153940366622,0.0613284016664102,0.04762938516776495,0.05308106516708371,0.04627216493717849,0.06617500582548565,0.04037062115935813,0.04626547599024832,0.05010112903480977,0.06161222765538157,0.036805612448792616,0.03760738000492673,0.06483125822716032,0.07031840738423233,0.049784114591473895,0.06217328651108661,0.041973040198385755,0.07730039644465113,0.06177252813853667,0.05587615061428688,0.04610543482995879,0.03534361825877082,0.04185786359453967,0.03789506123629664,0.0348899380230629,0.06428014853928415,0.059048287096007714,0.04898184093835696,0.06134580627805284,0.04034225439566055,0.028245283449648828,0.029467777408423438,0.05533612478290717,0.06469913833787154,0.07771066678763544,0.10391484150323682,0.06592038097892164,0.06685403947599006,0.04712938032277879,0.06744401988275912,0.07532937936952673,0.05331052330404512,0.02434665717703462,0.038413389491139156,0.0395715878521363,0.026767663599691977,0.036498920720206544,0.036990930978989006,0.04225258569650925,0.0496863496210941,0.015369648784595881,0.05720218539998644,0.05229600155638676,0.035692538874349686,0.07140825339924077,0.04939509826124353,0.046784057263964,0.054340793538619654,0.01672444963923629,0.04809754777504744,0.06221858903761665,0.05021892449984686,0.044437515612594604,0.06519478441541264,0.0690466870223861,0.06206297897432041,0.08817278253861743,0.07105228717442966,0.03255836050656472,0.05431597589263589,0.03095635034666801,0.08778999866769184,0.03622078441846938,0.07477988142915581,0.043190946968091594,0.0703273259181604,0.031001314028175204,0.07246085637730008,0.03520556461030009,0.05075458528869116,0.07381805271789421,0.05502796049821301,0.061183275038304265,0.05465554956111256,0.06114462371085559,0.04333328126610005,0.03868487959410817,0.05166104177121737,0.05364791851014892,0.038653236426789715,0.04259558893839409,0.04240590997234538,0.029477692946029258,0.04741028476961673,0.05789789949870702,0.04184759268695132,0.05769797960198029,0.045076019661726384,0.03535749748980649,0.08231332307420716,0.07571041244388295,0.07413176987763812,0.05389684364871218,0.07476457877039383,0.05645911013755157,0.07011311296325247,0.05908474678547104,0.05699477307216982,0.07302553926639559,0.09758344509583676,0.08402100237945179,0.0767100750438162,0.04481894030737006,0.06485120039690194,0.0380757955640503,0.0483377510837905,0.05225161486399487,0.07550008603865903,0.08135483818025711,0.039389515738398106,0.06250090503954446,0.06880552315158538,0.08103869785435754,0.08435638804538642,0.06952074004684398,0.07267714977226891,0.0769916023396423
Naive_B_cells,0.14589473552233803,0.1538209634580219,0.17679498673780142,0.18158663983335427,0.1451237969432777,0.17457271700972288,0.07497198157059877,0.13959292602809809,0.13396566379539365,0.1032879213836266,0.1279693040387591,0.12019253223854753,0.12182974822895377,0.13435915606827867,0.1283463378551726,0.1321877276799744,0.1478348901243641,0.1196371269432348,0.15170056594427522,0.1779873140538515,0.10247995807742817,0.15077087736807074,0.10783007476095693,0.17244858325251378,0.15910744696740092,0.05783845466833784,0.15293770128657164,0.08242715093544195,0.11036947087515613,0.10094006052138314,0.11565093262173322,0.13130335420368422,0.09718619708288936,0.16952038650261064,0.10820187809480514,0.15771282219409302,0.1692380659442992,0.1435922312433154,0.12810882261380574,0.1939698491019122,0.14992772920123432,0.12323600666946749,0.14950579292183436,0.1289850608104505,0.10503509057349232,0.1387013864805693,0.10557971368579326,0.1472356061074825,0.13459502466734777,0.14056392226208655,0.16180854274974585,0.16368780363847044,0.14099695537769835,0.09005329941743621,0.10824263236123823,0.09783160929529405,0.1679303630719818,0.11872551253422148,0.12826868055935778,0.14915819243582895,0.12350250674343634,0.13164486690673718,0.09273160067548705,0.11547528191052635,0.11582110923171356,0.10494817263235451,0.14168819843896852,0.11334451263763935,0.12668000668503934,0.1623398382650651,0.1260200888480429,0.12801719380410234,0.1451479785470508,0.12625783433598045,0.05939186735022153,0.14672677921238975,0.09164160597183035,0.12547938981349335,0.0920372107474772,0.15643461814539178,0.1441253856146618,0.11576507240553462,0.19795077490138774,0.09824228270574291,0.13265108107532306,0.13544380862451003,0.10341051334978706,0.17122212066776318,0.10801868164968695,0.10065260631024174,0.13345523080244817,0.12317274275148857,0.11688288687783985,0.16886192220093646,0.16828170072205606,0.21215638788136246,0.16575190868752138,0.13538487897562237,0.09938316033820371,0.1407877342146364,0.14185278500933773,0.11072759829326835,0.14592649734038368,0.1442978868351845,0.1387206486973665,0.14090798530876203,0.11349904760529321,0.15031289709337187,0.11763766105801235,0.10818905237631556,0.1300853455224745,0.1274297555892433,0.1728976472238977,0.14393553902297895,0.1326827668829123,0.1243537315432302,0.12879265048107277,0.12747059995584809,0.14334864201862943,0.1438481879399254,0.1447929944719171,0.12418474609349137,0.1151411927325434,0.1216551109700725,0.1861805598960373,0.1516405628444848,0.18259738753464883,0.10001121727094722,0.14444299057922597,0.1172029465908228,0.10562228379389543,0.0,0.14005173746262864,0.1072064162690953,0.15262458778694424,0.12548970059262224,0.09861452959775541,0.1170086984017456,0.10503409368889446,0.13378973779478193,0.15062312925044455,0.2163028117063724,0.16155042348084978,0.17969339832849057,0.13143301790402748,0.09974923525338096,0.13637652220605706,0.14431120918847945,0.12268322917805749,0.14372032653107844,0.08617637145277421,0.11791944990360244,0.10624741389181305,0.1598492217495978,0.16560636332751766,0.17736500087655405,0.10095465159499163,0.08561465532445417,0.1364872248984787,0.10419067036624534,0.1455449908116971,0.11498425787587323,0.13049704076360533,0.11367787539134656,0.21252876158179088,0.10509606667162806,0.13762536765728403,0.12137116832739932,0.13056455879369025,0.12151485034194906,0.1448626676479491,0.1492466864953919,0.13680813474231376,0.09307187956744777,0.12619142675107292,0.09832333025128359,0.1375701863949241,0.11492519152300745,0.1095711763743759,0.13600015548981392,0.12805513851613967,0.13488325891711003,0.16547092325128165,0.12688196420779596,0.11236455777757384,0.06601923391603173,0.11215877114566533,0.12314398786894372,0.13225141247964675,0.1612546966929732,0.1513367086199361,0.191609846380273,0.13179477560607397,0.08584258647765779,0.13308692373328782,0.13142319461068286,0.16679091769297977,0.08757257006994558,0.07103266615217162,0.11754385755444652,0.1768828703861466,0.1431037528141586,0.155872250553528,0.23668607208001421,0.12034875169440075,0.11735661168428084,0.10821095266920598,0.13567373240249075,0.13503689056682108,0.16693612818515707,0.1259205780988989,0.1656439967913721,0.20238143715704934,0.12722319986542782,0.13656290167520135,0.1318401886940944,0.09022435086451089,0.12109976241705245,0.14542622525282098,0.11557980419046984,0.12819325282467842,0.06155371769163283,0.08453592603000484
Neutrophils,0.0,0.0,0.0,0.0,0.0,0.0,0.0,0.0,0.0,0.0,0.0,0.0,0.0,0.0,0.0,0.0,0.0,0.0,0.0,0.0,0.0,0.0,0.0,0.0,0.0,0.0031975032741829146,0.0,0.0,0.0,0.0,0.0,0.0,0.0,0.0,0.0014355378146715203,0.0,0.0,0.0,0.0,0.0,0.004774539667736383,0.0,0.0,0.0,0.0,0.0,0.0,0.0,0.0,0.0,0.0,0.0,0.0,0.003352572505176049,0.0027224392628473204,0.004028534127063155,0.0,0.0,0.0,0.0,0.0,0.0,0.0,0.0,0.0,0.0,0.0,0.0,0.0,0.0,0.0,0.0,0.0,0.0,0.0,0.0,0.0,0.0,0.012528451189926348,0.0,0.0,0.0,0.0,0.0,0.0,0.0,0.0,0.0,0.0,0.0,0.0,0.0,0.0,0.0,0.0,0.0,0.0,0.0,0.0,0.0,0.0,0.0,0.0,0.0,0.0004280532061604223,0.0,0.0,0.0,0.0,0.0,0.0,0.0,0.0,0.0,0.0,0.0,0.0018851896100710293,0.0,0.0,0.0,0.006544431315679858,0.0,0.0,0.0,0.0,0.0,0.0,0.0,0.0,0.0,0.0,0.0,0.0019168900155552657,0.0,0.0,0.0,0.0,0.0,0.0025689171552379323,0.0,0.0,0.0,0.0,0.0,0.0,0.0,0.0,0.0,0.0,0.0,0.0,0.0,0.0,0.0,0.0,0.0,7.83831053539316e-06,0.0,0.006307219853363668,0.002981029729666799,0.0,0.0,0.0,0.0,0.0,0.0,0.0,0.00443678902022187,0.0,0.00580273455308439,0.0,0.007760914413583709,0.0,0.003945468767333519,0.0,0.0002792463040344104,0.0012446925742468904,0.0,0.0019907990130117836,0.0,0.0,0.0,0.0,0.0,0.0,0.0,0.0,0.0,0.0,0.0,0.0,0.0,0.0,0.0,0.0,0.0,0.0,0.0,0.0,0.0,0.0,0.0,0.0,0.0,0.0,0.0,0.0,0.0,0.0,0.0,0.0,0.0,0.0,0.0,0.0,0.0,0.0,0.0,0.0,0.0024810700796066808,0.0,0.0,0.0
Non_classical_monocytes,0.004262799121656477,0.008532182758582427,0.009191828318207385,0.017359396982926337,0.00666183136853843,0.006454235799832629,0.0063000181448722,0.004712088591473775,0.006637629485708357,0.007813065563247927,0.005974750057362569,0.013378463523714378,0.0076630626738050335,0.006567996774677986,0.007814547319477163,0.006874554786815118,0.009008836686349057,0.0088383175819432,0.005973030607068338,0.002848899982593578,0.004432998968799539,0.007709666791850511,0.008016092007921766,0.004389907566887995,0.0023174875731637053,0.004558986664715149,0.004107969185564835,0.009185840448429383,0.009969705515595902,0.004323519905429801,0.008529002253270995,0.006108802862687835,0.004697353919165571,0.005001670865417622,0.005976456301028613,0.0051205801818259835,0.007154118587486324,0.007587541073751506,0.00887129376398583,0.016750383429786294,0.006956388626240204,0.005149794536746684,0.005632301231670874,0.005661496414416758,0.004562041266913983,0.0030039668500530074,0.007445590134643746,0.015087267928906333,0.004211083977022495,0.0065415395177766626,0.005877346843528836,0.0021470864736833416,0.0050977360952883626,0.00843669018841286,0.00908215452095207,0.019642411088147408,0.002300151602965793,0.0007503473089136654,0.002778593893011571,0.00583579235653693,0.008110693284858753,0.010726295826237589,0.0031867666340087137,0.006409519317797523,0.008813548325120771,0.012906070682014215,0.010749240155312163,0.005808034999798847,0.010099084385895367,0.011863586766634075,0.004850769189508716,0.010668657224086735,0.015348743711954186,0.00816010225870783,0.006663339537466057,0.0047185499131989685,0.00966802867143127,0.006150715452926145,0.0034583150270822596,0.004592566229204533,0.002074765227382243,0.012346625272773143,0.0036652805272266585,0.004964915475984156,0.009871377579081807,0.003026944737461652,0.010452635482138472,0.0040555912492549005,0.009534395278830423,0.007548483075005541,0.004969118632392366,0.011350215731480748,0.009106276022981696,0.01586244095720676,0.0035609686815180476,0.0036893834224088,0.004821330461780172,0.003307323801050685,0.015930200496877704,0.003513998514462447,0.007094109355108937,0.00645073930507425,0.005397789921319826,0.0023678868086258655,0.0052352995650786095,0.006013633125820449,0.007235146852053261,0.004008349413447785,0.01073037703417501,0.012714522813326343,0.011903088986010266,0.007606573092983861,0.01670177736283047,0.004442569704252113,0.0057548802640388355,0.009970704522141072,0.011282436590119389,0.009735441235744694,0.006337382683792383,0.006715340092773622,0.006540253312203634,0.0060632928466698415,0.010345238075148195,0.003751809557437242,0.005875747059376235,0.007021474272221382,0.006605867321193195,0.004292000047228033,0.005691185015482383,0.009573496973820995,0.003345334499600744,0.0035386712404917482,0.006162225651452076,0.009204625004708608,0.004459109583825905,0.008029106939152304,0.005257812194763702,0.0029643172825211898,0.00948831832067141,0.014957503900560838,0.008065625898595373,0.004171613213548034,0.0069683439574116015,0.006475533085980742,0.006906681225161166,0.013325061983961335,0.010369911452918443,0.009413304924485237,0.004762692496079363,0.007585695582721347,0.005045248428492223,0.005328251195064842,0.01423455388636098,0.004268419531071062,0.009899698824730256,0.0031696631470175844,0.008837328324927245,0.008082473438487484,0.009360640783056543,0.009642338201197989,0.0033238915797875242,0.007625629077017497,0.004232004766348825,0.0037768861905919755,0.0034058405951975556,0.00430466281735464,0.0026213022102396562,0.003717487678567011,0.006509485583943533,0.0033804024386101653,0.0064569890110954065,0.005653849694858704,0.01031517874810457,0.00996396666714194,0.005683922591922967,0.007461521229048335,0.0081298883683451,0.00989646115726753,0.004057239622368421,0.008633933461094982,0.006614033398140759,0.004222274904652759,0.005373250882214762,0.005442714578713724,0.01097068976990458,0.008044836463003044,0.010421437364615246,0.0050043558040117325,0.009743397296593381,0.0033438319658879024,0.004589641984719804,0.0057139450234926035,0.004498804127978342,0.01619111964318552,0.019290568600294385,0.006353870384416293,0.01227269077190336,0.003117307979954862,0.011600669481095807,0.009839928954426484,0.004198967722236817,0.002447211473405699,0.005725925955485026,0.00792143361512129,0.006869237817518079,0.010370888462779436,0.01030660997542926,0.004954889140905598,0.007924126747327885,0.011697104347955891,0.01123732577388272,0.0018515022162573927,0.00540234200400322,0.009426926745646809,0.006378657769686352,0.009392355851742772,0.006282218971111236,0.004849440803135067,0.0023126946761680557,0.009040053579935621,0.008899170456932197,0.010607006294562573,0.0168660781901275
Non_switched_memory_B_cells,0.03690572826243143,0.036872881251938355,0.046035557694702085,0.11644634399722634,0.05198846012578725,0.10789172851389703,0.04826198945121502,0.06775539965345431,0.06505220692434688,0.06449484311068134,0.04556956026846813,0.04230616475774967,0.04347767070578929,0.03735974981900818,0.07303642293258848,0.05929630176944956,0.04420471844508371,0.05612344074167596,0.05518835737393445,0.1056587523437358,0.052748673764432215,0.030513973568325897,0.0,0.015054684318398475,0.04541974839067411,0.07885505153328803,0.03796871658525086,0.02133776462153239,0.04106308564151408,0.043228664839059266,0.05436245324297135,0.02435636302274803,0.05607356417178487,0.03310632839109065,0.07192126015191452,0.019378896412812253,0.007604936155762127,0.06926996355679667,0.07687892189322891,0.09095021063700004,0.07288967707699845,0.05816421380677647,0.020890911339432917,0.05029005793989037,0.033926792009348006,0.044416426348835206,0.05026220731921002,0.025477139331031063,0.07663854882183059,0.04618755782406191,0.035712025411530235,0.025129514587369794,0.016774255133270383,0.05727004790347319,0.08110283640609812,0.051379394965995764,0.05401975434551114,0.017564410142479402,0.04857982110467769,0.023295505564429386,0.05556863079697437,0.04050397819046303,0.0726499370038167,0.048509565060304495,0.057133411308686384,0.04169534484490504,0.06848599635637259,0.04884322265767891,0.04597873498769816,0.07793632224943316,0.04772995006303432,0.04796758400631716,0.04685267855915772,0.04387073908226401,0.013896570123134399,0.0,0.011786565888867371,0.03449496213800769,0.0451097039096418,0.02679183224247474,0.01490387283812202,0.011598246853280026,0.07758168187751194,0.03707613525737669,0.027195178175817285,0.07228053953576181,0.04004680523252489,0.030860462192664907,0.05998595158346291,0.004184833655640849,0.04720667337375685,0.044465440744501636,0.03755925788111461,0.027370611624217847,0.05834800698453464,0.019749035225614484,0.06201027933421724,0.034803707141503555,0.021558858488598835,0.06457461835982352,0.0423844852746367,0.04201155515763617,0.03541460689698177,0.03850579808359826,0.05297814555659648,0.03052239547808168,0.025132363664993523,0.056067565159644214,0.07133279992208766,0.05560103431318851,0.05071127488730632,0.028273845665273276,0.0,0.05559578832951604,0.043775785175989325,0.02317540397344693,0.012657547965586113,0.02077758590859873,0.035674105035808215,0.043564211736724055,0.07817425781642703,0.07266436461481506,0.06109892799397681,0.058683007203394956,0.04326958187632253,0.04569966152539918,0.03046814279859167,0.04079804856959864,0.04051941523042989,0.03976676507712713,0.06415829378306473,0.10904152491767014,0.03775514424787386,0.08005888393698163,0.021824513694593463,0.031294512332947236,0.0257920665440324,0.054161741855195206,0.03515707006269029,0.02792715939569512,0.008571605664407542,0.0,0.030560383705278197,0.01864976356174665,0.03141820269736608,0.04655181182599821,0.012850659102710726,0.021883306622123514,0.04669008997122869,0.03598007998103138,0.03782419760871296,0.06437125803035203,0.053097731738872264,0.04362212764076377,0.01983311330446175,0.08755626752109069,0.04155188336350741,0.049543688029167345,0.06127441750543231,0.031171099460434795,0.048763677976465934,0.048600405550814026,0.040008986324322766,0.056489720775305556,0.08424768962846184,0.059682746775242344,0.014607036292788035,0.030933480140525133,0.06274227511336003,0.046296406114916436,0.041382863138089886,0.07197763401071082,0.040572601897898096,0.03679281571398825,0.022447356572119496,0.0384561136241378,0.05195719654479413,0.03865032374227598,0.03417842654297921,0.05205107671593987,0.0743164849913977,0.029863887548692732,0.04307154738751014,0.05211934430949366,0.04755049876201117,0.02904403777552464,0.0,0.059939732867257574,0.06506160327935856,0.04309826430538437,0.06222603651330312,0.024046426020353784,0.060301816022879165,0.017468705638341093,0.04396512440716359,0.05102940217212889,0.06912771990329321,0.0200621459932483,0.03015467193485011,0.03681524627420584,0.08786164344856037,0.07544981724684736,0.039610564136463654,0.06980263483669416,0.06552840922467217,0.04906393457732495,0.02954191990320202,0.03154855255394852,0.05015794659157015,0.08469183080425446,0.0472008491500307,0.03627260449153972,0.02654377598241708,0.05218291405585384,0.05466680101759145,0.09697913017810385,0.05589272723695808,0.035871227818191895,0.049310472461480036,0.04393369129505784,0.05222227116267928,0.10945546309352605,0.04248765067505502
PDC,0.013160211733245634,0.008533306627207762,0.00909331003340661,0.009770307913549157,0.011966481161521101,0.016220678232153028,0.011157607461699042,0.004321983651425088,0.009632473432957925,0.015652150703123167,0.01592874361527625,0.004828031272234757,0.013859490958231826,0.02223068811737431,0.010909112385377341,0.012796609154197848,0.01570666143506341,0.012351818393614704,0.015767664313716075,0.0061673635090125686,0.00757593612671225,0.01211977912681327,0.02244017158679337,0.012566786088766624,0.009107976593553542,0.0070775314898907935,0.014266975220145174,0.0056155764465355305,0.00600485928841858,0.011201898503390475,0.017950823402032568,0.020141017584609306,0.016554637156486116,0.016104659383809086,0.014923368927056528,0.01680505745012426,0.0008743426523119795,0.013909136134585236,0.01954139726221169,0.01845097552497903,0.011364051679795172,0.01804950036044664,0.019927060251872013,0.014445701701864424,0.004154844962706602,0.015930571437125084,0.01602855636352415,0.00583818390682417,0.009692398450100963,0.00915165373953813,0.017422581097766482,0.019680441294681328,0.010708531855884194,0.017076239920347965,0.017471682678066647,0.009148558060650522,0.01609452808183914,0.015153636357581978,0.014375502459459975,0.0024496922655729042,0.01875289279453195,0.019007852824316246,0.010151441672038592,0.02162037489450133,0.015944704080165913,0.024737023841259632,0.012481439954038293,0.018010821105046315,0.02007552159077471,0.02234229990181037,0.01903185894494956,0.025431308131922722,0.017749186113306878,0.020092195630260185,0.017752620444675075,0.00194195456713943,0.0040241916651578575,0.019000360558080544,0.0034558363661592183,0.01128709022870132,0.015855838774757974,0.010490255466403317,0.009251697270186604,0.015244234368625828,0.0038181244918327204,0.013788792190504492,0.005956979289242395,0.019845483188943844,0.015893956924401938,0.0033344934496814297,0.012829189897059157,0.018131787949004288,0.01623484572541797,0.009004267731352333,0.013904692574995383,0.0165969042762532,0.019561468566200415,0.01796916640352323,0.001918955341564281,0.010117042742702826,0.01479227348419532,0.020148665295033695,0.022172962369140535,0.01417241367126389,0.011383754485311093,0.01666259527760669,0.0010410858474241863,0.013434806147354554,0.0143797110941839,0.006830309327298749,0.016795044786877728,0.013642987167467858,0.0,0.013388530524036288,0.0041482425937270345,0.003918415851161897,0.014108236423346597,0.014871494990703173,0.01794437506291461,0.016891871762679707,0.015984793451941925,0.009547152678591594,0.022975101883819404,0.01237494401835263,0.005866030646672015,0.02020036380583154,0.01612490690563143,0.011691566032343184,0.020226693810206146,0.02703481664916581,0.013160540332616223,0.010489701198237588,0.01696129500608022,0.016502866422627882,0.01257308062324382,0.0019004736095444804,0.017734410799687916,0.011937728575533104,0.00823045898356816,0.003500663151103479,0.0047239274884840156,0.006693312279225001,0.008033036069142447,0.024287390845866064,0.021295138153604024,0.003716950844776311,0.029013910003330298,0.020200785919715126,0.015775499274335057,0.024424012340237663,0.016222398370281933,0.012004727697770015,0.007094246314766121,0.008691287832439418,0.004145608435032639,0.007092151402078543,0.02065980254354066,0.0158021727413614,0.01682327805365967,0.011247928141174755,0.007710498367491839,0.02365905877806143,0.0074605824495500555,0.014034076424626821,0.013002563901136263,0.01295319209079598,0.022701993596859142,0.011173084223066952,0.016530697765528592,0.007782689747296647,0.017202024224406393,0.012104804298638382,0.002989949149458362,0.013198108351120272,0.01848457177412255,0.014100062580355212,0.013594547138342525,0.0069906095725611374,0.01302979967045031,0.014589831433385356,0.012673810246338863,0.01685438201775963,0.013433489405199983,0.011024001392661572,0.007346226200343523,0.013530096006222701,0.011625676781890457,0.01848526521704627,0.013224783632490633,0.0176139919757981,0.016388296400834747,0.00401041027092936,0.012849353162843542,0.01059910296798967,0.0032107367814742187,0.01972272662162053,0.01766669608746666,0.015106789061036952,0.008338088902366021,0.008736544895715287,0.008352093982127001,0.012361659549609499,0.012543692399741641,0.01776794805542604,0.01351323265802483,0.010167361599379492,0.01903073670517199,0.01616154433999269,0.016805042777614958,0.017163285462205285,0.019103997646340607,0.01081481665137023,0.013004602885904742,0.01630102492811748,0.013230879468635628,0.0036648713896385264,0.013677343005650466,0.015173087059260446,0.011400341045448566,0.014523890833539117,0.02207472039763406,0.012625817396330046,0.014259912115874941
Plasma_B_cells,0.016764044612613754,0.01094687896569536,0.010806231903073388,0.009972960057998935,0.021505027213385458,0.013285510371342726,0.012479676974084138,0.009692541856666775,0.014903482549991628,0.010926858339831879,0.01165541499523592,0.011829622224627193,0.010870743079145343,0.009764882662745587,0.013660307808920172,0.013229447013030853,0.013993680338274278,0.006887390750826196,0.014274730433070903,0.012934711611498818,0.011214721101109845,0.0079291724716721,0.009477125034517189,0.012952421248022464,0.013351164819860737,0.009856423641796041,0.0084238174633502,0.005138630977078687,0.010963628930555884,0.010007066766346719,0.011442562781455425,0.00938030411758494,0.012586625305821957,0.01231150870292463,0.004803884037294599,0.010030909190571875,0.013135563577445341,0.013820036526669702,0.013798388448442753,0.01223217980622205,0.010458409998717591,0.014939205558515809,0.011346574200541198,0.010329513653682792,0.011218875005157409,0.017872751194341698,0.0134126797296825,0.011029171756633845,0.015850333264412,0.014088514310627449,0.013409566709792247,0.010755895748185891,0.01346632288664301,0.012489878292266669,0.01510692650035432,0.010578883444861924,0.015197480754197286,0.00950669640669153,0.0076864293959641415,0.008467099908975298,0.013203389461940203,0.006831021942168178,0.018107057740133534,0.01565810779163801,0.012556189567641884,0.012030885823845526,0.013083618926320059,0.00821315034765611,0.007989841177508753,0.010207931786766482,0.012171608090254315,0.010803849566783463,0.010307848232362613,0.00872519466504654,0.004773224358676508,0.009560105733500442,0.007276645871358295,0.010821635345335139,0.009872196445782414,0.010790390163456558,0.010657884773064404,0.00816577171435155,0.0166940213489799,0.013020559625738748,0.009694890879145532,0.016739756916399406,0.010971337173141426,0.011522641704157942,0.012606800336858903,0.005990431970338603,0.007470187087472729,0.011805026293281652,0.009070814999754588,0.013623126959970191,0.012892779877071204,0.007097997317705773,0.015409180774834264,0.008664184804097393,0.0061059841921770105,0.013546254315084175,0.008345775263839533,0.008466130840374095,0.012293120864202839,0.01391321026423447,0.014876037135278193,0.009604190972171479,0.010028845705544229,0.011227562902440983,0.008021413606006339,0.012839219666623913,0.011914815079202206,0.009053956164565072,0.00789598649596115,0.014080631069257622,0.0062800455973050584,0.009279136866356735,0.013068419099740627,0.009682670879579917,0.013893313741000385,0.011403819737777529,0.008299596447902437,0.008158531546349653,0.01226523127939325,0.01039332922741352,0.012145543125905043,0.013556119497843605,0.012660281920389278,0.009562296325729464,0.011969280524818524,0.014771459673480283,0.010703769759941258,0.017608189709976064,0.010543312933573235,0.01960365967811949,0.011083010622593346,0.008167992728690326,0.008208958851522253,0.01335130951983552,0.007112629461683896,0.01246349117910044,0.009504954774244874,0.010473662534543094,0.011887815250678684,0.012307078734333158,0.0059487787362565115,0.012047582039468884,0.012598858119405703,0.010545033020354777,0.01105002685817695,0.010701571532055022,0.006173581208674587,0.012697554766420328,0.009782146673896562,0.007270769150428168,0.011719854466299685,0.015977741793163434,0.0077247194804772835,0.008072764629570435,0.008363276329468861,0.008899524613002351,0.0137445981010527,0.00817996237186081,0.008640289181446232,0.011256881653286293,0.011620125417074122,0.012799627552863572,0.00935301066524982,0.00972790730326808,0.01681124327043046,0.009734872898084815,0.013030661492972433,0.014617214704864866,0.014148759049072092,0.010164854759662549,0.009620132039731413,0.009383593267778417,0.014519041035226488,0.008599913830811993,0.013326650925355938,0.006985594175603192,0.015356496413531321,0.008506205707864364,0.015500005566611536,0.013285640828880112,0.010328322186894182,0.009066429460733853,0.009020143097430005,0.016454752839409503,0.013766161162647015,0.010881089902938427,0.01077739866959642,0.008871116860890864,0.013950742795417767,0.007472458441131255,0.012218693025744683,0.013530239301612183,0.008107056175449594,0.0076102476052028216,0.007941863239327527,0.010839766585882276,0.01860293357756745,0.015469091947593484,0.020432028608246236,0.013003748134863465,0.011495531332452126,0.011466318544053136,0.015060894917524908,0.010723259600331632,0.008627483955861751,0.016462441077221973,0.01232615426059379,0.01323885469104807,0.008434419901650543,0.011483725954612039,0.014883131852398163,0.005427230999878432,0.009662428007520082,0.010256472972212853,0.01130203099845478,0.019300084701116365,0.01594353310248823,0.016834523118439866,0.011352228991150496
Tregs,0.1194801220913563,0.17317641813526963,0.08788586883420388,0.07942590617130973,0.10496127969206677,0.08170350694570841,0.1146433787912582,0.0875868459593213,0.12262123432736442,0.11680169028744514,0.10411562894099077,0.11938203068190839,0.102332981393827,0.13376706838940053,0.0945070844657301,0.08140886629702045,0.11040191165251576,0.12017985612963372,0.10892338053002137,0.11400023229556973,0.10038047315715329,0.0802553672430607,0.09949314619961336,0.0845662324730772,0.08520358822206062,0.12780562758863506,0.11392725106797809,0.12169578623332056,0.11588615143127094,0.10118266535828972,0.09367291051464136,0.1064072102778573,0.14140147386931978,0.09494788366139836,0.08164503619412547,0.14491864037547547,0.07283707920084267,0.09629911402107641,0.11313671500883025,0.07280780659543733,0.10503658668205808,0.10020800829717719,0.10469009875789928,0.10937455144390415,0.12017763408784785,0.07759280101026972,0.11753230390090919,0.10326260994143759,0.11214172484542298,0.06844961161002985,0.10869132403839303,0.08336748239786253,0.07113352571742747,0.09972585558575427,0.08802163289809062,0.09715497936455968,0.12137208655098661,0.11350561546223652,0.08070779813013472,0.08791589323133218,0.08920922590267133,0.10329073125794773,0.12490937918536596,0.10286386720842682,0.12041230984250784,0.09188030377736814,0.08252856566262332,0.08833877105815925,0.11096778029908959,0.09702712517795889,0.10654210901489221,0.1116846279295801,0.10891615654644422,0.09796637727813468,0.10297936154465254,0.1298564989766031,0.10030971847905393,0.10224970185201564,0.11447875147361171,0.10101875728736835,0.0890038651328938,0.1050065591071447,0.12473963199503377,0.10849872274712304,0.056013716082809514,0.11763422841967276,0.1038066533471382,0.10963243839634679,0.07842341485259592,0.07329804368329661,0.09633164777121345,0.08285524491477493,0.07374980190446777,0.07375859049122815,0.06967903531187493,0.08652631673864804,0.10268232932767482,0.10494121349903557,0.07476778372113015,0.12467734863731923,0.11316800492700195,0.11600508683250367,0.07619718555550349,0.0949109831379993,0.09762297472703318,0.10152581471822077,0.10312522924809846,0.1117494489455939,0.08748064082736938,0.09751197250762839,0.07238744146312943,0.1188489465398728,0.057332666893255314,0.11785283662172401,0.09313628286076363,0.1064664044627065,0.11636578017459323,0.12031881979532538,0.0749760488193949,0.08613992719082807,0.10556443825999273,0.11777204472366035,0.10597943682834268,0.10206495186854607,0.0935912452493462,0.11264138205963069,0.07144449266335372,0.10069028869026334,0.127219043967474,0.12619198005590346,0.10415565443778842,0.11339295685059335,0.11343623685667678,0.12081086872609982,0.10230608058271726,0.10068030255265173,0.1371139130957308,0.09856171933859292,0.1505157471382392,0.08201636620204147,0.07693063902290563,0.10644630553889345,0.08613676948572953,0.08827774911024185,0.12361192077582417,0.0838886541624778,0.022665085460180055,0.10146119533248324,0.07278599406854036,0.09761746407292009,0.11986826201018116,0.09243917286100911,0.11934142387834458,0.11229586377112358,0.07240966224362737,0.09183695781397473,0.12006020750665612,0.11798197457588126,0.08207531169912083,0.09762428778729194,0.11284100761516043,0.10168628111514842,0.12179419753622725,0.11510020666018754,0.10860136667287522,0.12254666567438448,0.09207447245734841,0.11159553277877615,0.07698263358760048,0.12115355631677863,0.07988484521892845,0.10342042448886125,0.06917962761843305,0.10097127613163881,0.10773523104630263,0.07368751887302347,0.09456332838472951,0.08722313726279007,0.09171714902561696,0.09509444683657696,0.09382788549880573,0.13143761901580317,0.08091518569540061,0.10680346016466334,0.09739253490783621,0.122823982379224,0.10196099303725305,0.08013955929110425,0.11858421299386557,0.10011102030051162,0.10805350876652936,0.09762548309534941,0.11520167762979759,0.08633397118943217,0.08997577143346801,0.1346067526552338,0.12350914410819051,0.12663110606305408,0.12292229164085396,0.12588424981869084,0.08847398522014067,0.093110384531836,0.16395314638501238,0.09335825766267766,0.10949573097812385,0.09863448170479819,0.10559403052546595,0.11048241293941889,0.11865646379822999,0.09999811638675324,0.09242594081965047,0.10722461036194432,0.10324558522872108,0.09224040699704185,0.08756908452324728,0.06599335872000145,0.14359194117995813,0.12537264016363214,0.11336623571462028,0.1006652658793388,0.10702565734623849,0.10066731745207386,0.1339156246559853
Non_plasma_B_cells,0.18280046378476947,0.19069384470996026,0.2228305444325035,0.29803298383058063,0.19711225706906496,0.28246444552361993,0.1232339710218138,0.2073483256815524,0.19901787071974053,0.16778276449430793,0.17353886430722726,0.1624986969962972,0.16530741893474307,0.17171890588728683,0.20138276078776107,0.19148402944942394,0.1920396085694478,0.17576056768491077,0.20688892331820968,0.28364606639758727,0.1552286318418604,0.18128485093639662,0.10783007476095693,0.18750326757091226,0.20452719535807504,0.13669350620162588,0.1909064178718225,0.10376491555697434,0.1514325565166702,0.1441687253604424,0.17001338586470457,0.15565971722643224,0.15325976125467422,0.2026267148937013,0.18012313824671966,0.17709171860690529,0.17684300210006132,0.2128621948001121,0.20498774450703466,0.2849200597389122,0.22281740627823277,0.18140022047624396,0.17039670426126727,0.17927511875034086,0.1389618825828403,0.18311781282940448,0.15584192100500327,0.17271274543851356,0.21123357348917837,0.18675148008614847,0.19752056816127608,0.18881731822584022,0.15777121051096873,0.1473233473209094,0.18934546876733635,0.1492110042612898,0.22195011741749293,0.13628992267670087,0.17684850166403548,0.17245369800025834,0.1790711375404107,0.17214884509720021,0.16538153767930375,0.16398484697083085,0.17295452054039995,0.14664351747725954,0.2101741947953411,0.16218773529531827,0.1726587416727375,0.24027616051449824,0.1737500389110772,0.1759847778104195,0.19200065710620853,0.17012857341824444,0.07328843747335594,0.14672677921238975,0.10342817186069772,0.15997435195150106,0.137146914657119,0.18322645038786653,0.15902925845278382,0.12736331925881464,0.2755324567788997,0.1353184179631196,0.15984625925114035,0.20772434816027185,0.14345731858231195,0.2020825828604281,0.16800463323314985,0.10483743996588259,0.18066190417620503,0.1676381834959902,0.15444214475895446,0.19623253382515432,0.2266297077065907,0.23190542310697693,0.22776218802173862,0.17018858611712592,0.12094201882680256,0.2053623525744599,0.18423727028397444,0.15273915345090452,0.18134110423736544,0.18280368491878274,0.19169879425396297,0.1714303807868437,0.13863141127028672,0.2063804622530161,0.1889704609801,0.16379008668950407,0.1807966204097808,0.15570360125451657,0.1728976472238977,0.19953132735249499,0.17645855205890162,0.14752913551667712,0.14145019844665888,0.14824818586444682,0.17902274705443766,0.18741239967664947,0.22296725228834413,0.1968491107083064,0.1762401207265202,0.18033811817346745,0.22945014177235984,0.19734022436988397,0.2130655303332405,0.14080926584054587,0.18496240580965584,0.15696971166794993,0.16978057757696016,0.10904152491767014,0.1778068817105025,0.18726530020607693,0.1744491014815377,0.1567842129255695,0.12440659614178781,0.1711704402569408,0.14019116375158475,0.16171689719047705,0.1591947349148521,0.2163028117063724,0.19211080718612797,0.1983431618902372,0.16285122060139356,0.1463010470793792,0.14922718130876778,0.16619451581060296,0.1693733191492862,0.17970040651210983,0.12400056906148717,0.18229070793395447,0.1593451456306853,0.20347134939036154,0.1854394766319794,0.26492126839764474,0.14250653495849905,0.1351583433536215,0.197761642403911,0.13536176982668013,0.19430866878816305,0.16358466342668726,0.17050602708792809,0.1701675961666521,0.2967764512102527,0.1647788134468704,0.15223240395007206,0.15230464846792446,0.19330683390705028,0.1678112564568655,0.186245530786039,0.22122432050610275,0.17738073664021187,0.12986469528143602,0.1486387833231924,0.1367794438754214,0.18952738293971824,0.15357551526528343,0.1437496029173551,0.1880512322057538,0.20237162350753737,0.16474714646580277,0.20854247063879178,0.17900130851728963,0.15991505653958502,0.09506327169155637,0.11215877114566533,0.1830837207362013,0.1973130157590053,0.2043529609983576,0.2135627451332392,0.2156562724006268,0.19209659162895315,0.10331129211599888,0.1770520481404514,0.18245259678281175,0.23591863759627296,0.10763471606319389,0.10118733808702172,0.15435910382865237,0.264744513834707,0.21855357006100595,0.19548281468999165,0.3064887069167084,0.18587716091907291,0.1664205462616058,0.137752872572408,0.16722228495643926,0.18519483715839125,0.25162795898941154,0.1731214272489296,0.2019166012829118,0.22892521313946643,0.17940611392128167,0.1912297026927928,0.22881931887219825,0.14611707810146896,0.15697099023524436,0.19473669771430102,0.15951349548552768,0.1804155239873577,0.17100918078515887,0.12702357670505987
Monocytes,0.00889051413498678,0.013488276221029459,0.017866953416996303,0.02624138694844993,0.012412770115523039,0.010071537021263847,0.016409622415520724,0.009845917484364322,0.00962542784565183,0.01146928997516475,0.008498399482727095,0.020734839680287644,0.009296186992883872,0.009629713725207567,0.011115547821616414,0.011507748217312146,0.013303270035942786,0.01347575860792492,0.008729466461915945,0.005239693965315959,0.006134602699986633,0.011272938964463885,0.010451728833888703,0.006154079110492471,0.004375161294499081,0.0075279065869218245,0.005178927311689632,0.0117976865594818,0.014833383200869408,0.006828966948078498,0.013915829756242878,0.010311486601648873,0.006400592724445826,0.007350528519023359,0.009058440156770587,0.007964393894998464,0.01093300544218432,0.011891252137506839,0.013157951910176418,0.024785495595439008,0.011720149277622955,0.00754495628525528,0.009549128832888859,0.009241730478097857,0.007247841650847478,0.006209603107297965,0.01154117822664108,0.021343165920081515,0.006348453891966869,0.009296715959971887,0.008670591644696399,0.0025023412677717275,0.008039634198689336,0.013857459542077236,0.013292924177792763,0.03226536569087913,0.003372539331692057,0.001049514467633032,0.003976528679705788,0.01212116998848391,0.013376551309695252,0.018108344321380577,0.005497971535290748,0.009324297351214029,0.014651429045212236,0.01748875083825921,0.018253290007349973,0.009014840632721868,0.01612138803011539,0.01837772275996647,0.007880044667329554,0.01413462478467601,0.02065736419486682,0.013404332705227453,0.009426146333458596,0.00721514457470095,0.015773331429919088,0.009647904482210423,0.004750301240142278,0.006816766900305648,0.00309195009920945,0.018852627394069583,0.005823651932117615,0.007356180567154159,0.014516087209500352,0.004907939495680065,0.018099443384698884,0.006939226410428946,0.015591872494704274,0.011600239768113661,0.008417631887209403,0.015923052654724247,0.013453558723637935,0.02396802011523374,0.005841343170346138,0.006535909369319189,0.008008178797538523,0.0055422588060718364,0.027135620210399433,0.0051742683272209275,0.010609212146272945,0.010852687332445952,0.008715293805950052,0.0037721081275502604,0.00871121568941258,0.008626695030573239,0.009475202840461893,0.005781746005743874,0.01686778469494672,0.018015743614342376,0.017340318206529474,0.011814187347796596,0.025268328234011424,0.006712277475608647,0.008134229328625932,0.014862709178496141,0.01666395871400946,0.016284309208350823,0.009650166576893163,0.011352443437580548,0.010716756895612366,0.009496434806527301,0.01565815030244114,0.006089599516612794,0.008827518650973327,0.011146459239573218,0.009435109889772008,0.008004969006121177,0.00817927994268784,0.013393834723667095,0.00527222378644456,0.004986146122547992,0.009220414999808878,0.014220724965288277,0.00680184738705995,0.010601540397219042,0.008224788631959344,0.004480296025368533,0.01557320372748279,0.029672120559660942,0.012421130823851902,0.006240330259595937,0.010700529899498702,0.00980391475192362,0.01047021410735171,0.018456582220717103,0.016111393346648333,0.0143817249619488,0.006376505824051023,0.012764460154121995,0.006633491578219932,0.0076482336373654815,0.020985051691967106,0.0062458794824849844,0.019942466600016015,0.005062333022903648,0.01462701254493025,0.012818829040253396,0.013951982672073784,0.013195074833414547,0.005400882589445784,0.011744851746099991,0.00564656108688185,0.005183524118074551,0.0055883284231769345,0.006261678686226846,0.003809047573417059,0.006054547734734071,0.010653693951074952,0.00491052929061776,0.009368645348983028,0.007145506680824126,0.015864470438303854,0.012553690847278861,0.008337034478981875,0.011618476034113945,0.013134282859639025,0.014743373904218331,0.0064085158187491085,0.013810023040390652,0.00961500258442948,0.006755304767573049,0.009188719639923161,0.008338626797152504,0.016216353763431255,0.011799840948514597,0.015965475591420697,0.007905312451386872,0.015305158006024954,0.008022065089945822,0.009841606924742962,0.008432904405626891,0.00631509609090458,0.025683188794162617,0.029535935270747597,0.009906907329298517,0.01925262283800541,0.004413297245764081,0.01636639573513506,0.013633320636143828,0.006165573584173195,0.004074849373284506,0.00823184601229618,0.011780709921032029,0.010835103403770098,0.012587872459366012,0.015243945498642879,0.007114067208972921,0.01125700314895449,0.017316728989459757,0.017036868646151664,0.0028148961617463107,0.00692208177757217,0.015126983291928818,0.008926011684423838,0.012227789010352793,0.009437386953419329,0.007420660856057824,0.006698139626280738,0.012244656702190866,0.01312951128979144,0.017026489574248755,0.024559465305855663
Granulocytes,0.056629961282119355,0.05279409999004647,0.08426228553029838,0.0658765546070503,0.07063904228358489,0.017226000868529538,0.02469471313600665,0.09671982160470208,0.042274052197449966,0.06608233072109583,0.0671092799021327,0.06923465426721326,0.06188927459218254,0.0948722758043281,0.09843343376525293,0.08670735546466117,0.08063807156794188,0.053675591025045474,0.09140696424850109,0.032490241989816274,0.10834172624769138,0.06021507841986988,0.04427848433589346,0.04481335552801342,0.06338846987761552,0.10170640062088374,0.11936407331372118,0.08197317607329233,0.14406081500718979,0.0473015711456693,0.0816696068805066,0.07719615339900547,0.0562746954604289,0.054555622940889954,0.11044890286304386,0.028594242203240933,0.11570999168257641,0.08094201104471266,0.034700863969598005,0.04707504142717457,0.07023056916577826,0.06968957702988952,0.04999842165100693,0.08528285102413438,0.1310540725015102,0.03226987388301221,0.040423472746867056,0.08793479631555201,0.04208275554328009,0.09354740066611772,0.04972129206325436,0.08941476601938478,0.09474216829400302,0.11119823523783111,0.08249832311204508,0.11205490617525458,0.02921490012993764,0.07914762680628767,0.05999890407485134,0.09938965480499277,0.052910713143527,0.06048453995935461,0.03806305497274059,0.04479543217555386,0.08016276050797146,0.044041590408836255,0.06698375481785142,0.07973790753864068,0.057352568480663633,0.043195263111200914,0.08339165064767985,0.041124159610636715,0.10330144999568669,0.04131777596182319,0.11616360601469308,0.06597925453257035,0.09294799031636239,0.03370716376205641,0.09653575570382338,0.06951466741861688,0.05038033483847751,0.12572603364277882,0.027968436558249887,0.04969903365219722,0.19106569494269413,0.062145277686315094,0.1084044898863182,0.09345305197015429,0.09257552752027798,0.14077820675424085,0.08753241009977977,0.04948458078274902,0.0805273953766204,0.11446818917479745,0.055835950700758405,0.07060340187415018,0.05797635918476308,0.08621419321105186,0.13927317318752228,0.04823693247712031,0.08860546003588869,0.06867411024513431,0.06216573152324026,0.046427583488403326,0.0681260489385706,0.03277618920205755,0.025131440163090164,0.0745624191997377,0.07728603246456561,0.1189154784651106,0.09947116773340205,0.07960797464047258,0.11382664156464363,0.04931902947086085,0.16557726536975795,0.0969218469573097,0.07861603223293837,0.0567490545062865,0.04190287587795622,0.06751208076287893,0.09021092579547182,0.0716753743624732,0.04285765731032244,0.06913451070120334,0.07535686067443326,0.06275339709804245,0.037879633573260844,0.0804812536729259,0.07198687786636501,0.06633081080292048,0.059504902323897844,0.03637213772833548,0.11064662316458046,0.05718514222514011,0.018030820743858682,0.063621582137266,0.03095309838411263,0.06269565157324256,0.11789169234273111,0.10579538504962542,0.09119232986456773,0.08048068183677164,0.07991133700353234,0.06679702740384957,0.09451594591559102,0.12560357531340993,0.01642713605446156,0.05310818202646642,0.029163268581059273,0.049375116254026775,0.1038662675472748,0.04222755256351331,0.054398412951518677,0.03707409964009206,0.05694229219497346,0.032464439750979096,0.05984561059772763,0.08354967538676508,0.07119894677929756,0.0900120719180532,0.057118060902816674,0.07408552365300275,0.030252095155691563,0.08324512204732758,0.05782925497984957,0.049608113725516254,0.08124487673361294,0.09024898548141637,0.04997192315678364,0.06508326149647085,0.05063728665902042,0.10208168103462857,0.11186775999338089,0.08117441162994846,0.10010235702276073,0.0640147872412871,0.05572955651258694,0.11134764811098322,0.12342719269279408,0.031079576905133483,0.04706159840623036,0.05010415772767767,0.03993481247762318,0.04329240719193024,0.12225272642932156,0.033755798414617025,0.0803740386292509,0.08244865243239105,0.0935234289315756,0.03320839961331987,0.07665551306017142,0.1108954779395839,0.05967239179829422,0.14050325899359764,0.09571044842566966,0.09701360516018062,0.0922846140653487,0.059225184733525296,0.1304387711382828,0.09883212669043853,0.01712945628905975,0.05621119135325375,0.03205604839844519,0.09365527156374512,0.04130157471715636,0.03813297490966569,0.11239502570489569,0.10981079120388068,0.10363983598584056,0.0889800893273544,0.09892774803624473,0.043009402020913474,0.04223031551205965,0.05197135111514468,0.06887296896458797,0.09624478902757261,0.0762735406933197,0.04889084745004574,0.10442469399408101,0.1162604316975304,0.07222508658408436,0.09138821733356915,0.088543321636406
CD4_T_cells,0.1194801220913563,0.17317641813526963,0.08788586883420388,0.07942590617130973,0.10496127969206677,0.08170350694570841,0.1146433787912582,0.0875868459593213,0.12262123432736442,0.11680169028744514,0.10411562894099077,0.11938203068190839,0.102332981393827,0.13376706838940053,0.0945070844657301,0.08140886629702045,0.11040191165251576,0.12017985612963372,0.10892338053002137,0.11400023229556973,0.10038047315715329,0.0802553672430607,0.09949314619961336,0.0845662324730772,0.08520358822206062,0.12780562758863506,0.11392725106797809,0.12169578623332056,0.11588615143127094,0.10118266535828972,0.09367291051464136,0.1064072102778573,0.14140147386931978,0.09494788366139836,0.08164503619412547,0.14491864037547547,0.07283707920084267,0.09629911402107641,0.11313671500883025,0.07280780659543733,0.10503658668205808,0.10020800829717719,0.10469009875789928,0.10937455144390415,0.12017763408784785,0.07759280101026972,0.11753230390090919,0.10326260994143759,0.11214172484542298,0.06844961161002985,0.10869132403839303,0.08336748239786253,0.07113352571742747,0.09972585558575427,0.08802163289809062,0.09715497936455968,0.12137208655098661,0.11350561546223652,0.08070779813013472,0.08791589323133218,0.08920922590267133,0.10329073125794773,0.12490937918536596,0.10286386720842682,0.12041230984250784,0.09188030377736814,0.08252856566262332,0.08833877105815925,0.11096778029908959,0.09702712517795889,0.10654210901489221,0.1116846279295801,0.10891615654644422,0.09796637727813468,0.10297936154465254,0.1298564989766031,0.10030971847905393,0.10224970185201564,0.11447875147361171,0.10101875728736835,0.0890038651328938,0.1050065591071447,0.12473963199503377,0.10849872274712304,0.056013716082809514,0.11763422841967276,0.1038066533471382,0.10963243839634679,0.07842341485259592,0.07329804368329661,0.09633164777121345,0.08285524491477493,0.07374980190446777,0.07375859049122815,0.06967903531187493,0.08652631673864804,0.10268232932767482,0.10494121349903557,0.07476778372113015,0.12467734863731923,0.11316800492700195,0.11600508683250367,0.07619718555550349,0.0949109831379993,0.09762297472703318,0.10152581471822077,0.10312522924809846,0.1117494489455939,0.08748064082736938,0.09751197250762839,0.07238744146312943,0.1188489465398728,0.057332666893255314,0.11785283662172401,0.09313628286076363,0.1064664044627065,0.11636578017459323,0.12031881979532538,0.0749760488193949,0.08613992719082807,0.10556443825999273,0.11777204472366035,0.10597943682834268,0.10206495186854607,0.0935912452493462,0.11264138205963069,0.07144449266335372,0.10069028869026334,0.127219043967474,0.12619198005590346,0.10415565443778842,0.11339295685059335,0.11343623685667678,0.12081086872609982,0.10230608058271726,0.10068030255265173,0.1371139130957308,0.09856171933859292,0.1505157471382392,0.08201636620204147,0.07693063902290563,0.10644630553889345,0.08613676948572953,0.08827774911024185,0.12361192077582417,0.0838886541624778,0.022665085460180055,0.10146119533248324,0.07278599406854036,0.09761746407292009,0.11986826201018116,0.09243917286100911,0.11934142387834458,0.11229586377112358,0.07240966224362737,0.09183695781397473,0.12006020750665612,0.11798197457588126,0.08207531169912083,0.09762428778729194,0.11284100761516043,0.10168628111514842,0.12179419753622725,0.11510020666018754,0.10860136667287522,0.12254666567438448,0.09207447245734841,0.11159553277877615,0.07698263358760048,0.12115355631677863,0.07988484521892845,0.10342042448886125,0.06917962761843305,0.10097127613163881,0.10773523104630263,0.07368751887302347,0.09456332838472951,0.08722313726279007,0.09171714902561696,0.09509444683657696,0.09382788549880573,0.13143761901580317,0.08091518569540061,0.10680346016466334,0.09739253490783621,0.122823982379224,0.10196099303725305,0.08013955929110425,0.11858421299386557,0.10011102030051162,0.10805350876652936,0.09762548309534941,0.11520167762979759,0.08633397118943217,0.08997577143346801,0.1346067526552338,0.12350914410819051,0.12663110606305408,0.12292229164085396,0.12588424981869084,0.08847398522014067,0.093110384531836,0.16395314638501238,0.09335825766267766,0.10949573097812385,0.09863448170479819,0.10559403052546595,0.11048241293941889,0.11865646379822999,0.09999811638675324,0.09242594081965047,0.10722461036194432,0.10324558522872108,0.09224040699704185,0.08756908452324728,0.06599335872000145,0.14359194117995813,0.12537264016363214,0.11336623571462028,0.1006652658793388,0.10702565734623849,0.10066731745207386,0.1339156246559853
B_cells,0.1995645083973832,0.2016407236756556,0.2336367763355769,0.30800594388857955,0.21861728428245042,0.29574995589496267,0.13571364799589794,0.21704086753821916,0.21392135326973216,0.1787096228341398,0.18519427930246318,0.1743283192209244,0.17617816201388842,0.18148378855003242,0.21504306859668124,0.2047134764624548,0.20603328890772207,0.18264795843573697,0.22116365375128058,0.2965807780090861,0.16644335294297025,0.18921402340806873,0.11730719979547412,0.20045568881893472,0.21787836017793577,0.1465499298434219,0.1993302353351727,0.10890354653405303,0.1623961854472261,0.1541757921267891,0.18145594864616,0.16504002134401718,0.1658463865604962,0.21493822359662593,0.18492702228401425,0.18712262779747715,0.18997856567750665,0.22668223132678178,0.2187861329554774,0.29715223954513426,0.23327581627695035,0.19633942603475976,0.18174327846180846,0.18960463240402364,0.15018075758799773,0.20099056402374618,0.16925460073468576,0.1837419171951474,0.22708390675359036,0.2008399943967759,0.21093013487106832,0.1995732139740261,0.17123753339761175,0.15981322561317607,0.20445239526769066,0.15978988770615174,0.2371475981716902,0.1457966190833924,0.18453493105999963,0.18092079790923363,0.1922745270023509,0.17897986703936838,0.1834885954194373,0.17964295476246886,0.18551071010804182,0.15867440330110508,0.22325781372166117,0.17040088564297437,0.18064858285024626,0.2504840923012647,0.1859216470013315,0.18678862737720295,0.20230850533857114,0.17885376808329098,0.07806166183203245,0.1562868849458902,0.11070481773205601,0.1707959872968362,0.14701911110290142,0.1940168405513231,0.1696871432258482,0.13552909097316618,0.2922264781278796,0.14833897758885836,0.16954115013028587,0.22446410507667125,0.15442865575545336,0.21360522456458605,0.18061143357000875,0.11082787193622119,0.18813209126367778,0.17944320978927183,0.16351295975870905,0.20985566078512452,0.2395224875836619,0.2390034204246827,0.2431713687965729,0.17885277092122331,0.12704800301897956,0.21890860688954406,0.19258304554781397,0.16120528429127862,0.19363422510156827,0.19671689518301722,0.20657483138924115,0.18103457175901516,0.14866025697583096,0.21760802515545707,0.19699187458610634,0.17662930635612797,0.192711435488983,0.16475755741908166,0.18079363371985885,0.2136119584217526,0.18273859765620667,0.15680827238303385,0.1545186175463995,0.15793085674402674,0.19291606079543805,0.198816219414427,0.23126684873624656,0.20500764225465606,0.18850535200591345,0.19073144740088097,0.24159568489826488,0.21089634386772757,0.22572581225362978,0.15037156216627534,0.19693168633447436,0.17174117134143022,0.1804843473369014,0.1266497146276462,0.18835019464407574,0.20686895988419643,0.18553211210413104,0.1649522056542598,0.13261555499331007,0.18452174977677632,0.14730379321326864,0.1741803883695775,0.16869968968909696,0.2267764742409155,0.20399862243680666,0.21065024062457036,0.16879999933765008,0.15834862911884806,0.16182603942817347,0.17673954883095774,0.18042334600746313,0.19040197804416487,0.13017415027016174,0.19498826270037478,0.16912729230458187,0.21074211854078972,0.1971593310982791,0.28089901019080815,0.15023125443897634,0.14323110798319194,0.20612491873337987,0.1442612944396825,0.20805326688921574,0.17176462579854807,0.17914631626937433,0.1814244778199384,0.30839657662732683,0.17757844099973397,0.1615854146153219,0.16203255577119255,0.21011807717748074,0.17754612935495032,0.19927619227901144,0.23584153521096762,0.19152949568928396,0.14002955004109857,0.15825891536292383,0.1461630371431998,0.20404642397494474,0.16217542909609542,0.15707625384271104,0.19503682638135697,0.2177281199210687,0.17325335217366714,0.22404247620540332,0.19228694934616974,0.1702433787264792,0.10412970115229023,0.12117891424309533,0.1995384735756108,0.21107917692165232,0.21523405090129602,0.22434014380283562,0.22452738926151766,0.20604733442437093,0.11078375055713013,0.18927074116619608,0.19598283608442393,0.24402569377172256,0.1152449636683967,0.10912920132634925,0.16519887041453465,0.2833474474122744,0.23402266200859945,0.2159148432982379,0.31949245505157187,0.19737269225152504,0.17788686480565893,0.15281376748993292,0.1779455445567709,0.193822321114253,0.26809040006663354,0.1854475815095234,0.21515545597395988,0.23735963304111696,0.1908898398758937,0.20611283454519097,0.2342465498720767,0.15577950610898905,0.1672274632074572,0.2060387287127558,0.17881358018664403,0.1963590570898459,0.18784370390359872,0.13837580569621036
T_cells,0.1566614098494599,0.20436933978584132,0.1210164117581415,0.11803334271176424,0.17349152605315094,0.12476154811229023,0.14816045821625862,0.16227059474770378,0.18806449471851402,0.1723629278294318,0.18223727116834965,0.17616741376377332,0.14128043712024307,0.1763753729874214,0.15716922393505628,0.14130630464620092,0.1915701347252537,0.18874352557752105,0.14881573509466184,0.16623770334469135,0.14942245132783,0.11560775785993016,0.14573479015338048,0.11044696232499561,0.11385362585879669,0.18502228233519016,0.1682690242439594,0.19862996213556589,0.17709976093647511,0.18098188154658837,0.14718470070748402,0.157688271558817,0.18891571786940847,0.12918944073462435,0.1352921158829982,0.22303552091078857,0.10531707703297954,0.1582442170258564,0.1804616797030488,0.10065797259993757,0.16957485370295008,0.18842490581729537,0.16980595638649762,0.16750944483973412,0.17169812740790164,0.1265210590873591,0.1921855199503315,0.15501167407518548,0.19045458497287077,0.11538467330050942,0.16435965757448412,0.13919988503932046,0.09219363318300375,0.1551269864815995,0.15000784954678759,0.15396367521512355,0.1656454378623364,0.1686969472283652,0.11116347923260192,0.12281063347038043,0.14659617277258893,0.16062182836639827,0.186399176775135,0.14451334178962907,0.1733001443109012,0.17003296832603876,0.14731761485030928,0.14142544639198715,0.16358424721365128,0.14580533899033635,0.16588256916994976,0.16765593242331123,0.13334405469751656,0.17095485345801187,0.1654207949388559,0.21875126577934328,0.1690958915371274,0.17128197190522465,0.19564393849332468,0.1948286974980769,0.14784743099879824,0.14226309495176018,0.21256489505535825,0.17959588368457508,0.09072761997927425,0.19315902507512722,0.1506980902889462,0.1600483040061042,0.14936836225331407,0.10573717288211917,0.14993689725560122,0.13204303285331873,0.13318793940176638,0.09969384761688374,0.1149326050193474,0.10883279534142051,0.15772386873134103,0.16626961516544578,0.1223971688888951,0.17775841380440294,0.15944016986418044,0.18218009265798932,0.11656780671486162,0.1411764591282476,0.14772410376184295,0.16313804237360233,0.13993084169689107,0.14935682895052063,0.1523118990545297,0.16783037989186073,0.12217155605460334,0.1810222330509594,0.09930570709164108,0.19515323306637514,0.1549088109993003,0.16234255507699338,0.16247121500455203,0.15566243805409619,0.11683391241393457,0.12403498842712471,0.14045437628305563,0.1820521932629445,0.1650277239243504,0.15104679280690303,0.15493705152739903,0.15298363645529123,0.09968977611300255,0.13015806609868677,0.18255516875038116,0.19089111839377498,0.18186632122542384,0.21730779835383018,0.17935661783559842,0.18766490820208986,0.14943546090549603,0.16812432243541087,0.2124432924652575,0.15187224264263804,0.17486240431527383,0.12042975569318062,0.11650222687504193,0.13321396913858544,0.12263569020593607,0.12526868008923087,0.16586450647233342,0.1335750037835719,0.038034734244775936,0.1586633807324697,0.1250819956249271,0.13331000294726977,0.19127651540942192,0.14183427112225264,0.16612548114230857,0.16663665730974322,0.08913411188286366,0.13993450558902218,0.18227879654427276,0.16820089907572813,0.12651282731171543,0.16281907220270458,0.18188769463754653,0.16374926008946883,0.20996698007484468,0.18615249383461718,0.14115972717943995,0.17686264156702036,0.12303082280401642,0.19938553144646798,0.11320341800606987,0.19593343774593444,0.12307579218702006,0.17374775040702167,0.10018094164660825,0.1734321325089389,0.14294079565660273,0.12444210416171463,0.16838138110262374,0.1422510977610031,0.15290042406392124,0.14974999639768952,0.15497250920966132,0.17477090028190323,0.11960006528950878,0.1584645019358807,0.15104045341798514,0.1614772188060137,0.14455658197564714,0.12254546926344964,0.14806190593989482,0.14752130507012834,0.16595140826523638,0.13947307578230073,0.1728996572317779,0.13140999085115856,0.1253332689232745,0.21692007572944097,0.19921955655207346,0.2007628759406922,0.17681913528956614,0.20064882858908467,0.14493309535769225,0.16322349749508847,0.22303789317048342,0.1503530307348475,0.18252127024451942,0.19621792680063493,0.18961503290491774,0.1871924879832351,0.16347540410560005,0.16484931678365516,0.13050173638370077,0.15556236144573482,0.15549720009271595,0.16774049303570088,0.1689239227035044,0.10538287445839956,0.20609284621950258,0.19417816331521753,0.1944049335689778,0.18502165392472522,0.17654639739308248,0.17334446722434277,0.2109072269956276
Myeloid_cells,0.07868068715035177,0.0748156828382837,0.11122254898070129,0.1018882494690494,0.09501829356062903,0.04351821612194641,0.05226194301322641,0.11088772274049148,0.06153195347605972,0.09320377139938374,0.09153642300013604,0.09479752521973565,0.08504495254329825,0.12673267764690999,0.12045809397224669,0.11101171283617116,0.10964800303894807,0.07950316802658511,0.1159040950241331,0.0438972994641448,0.12205226507439026,0.08360779651114703,0.07717038475657553,0.06353422072727251,0.07687160776566815,0.11631183869769635,0.138809975845556,0.09938643907930965,0.16489905749647776,0.06533243659713826,0.11353626003878205,0.10764865758526365,0.07922992534136084,0.0780108108437224,0.13443071194687098,0.05336369354836365,0.12751733977707272,0.10674239931680474,0.0674002131419861,0.0903115125475926,0.09331477012319639,0.09528403367559145,0.07947461073576781,0.10897028320409666,0.14245675911506425,0.054410048427435256,0.06799320733703229,0.11511614614245769,0.058123607885347914,0.11199577036562774,0.07581446480571724,0.11159754858183783,0.11349033434857654,0.1421319347002563,0.11326292996790449,0.15346882992678423,0.04868196754346883,0.09535077763150268,0.07835093521401709,0.11396051705904958,0.0850401572477542,0.09760073710505143,0.05371246818006993,0.07574010442126922,0.11075889363334959,0.0862673650883551,0.09771848477923968,0.10676356927640887,0.09354947810155373,0.08391528577297776,0.11030355425995897,0.08069009252723544,0.14170800030386038,0.07481430429731083,0.14334237279282674,0.07513635367441072,0.11274551341143933,0.062355428802347374,0.10474189331012487,0.08761852454762385,0.06932812371244493,0.15506891650325172,0.04304378576055411,0.07229944858797721,0.2093999066440272,0.08084200937249965,0.1324609125602595,0.12023776156952708,0.1240613569393842,0.15571293997203595,0.10877923188404832,0.08353942138647756,0.11021579982567631,0.14744047702138352,0.07558198644609992,0.09373621551972257,0.08554600654850202,0.10972561842064693,0.16832774873948597,0.06352824354704406,0.11400694566635695,0.09967546287261397,0.09305398769833084,0.06437210528721747,0.08822101911329427,0.05806547951023748,0.03564772885097624,0.09377897135283612,0.10853352825369623,0.1437615314067517,0.13360653072680925,0.10506514915573703,0.13909496979865504,0.06941983747050579,0.1778597372921109,0.11570297198696773,0.10938822737029441,0.0879048587053405,0.069497417517764,0.09575639596313917,0.11691247614302612,0.0907189618475921,0.08149090949658298,0.08759905423616876,0.0900504099720786,0.09410022014344721,0.06343965036866428,0.10017778871139026,0.100392851619259,0.10675946217575338,0.07793766644295863,0.05184798504912106,0.13682833317046955,0.08790873361305626,0.03740574875416245,0.07612359614402953,0.05691229781575989,0.07911367617414419,0.14169535505378206,0.13896816876038984,0.10833738817690365,0.09341432437559256,0.09864490297217349,0.10088833300163925,0.12628129817654676,0.14777710837890334,0.06155243940444019,0.08769069290813035,0.051315273679445356,0.08656358874838643,0.12672215749577667,0.061880513898648806,0.0824777109582519,0.05201126695501647,0.08103036723002212,0.044618924175961285,0.09513242568619855,0.11217067716837989,0.10197420750503101,0.1144550748926425,0.0702294418597543,0.10948943417716417,0.04335923869212347,0.10246272259002895,0.07642014730416276,0.06882298450253908,0.10775591790388914,0.1074766174392174,0.07715631487338719,0.07777648053438527,0.07720795623240984,0.12133199201409109,0.1307221795811431,0.10692621082834759,0.12692396327586514,0.08973332585575627,0.0824583865105685,0.1330816315877627,0.1428655081819935,0.059479431378909486,0.0693504112369987,0.07371384451301036,0.06255702152274632,0.06265503538174431,0.14581530639309634,0.059085735369354325,0.10796519100256205,0.10883923010082419,0.12205337057009119,0.058844456679063795,0.10288541638574913,0.12333879261614014,0.07883684105204233,0.17678555075574992,0.12845712047789146,0.12664323911109965,0.12920393299082078,0.07874527104032633,0.1551432557757839,0.12120199222229765,0.03164712385535995,0.07264770027614775,0.052831586810483014,0.12320392954020319,0.0656499107789513,0.06088820896841119,0.14666970790871056,0.1330864027528463,0.13170188191241,0.12346010377901945,0.13506861432873699,0.056639114834030016,0.06215700017553656,0.08339935933519098,0.09102986011764744,0.11213744942756393,0.09938827065238948,0.071484595365364,0.12252317466581032,0.14302897923326038,0.10742931827150985,0.12104052430414795,0.1273626990581366
