,B Cell,Epithelium,Myeloid,Stroma,T Cell,Neutrophil,rho_Spearman,rho_Pearson
CID003352-2,0.016483707712096094,0.10511301135277878,0.041564899907243685,0.5364056274127059,0.2591486344684071,0.041284119146768467,0.848058330217403,0.7456489658084632
CID003353-1,0.02322989020782246,0.6213482293722689,0.000860805326294792,0.15859081824843255,0.19592945539897647,4.080144620490445e-05,0.9250293772032903,0.8282205246652348
CID003354-1,0.0024025453793690425,0.47201807181375843,0.0007478485443908959,0.38052625217444125,0.14413871283236646,0.00016656925567391602,0.9022082075899347,0.8148700679891426
CID003355-1,0.3393910204862691,0.2712519026908812,0.00222620296710153,0.051345485350927145,0.33476865372649034,0.0010167347783307337,0.8124025008275484,0.6546545426275074
CID003356-1,0.04818228693678862,0.21101762318383854,0.0035993203832289777,0.4091984530996722,0.32593306242074904,0.002069253975722637,0.887824512383691,0.7899005050671626
CID003357-1,0.20078561945525372,0.24966187511161625,0.005663738702792301,0.24709047478483898,0.2892180718246395,0.007580220120859258,0.7946603528581,0.6132488433245686
CID003358-1,0.009548529057327514,0.45612129511474425,0.0036493114387811027,0.23700161728263885,0.2899659209257004,0.0037133261808078724,0.9012296686559815,0.768714643878771
CID003359-1,0.005769982435398979,0.3556907474735803,0.002588224485467182,0.46515025445112207,0.16869123028267474,0.002109560871756717,0.8991295590916085,0.7859345647455589
CID003360-1,0.2941900968451845,0.06985362190671546,0.015523754907821957,0.4230713635004336,0.1966584967656256,0.0007026660742189756,0.8588667138507557,0.692726953265323
CID003361-1,0.20395749338884475,0.2543561918447503,0.0024640765304911163,0.3346437242187194,0.20294374734506437,0.0016347666721301885,0.8745359489343518,0.7231318573241918
CID003362-1,0.006858205119374547,0.39433648686978057,0.0027001752889835137,0.4228298144787288,0.17255469300213377,0.0007206252409987831,0.9241147699090658,0.8283853993840796
CID003363-1,0.19045307103938358,0.37395949749697016,0.0003620436623296801,0.23331776699851758,0.20189121792516812,1.6402877630967533e-05,0.8525836627316916,0.7655484738696335
CID003364-1,0.12542604067353455,0.23245884572216763,0.0007697879206895071,0.3186880160091954,0.30743269592287786,0.015224613751535063,0.8853270894935301,0.7433921828038783
CID003365-1,0.026279795159425384,0.427464881918343,0.0002764185297933598,0.3518488002869264,0.1941018669849774,2.8237120534586697e-05,0.8887503444475062,0.8012874325031393
CID003366-1,0.051522691419278226,0.00011455907064064614,0.2526342055032551,0.485410769135784,0.20954464693511743,0.000773127935924561,0.869707001787425,0.7706197748096993
CID003367-2,0.1456711157477158,0.025155672715650418,0.018587317082666716,0.41930154012956805,0.3245543474739746,0.06673000685042439,0.8935178905677781,0.7323108289965978
CID003368-1,0.1490496782258511,0.24155766030804718,0.01782265083980144,0.26205906274148555,0.3257215402702338,0.0037894076145809233,0.8761986951685973,0.7566487600494567
CID003369-1,0.10171238206997468,0.33213115012853556,0.011379494304279827,0.2623182118538281,0.2611882116071718,0.03127055003621003,0.7654047859614131,0.526325961569216
CID003370-1,0.24184396922568577,0.2548134764860795,4.4577127077099905e-05,0.16746929698838803,0.32116151869713966,0.014667161475629976,0.8826105403123866,0.6637964812128326
CID003371-2,0.27632221628542125,0.14196167904756996,0.0017799902712773152,0.3134502621863845,0.2280342993181425,0.03845155289120447,0.8902824436978972,0.7429155812689565
CID003372-1,0.16548702137155785,0.18171391717152663,0.05346511922481887,0.26716309989219394,0.31207716918758793,0.020093673152314858,0.8716802756151154,0.7412715553980503
CID003373-1,0.031035482298587234,0.42643815582597505,0.0010947485819460673,0.3214318879060446,0.1860014461806705,0.03399827920677656,0.766433815034039,0.5986612177912047
CID003374-1,0.008042527358322567,0.7899474236130923,0.0020338541320429923,0.18189801527381383,0.01619715705198954,0.0018810225707387824,0.9372384862866386,0.7957260389398821
CID003375-1,0.05937806142046924,0.49754382309713224,0.001397746802850379,0.39358476083000044,0.047009258992076336,0.001086348857471356,0.9312770418246888,0.7474829513420327
CID003376-1,0.052962721249217075,0.41828593185249274,0.019908741004561834,0.36718536732155466,0.10921461187658016,0.03244262669559351,0.9260953802947085,0.8205096926863095
CID003377-1,0.08087374401550038,0.27821117934826206,0.12349240514092047,0.21961709679976443,0.23822427808616642,0.05958129660938629,0.737021200119361,0.5137373317460948
CID003378-1,0.012431280815486197,0.6221181568762836,0.0021262938743132854,0.20276753710814913,0.16008804442516592,0.0004686869006019132,0.9305466055115423,0.8017391674425003
CID003379-1,0.026333453467914384,0.5975335441206457,0.009507759810463793,0.20178808396947898,0.13943318711129432,0.02540397152020277,0.922264649407113,0.817935220923787
CID003380-1,0.019438819844208574,0.4346315513140458,0.01975054760303544,0.1642828151358972,0.35325415452666564,0.008642111576147497,0.9147671784716382,0.7760781435057288
CID003381-1,0.009755587750444095,0.255824874411191,0.021625189241574506,0.2248337782910354,0.44786201124183944,0.04009855906391554,0.7666419812620556,0.5775172724821354
CID003382-1,0.010797573976251928,0.3386822999155519,0.008949473603834237,0.24091237069546154,0.3921768185462865,0.008481463262613943,0.7729125410303014,0.5792462258033535
CID003383-1,0.003305296797825768,0.35062894853255067,0.0001570894673265181,0.43580847336298784,0.20991014266380273,0.0001900491755064687,0.8945852852025351,0.7469054712689681
CID003384-1,0.020578439683832172,0.45749695769669496,0.0017920211571390032,0.38270567902818226,0.1368395568062906,0.0005873456278610391,0.9236958538666319,0.8127950372398257
CID003385-1,0.01310706060421113,0.5014780092378598,0.0010526577626923028,0.39645214597117956,0.0876019897655628,0.0003081366584943818,0.9154694666616124,0.8051389565396934
CID003386-1,7.034021431602633e-05,0.0009420009160407281,0.4309171059185526,0.3465244830518494,0.2168120323523564,0.004734037546884851,0.7424323016031209,0.7219136723346539
CID003665-1,0.01930952601353188,0.6012719059217744,0.013036521960598233,0.12199885919635138,0.23869538380636143,0.0056878031013826765,0.7610172539721572,0.6539292828055436
CID003666-1,0.00017185844707742908,0.7527906030221967,0.006022210846377073,0.22189418313078288,0.0021332257515932506,0.01698791880197271,0.9304537563449914,0.8238552179302939
CID003667-1,0.004929175690627755,0.0018030673018551455,0.14257268356253117,0.5420352738576095,0.2660367874049201,0.04262301218245631,0.8468310829429595,0.7191254786047384
CID003669-1,0.139592252398852,0.00039762213386884633,0.03241048253980262,0.4627491846183393,0.3145342730143983,0.050316185294738844,0.7728753805886438,0.6583312699934156
CID003670-1,0.16118903861311143,0.00013139303013794143,0.03240681092220803,0.5337072159234001,0.2650551058486228,0.007510435662519703,0.7866308354418492,0.6845251934426053
CID003671-1,0.062235798939412855,0.0005398395637136371,0.17923214040712301,0.3691179481938006,0.29944376095843867,0.08943051193751111,0.7818411276417996,0.646823603474387
CID003672-1,0.14035077877617433,0.08039008528806371,0.029554939536067207,0.3531017880813101,0.3864791678595881,0.01012324045879658,0.8726337119394231,0.7472568317178117
CID003673-1,0.04898056606174847,0.4510339887780688,0.03342351268990068,0.2537305354403542,0.20555416458120754,0.007277232448720214,0.9207667593149446,0.7810816452352914
CID003674-1,0.2795972319760799,0.23513682920030313,0.0006027287526169789,0.22016680342869996,0.25582471896064585,0.00867168768165427,0.7970848140411796,0.6421433953532714
CID003675-1,0.03952060297901629,0.3710898435250789,0.000907510356981484,0.38844840340220727,0.19089861960276508,0.00913502013395108,0.9028439894061395,0.7840158877482927
CID003676-2,0.009153126997133528,0.4051182221368311,0.010150480674283978,0.40918100650917677,0.15979149893996022,0.0066056647426144,0.9287818149212472,0.8135111576577098
CID003677-1,0.05129947377277185,0.35688445611409914,0.0007537440463334396,0.09418519985871932,0.47231240749584763,0.024564718712228654,0.8022836869661063,0.6882454464964471
CID003678-1,0.04102591697637228,0.5455009374362633,0.011985699079364963,0.09424958688256768,0.2589576185366008,0.04828024108883102,0.9006609018182454,0.7951527184406726
CID003679-1,0.3418549572011318,0.24352201486654676,0.0024104423136312274,0.09047557014597213,0.31350717276768353,0.008229842705034615,0.911199915904837,0.7508004685008985
CID003680-1,0.001440636816003542,0.49609673288214223,0.00014691096187928647,0.16031022882426604,0.33929415600473417,0.0027113345109747097,0.8197903134800352,0.7396431121326341
CID003681-1,0.09418437715865532,0.5530605230671363,0.0019758811179164085,0.19465251176531773,0.14324220662111709,0.012884500269857213,0.9066439426312697,0.7506351257702416
CID003682-1,0.08753321706147468,0.610414526087309,0.020744820039100786,0.17936254859691855,0.09722900374292451,0.004715884472272576,0.8958522199670409,0.7916057501834299
CID003683-1,0.014753119731914267,0.5925854800069448,0.004291853617919483,0.3782287888768242,0.0020460673851499353,0.0080946903812474,0.8944831537832365,0.7804867720024808
CID004696-1,0.1347550516253571,0.22400791515316365,0.0016941205350688151,0.3133740497484379,0.3187357556707537,0.007433107267218859,0.8216006078025726,0.6364211735696509
CID004697-1,0.10177723846632258,0.09421968810456972,0.020984327568944652,0.4109568785579936,0.36284627978594264,0.009215587516226878,0.8251888750237366,0.6350216305638267
CID004698-1,0.11906614283247965,0.12375652919340478,0.0021562252155045815,0.3899303271566998,0.35675703471257797,0.008333740889333346,0.8396172991888886,0.6357454053137758
CID004699-1,0.006455906828743327,0.29230554562607436,1.3813565109147756e-05,0.45854563906122753,0.24173744716326348,0.0009416477555822682,0.9201266692035499,0.8038820723096245
CID004700-1,0.004377499092681003,0.34759995977449853,0.0003949003950856245,0.4842041550347197,0.16315274760802279,0.0002707380949923862,0.9209563902930611,0.8168168294813525
CID004701-1,0.008131024113995161,0.23253274455650783,4.9916590753316756e-05,0.5649322598614362,0.19083033632623772,0.003523718551069765,0.9080531826949573,0.797912167782602
CID004702-1,0.002433914653297934,0.4513236454414762,0.0007403383171513683,0.48613346486957576,0.058757016440175315,0.0006116202783234373,0.9158381630254795,0.8177385399103367
CID004703-1,0.16819702237498757,0.19888564537218806,0.009382131103424994,0.3627530245903346,0.2539229125237487,0.006859264035316067,0.8850472063458148,0.7470728479205625
CID004704-1,0.026185606947474595,0.18999419343736237,0.0002652853133349411,0.5151988653845068,0.2679705178326608,0.00038553108466048256,0.8751468938625074,0.7320602591565978
CID004705-1,0.18801569374527544,0.2796934721246046,0.004691238280494334,0.18223308810233702,0.2686273448299654,0.07673916291732305,0.8833425186001654,0.6964769620525735
CID004706-1,0.143852702339204,0.3237828130238808,0.004785773482284159,0.2636545014835076,0.25366900607681836,0.010255203594305103,0.9119588296565355,0.8029791783640294
CID004707-1,0.2699496602471861,0.2475158251121386,0.002259650686192942,0.23570573324247335,0.23818229361666957,0.006386837095339446,0.8676319373965067,0.6987959009722805
CID004708-1,0.0037272941376145672,0.4022373835067817,0.0007470163843258145,0.13796652462743597,0.44459286143430504,0.010728919909536894,0.8399026922180864,0.6728377878576538
CID004709-1,0.025000104464956256,0.0523374816303213,0.007143381755299197,0.43436750278216046,0.4382825083465374,0.042869021020725324,0.893738301277704,0.7205457446693967
CID004710-1,0.06111632506741118,0.18511999982895963,1.4298489444282947e-05,0.45981804514287217,0.29390083155149316,3.0499919819681513e-05,0.9066950600873505,0.7947833806451733
CID004711-1,0.09260009531741578,0.24109548831747993,0.00019851056841670492,0.4363192520751304,0.22924467011332478,0.0005419836082324234,0.8606511404305325,0.6992635225028514
CID004712-1,0.2578699593082122,0.30442154365113,0.0027543419683545203,0.06754032902849348,0.36695823713210024,0.0004555889117095745,0.7996828647642165,0.630742311885943
CID004713-1,0.016035752903501167,0.33210177483633424,0.0007068969786446056,0.4017247028233439,0.24786597341667288,0.0015648990415030937,0.9206114532186745,0.8013921069167909
CID004714-1,0.005774564953955374,0.3996859050027721,7.670138659474817e-05,0.41319193259556186,0.18086590074175146,0.00040499531936442516,0.9237325425255984,0.7581181941049091
CID004715-1,0.0005181125937519358,0.6037201778067487,0.00023064345941356434,0.3917193051908824,0.0005550349171545754,0.0032567260320488186,0.8981572605160371,0.8049465181444605
CID004716-1,0.006827505381947253,0.42853102552854055,0.000192572361667249,0.4234291048791998,0.14029664200341926,0.0007231498452259837,0.9011842003081051,0.8363583141151739
CID004717-1,0.00975728149185068,0.41684619688292385,0.02011863320797423,0.2044232092476987,0.3195346781338476,0.029320001035704927,0.9172510376258037,0.8086404133717635
CID004718-1,0.004101022893505993,0.5871912347203495,0.004628798423740023,0.26676480283617937,0.1303251165777005,0.006989024548524602,0.9218304405433477,0.8039369454108419
CID004719-1,0.00017136846182009018,0.44447608554672624,0.001158381467585184,0.46839435963047643,0.08562799905603267,0.000171805837359257,0.9323290495742903,0.7984934006259524
CID004720-2,0.04179532498292097,0.26519876129928205,0.00036168388060879044,0.4732581707151607,0.2183984531063319,0.0009876060156956167,0.9050516361826553,0.7553017316204693
CID004721-1,0.042593118700213616,0.26428482603929887,0.03351455672652506,0.15635370729365483,0.3105376064616909,0.19271618477861677,0.8333813715649839,0.6821450568817023
CID004722-1,0.01001348693649371,0.5107266933478903,0.002556956203422197,0.3148182576401536,0.1567038500998853,0.0051807557721549125,0.929119482825738,0.8385015813607268
CID004723-1,0.0022874163727108787,0.4937505731147256,0.00037916024869880116,0.40063791889338024,0.09967954665998259,0.0032653847105018822,0.9346143151669696,0.8332792332160418
CID004724-1,0.04955080128797189,0.44640032562471016,0.00020042246363582376,0.4302995960607635,0.06897287811969446,0.004575976443224184,0.913032715731221,0.7732037358997003
CID004725-1,0.25527121440107436,0.22181449516699459,0.054186799064727155,0.1499959980770698,0.3040035067171851,0.01472798657294888,0.8933283478446664,0.7552009225197694
CID004726-1,0.09346346006410891,0.30127018860860094,0.011686255523186981,0.2618366958114834,0.24989947917876368,0.08184392081385614,0.8897628331819882,0.7032467149557531
CID004727-1,0.0474248845780747,0.44302008880799504,0.0003684740811707709,0.43411651515966804,0.0746703707239163,0.0003996666491750626,0.9054895830507554,0.739265683675575
CID004728-1,0.01480803307473789,0.38668231636640976,0.010910591935250166,0.2961120902207634,0.28854589353280025,0.0029410748700384464,0.9128151968052767,0.7664787541103153
CID004729-1,0.009553299999642495,0.34842112331411285,0.00010589229202754675,0.47925302290488375,0.16264858469405688,1.80767952765908e-05,0.9209837420777074,0.7952405237638338
CID004730-1,0.16163860650421644,0.3688171952586417,0.0011664930775261502,0.35196660624853926,0.11611508729065076,0.00029601162042586503,0.8897471719610449,0.7453434555673961
CID004731-1,0.09075343019012383,0.14548914965322826,0.02827602601742989,0.2182109048417257,0.4284700149282552,0.08880047436923703,0.789066033320649,0.6234926163570254
CID004732-1,0.00045802189741156425,0.5848519392802559,0.0007233496064092805,0.4019663131534125,0.01152235351348167,0.00047802254902908536,0.9271046285863194,0.8128502736543037
CID004733-1,0.001957120477144282,0.3360813804233621,6.679254225650758e-05,0.5010644286946709,0.16008303365172016,0.000747244210845984,0.9123225879857153,0.7520131536614674
CID004734-1,0.0783348777859253,0.2691430387405862,0.0007436522359191145,0.5303056717061146,0.12004357590105326,0.001429183630401512,0.8540771272007899,0.6660308419836185
CID004735-1,0.012455253720641645,0.2818084638257422,9.993131198244311e-05,0.3138680925107601,0.38162534959698785,0.010142909033885775,0.7980553477935677,0.6829187782017803
CID004736-1,0.009800735453983501,0.4810420364409873,0.0016803665322230727,0.363625988819371,0.12989451873233773,0.013956354021097343,0.9123126966352051,0.7351761862890616
CID004737-1,0.004992857081650117,0.4085873248140968,0.0030452305485966515,0.4447067662566958,0.13842667268114864,0.00024114861781194695,0.9240295146895261,0.7247040635709051
CID004738-1,0.0048232081307664,0.5234282768558932,0.0024248162744896096,0.4107564039469226,0.05766290442690583,0.000904390365022369,0.8761495015351958,0.7800223327244477
CID004739-1,0.13738905872895094,0.19958919961659838,0.0009515484833315242,0.4319654393036489,0.2300889935116982,1.5760355772071994e-05,0.9060279899578013,0.7900088053553946
CID004740-1,0.055219466341685494,0.35495652768379937,0.00011188421879523452,0.39090962605701296,0.19237681435194876,0.0064256813467582765,0.929616078452649,0.8469114947209996
CID004741-1,0.005527152099942341,0.27593202026900326,0.0004836935479492005,0.5580846395319882,0.1598025776380035,0.00016991691311345843,0.8696886194543952,0.751177480971499
CID004742-1,0.19540404248958534,0.2019965053605916,0.016991014065365698,0.4539425049628392,0.12472011659236962,0.006945816529248596,0.8960746548029189,0.8052441733654776
CID004743-1,0.09620477764389891,0.35229703016374764,0.002961131568815845,0.4614985912062928,0.08334311477238295,0.0036953546448618905,0.8574538440341692,0.7436609393039771
CID004744-1,0.12426272665359349,0.3020171484688224,0.0009083695274030401,0.39644545530067704,0.16486303760454146,0.011503262444962602,0.893307384954533,0.8170152349914115
CID004745-1,0.030879525795031518,0.3564212220003068,0.00012715602818908191,0.4008113309804919,0.2013840949834522,0.010376670212528563,0.9204550151556903,0.7876635657389454
CID004746-1,0.024551571023517866,0.4567856624803938,0.0005112062171413169,0.396329645320384,0.12106318473981083,0.0007587302187520332,0.9237819765076093,0.7863418901484541
CID004747-1,0.3077448489642353,0.16362124586633028,0.011719933608531723,0.16875795284828526,0.31629764818119965,0.03185837053141778,0.858196226568646,0.7579934545500138
CID004748-1,0.003927000709297966,0.3561370365382368,0.006895238319280906,0.4057007632723209,0.22729347425955468,4.6486901308759616e-05,0.9267523083450336,0.8292245267805454
CID004749-1,0.03951378974169775,0.5890067355522197,0.004018393562033844,0.3416592753608287,0.024706260183203994,0.001095545600016031,0.9262626195181882,0.8514004810358671
CID004750-1,0.07904242253587798,0.4073627552392065,0.01437726125896783,0.3282280827337946,0.16128663185129738,0.009702846380855662,0.8821007853403141,0.7646764137267686
CID004751-1,0.303880140777298,0.2626812130902775,0.00022146380390574078,0.18979503116706703,0.2433506555942009,7.149556725085128e-05,0.8006385128719854,0.663251367473935
CID004752-1,0.24547979823706856,0.17538719952739112,0.002388218892780369,0.18172191106571658,0.33962722193330247,0.055395650343740895,0.8761968511297473,0.7719173455569618
CID004753-1,0.1993571169518675,0.2646049545761671,0.004813784877216967,0.25101733163262674,0.2575838619428751,0.022622950019246545,0.9038179050264409,0.8006718068334407
CID004754-1,0.005054029324671462,0.42723186464966767,0.0011495383848458046,0.40208777547467456,0.16420827864912962,0.0002685135170108871,0.9251225228353186,0.7822108356202048
CID004755-1,0.008655295607836453,0.5689468596948776,0.004519160021246951,0.2523342697360146,0.16073661532544758,0.00480779961457683,0.7935210366341386,0.678255010292143
CID004756-1,0.22135852591079813,0.2952615830725817,0.00513046948805715,0.2074331177153987,0.2622864593133027,0.008529844499861505,0.9036245693513821,0.8188678085131132
CID004757-1,0.015218011920597312,0.38862258328152405,0.00175458580728715,0.2571673214045208,0.3054260516172383,0.03181144596883237,0.9206155520538433,0.8238568374759275
CID004758-1,0.012815038721026434,0.3978401884452279,0.00010967648761052959,0.5468161696742333,0.042337658537538445,8.126813436342885e-05,0.8968706944061725,0.8269965169667127
CID005704-1,0.04270494046690909,0.03364490170460334,0.000803877049924617,0.7007311166642435,0.2198151901867327,0.0022999739275867694,0.8575943357838484,0.6439438419072437
CID005705-1,0.005647126388663516,0.0016116200486894377,0.004546325654479656,0.7245626604112577,0.22036132004894413,0.04327094744796553,0.8799253807948846,0.656555604347514
CID005706-1,0.17694929659949102,0.17258645059197708,0.05037411793224247,0.3647964954117186,0.21642038218126047,0.018873257283310338,0.8587393693776674,0.6829721571122325
CID005707-1,0.1765184690410529,0.00012644656946169617,0.060312599635555915,0.495747178270599,0.22407412531805934,0.04322118116527117,0.816247582205029,0.6444954885160354
CID005708-1,0.14400816504187883,5.64950403591584e-05,0.12449058939902671,0.49888250010097174,0.21216745183327854,0.02039479858448506,0.8057573010540536,0.6788369265708832
CID005709-1,0.09776899682316645,0.3939569625987231,0.018044608639465543,0.13640832795231184,0.34582150214389296,0.007999601842440118,0.7754133370074401,0.667697518031905
CID005710-1,0.055239104019819595,0.2690897444157623,0.00023446018874782556,0.46712944967128084,0.20362823751885853,0.004679004185530898,0.8995155928742267,0.7894495980386925
CID005711-1,0.0010089792823141004,0.2742367282275107,0.0006151820108350277,0.5633710151708025,0.15873928371429522,0.0020288115942425134,0.8931296286249084,0.7298955460197227
CID005712-1,0.00981186540318253,0.43115624119593543,1.8072945750999564e-05,0.41799704932952736,0.14078657911343498,0.00023019201216877838,0.8925013777900248,0.7962837228089363
CID005713-1,0.0953600816131857,0.26936734527097767,0.0017749873575651312,0.47328313844825065,0.1523001909659401,0.007914256344080757,0.8712479315302607,0.7989352244083613
CID005714-1,0.06845503408233973,0.36421832830930784,0.0003829541788681847,0.43423695791513817,0.12831044180560028,0.004396283708745824,0.8818205491159661,0.7641868401196905
CID005715-1,0.11068000554703253,0.0015619862999204424,0.0026716868419742155,0.7029553517824518,0.17753607124716594,0.00459489828145499,0.8764257939788389,0.7021381054235141
CID005716-1,0.07656051579426586,0.4137566810284475,0.003243498328293603,0.3156523188402109,0.18748662519140671,0.0033003608173753115,0.9264478823586016,0.8361418258337756
CID005717-1,0.10137671345713084,0.36326297051778955,0.00016751802391802776,0.29342817512332003,0.2393913320745323,0.002373290803309243,0.895700374715397,0.7424043872452243
CID005718-1,0.08536038113352885,0.23537712545932366,0.0011349318838271324,0.43603581215678666,0.24205621941989366,3.5529946640145156e-05,0.8813529148468655,0.7606896954647125
CID005719-1,0.015059773381526293,0.08914838264690413,0.005188422612573362,0.43880279058865274,0.4456253643794367,0.006175266390906998,0.8361743492673285,0.7589608055353103
CID005720-1,0.11550229360953655,0.18994518074730207,0.010474999783023823,0.3713885072619709,0.2674967413472996,0.04519227725086693,0.8078849388275507,0.7124978748005221
CID005721-1,0.13314692179471466,0.09842118691287338,0.004965647436628207,0.5401717166223897,0.2232824068374328,1.2120395961253183e-05,0.8056555000065609,0.7223734711180689
CID005722-1,0.010357251629483918,0.46319914602939843,0.00012054937113940529,0.3904862023825604,0.13521100097740943,0.0006258496100084115,0.9276574125103335,0.8297380177521533
CID005723-1,0.05762714966661719,0.3571666750105641,6.388504661613036e-05,0.4321250130504735,0.15183151040705167,0.00118576681867741,0.889696307951062,0.8068981618928854
CID005724-1,0.08032000305796402,0.20619137856936082,0.0018924395916429819,0.573887359053708,0.13572199293370787,0.0019868267936162965,0.8948437457613325,0.7733014620285434
CID005725-1,0.06482472469241973,0.13049653785258986,0.017318382646508798,0.4970834119372648,0.2788045638782283,0.011472378992988464,0.8828517076743618,0.725665807748223
CID005726-1,0.2839418167753575,0.1682960303200536,0.003983457879799952,0.44126938299550217,0.09995510775778219,0.0025542042715045905,0.8276267293413813,0.6403773383334882
CID005727-1,0.0030582639909438876,0.4802758628465602,0.000506804039335793,0.38523346596331615,0.13072132301655193,0.00020428014329206202,0.9095294956413722,0.7808804878454797
CID005728-1,0.00025286392742559404,0.4918625622896798,5.297608075309833e-05,0.5076762561706163,0.00010984504181498042,4.5496489710281216e-05,0.898488034351412,0.8323857089506475
CID005729-1,0.003266508551840713,0.4362538871546024,0.00039562261395859603,0.5182786407461629,0.04136566442044199,0.0004396765129933615,0.8957499182780785,0.803058843582878
CID005730-1,0.00029346337089543344,0.46091174148133945,0.0008133693746349976,0.5371042899464051,0.0006887328866564616,0.00018840294006854173,0.8956575836755007,0.7935298871450703
CID005731-1,0.01866916543226129,0.36021045988334355,0.006415412645167538,0.5378353524876098,0.06890659093566151,0.007963018615956285,0.8551288233673189,0.6814687391543007
CID005732-1,0.107517245145557,0.32230663005305726,2.417039551730604e-05,0.4040548714459598,0.16529815411974214,0.0007989288401665074,0.8535658518022806,0.7606876704471608
CID005733-1,1.9638644818276022e-05,0.3353771885019298,0.0003083676493411527,0.5295850306094406,0.13397143297796757,0.0007383416165025021,0.9057049073596832,0.7663245392695833
CID005734-1,7.003271282423319e-05,0.48598607165709773,0.00015334395950953683,0.5136965887261948,8.20350927049835e-05,1.192785166870301e-05,0.8713590258368434,0.8106474026780269
CID005735-1,0.02240282626521758,0.32715420242933724,0.001349748454815345,0.5223145273250844,0.12654721188077758,0.0002314836447678067,0.8670221653424341,0.7725953030978071
CID005736-1,0.0021009072144826673,0.4899057272627439,0.0007795904164034423,0.42474008621351245,0.08246572136233124,7.96753052632785e-06,0.9032770911328787,0.7799134855738168
CID005737-1,0.0007593755276320024,0.46855270719320513,0.0020961097687954345,0.4529712743792976,0.07544923717970883,0.00017129595136102673,0.9195229218393866,0.7913039385656243
CID005738-1,0.12811798787482356,0.2808266874682937,0.00014780186250281212,0.4010075117635264,0.18530918664091864,0.004590824389935017,0.8533705988790974,0.7445348977991532
CID005739-1,0.013872678214082175,0.3540344022974913,0.0007040764976292286,0.435803404928107,0.19398457099468225,0.001600867068008038,0.8896283261344852,0.755850257917156
CID005740-1,0.0023851283249541025,0.3155184424662455,0.0005919857863481596,0.49106934569615196,0.18772596506887412,0.002709132657426141,0.9019285803160384,0.7501970107544474
CID005741-1,0.04570149437346202,0.23992390536499328,2.2998313774066052e-06,0.6275655925783177,0.08493914865539137,0.001867559196458254,0.8855116514690983,0.7917610906382118
CID005742-1,0.034967678035085555,0.5297498085005412,0.011631014129282203,0.41464962607062167,0.007325974385260449,0.0016758988792089727,0.9073372786241345,0.8164270313966191
CID005743-1,0.3059640088918643,0.12935331934533725,0.008075087988373576,0.28721156052934327,0.20466813624798538,0.0647278869970962,0.9124057963407647,0.8177204784858827
CID005744-1,0.09322692379365433,0.3360751550250768,0.0016071712576324454,0.2753245854363985,0.26010619347472075,0.03365997101251722,0.883151805333261,0.7502383584419563
CID005745-1,0.12692930422399798,0.0003244061193619061,0.0745817740278697,0.4444471318766006,0.31977206074183623,0.033945323010333484,0.8544054836042987,0.6831410599351676
CID005746-1,0.3257408428653625,0.16573161863589442,0.011693933358591087,0.16173097347964493,0.30662718708696846,0.02847544457353858,0.812365665472582,0.6340968269995784
CID005747-1,0.0028860660887991083,0.00020403651694629485,0.1704630733094711,0.5235576678742653,0.27294473237073336,0.029944423839784847,0.812866220871877,0.6982135691071886
CID005748-1,0.09933345671075941,0.024724769985771028,0.010182289539394665,0.42508220363902727,0.37462463909277843,0.06605264103226911,0.8340731221007515,0.7269625434520434
CID005749-1,0.030806574687461532,0.3512820310376019,0.0009392934753350739,0.37407833009829156,0.2426633608115056,0.00023040988980440764,0.905865976724629,0.7843479907456845
CID005750-1,0.010480786139749617,0.2479800785653529,0.0018445282526298498,0.4518604014238982,0.28754479486984086,0.0002894107485287062,0.8810709146338795,0.7763240962275358
CID005751-1,0.07267073726084491,0.32112031916360784,0.002702408682778115,0.21432020462856038,0.36421599288103645,0.02497033738317248,0.7716104223747389,0.5959955289890065
CID005752-1,0.22231042107154475,0.5063502536282962,0.00016705777914105958,0.05713293515317409,0.21083282764710604,0.0032065047207378607,0.9166711104001138,0.8472546014035339
CID005753-1,0.0020210876932170666,0.37173469776844337,0.0005996596534439389,0.47018157474091393,0.15528595792684072,0.0001770222171409582,0.9037025187081179,0.7849497959745136
CID005754-1,0.0027390767529407163,0.5788874348357611,0.0026239785919078755,0.40721400825844783,0.007719040102541701,0.0008164614584007234,0.931126244931701,0.8428389640257966
CID005755-1,0.0031592046489757916,0.10302601642794025,0.13563778370080806,0.15025765294033389,0.4859629815331687,0.12195636074877333,0.7693255827177017,0.6332034347377038
CID005756-1,0.14757081793163396,0.07891775699836513,0.010445319695224414,0.46747880496506444,0.23183769857839165,0.0637496018313203,0.8702785332124638,0.7554229991404617
CID005757-1,0.00298923916972966,0.10915171439487713,0.27018621390022357,0.014805299813524922,0.5203286339969778,0.08253889872466691,0.7617021276595746,0.6450890019928905
CID005758-1,0.01664334841255248,0.5324686555569897,0.001332239579056597,0.33159502592210494,0.11328607557055106,0.004674654958745147,0.9260557316065031,0.8520063155864843
CID005759-1,0.0006766324492311568,0.00038402286683567277,0.3689772544776924,0.324542997042813,0.23477414308905184,0.07064495007437589,0.7921155419088733,0.7192880067441251
CID005760-1,0.004425471991341744,0.5796001554818295,0.00021901386757505756,0.32925360393876496,0.0832769286691946,0.0032248260512940507,0.9243498817966903,0.8272232917459402
CID005761-1,0.04891427995201319,0.13925284609545738,0.06697383765679124,0.21708603227601714,0.431018990114203,0.09675401390551813,0.7771834224018664,0.6095621653392593
CID005762-1,0.007659694918296738,0.5254566599003018,0.0007403999656549393,0.32503018186596705,0.14109231992154597,2.0743428233541107e-05,0.9354076681064364,0.806536563051045
CID005763-1,0.1511545887700582,0.0393030155527482,0.020901214418520747,0.3870091100413486,0.36530245681509266,0.036329614402231585,0.8043450686051953,0.6201230932757762
CID005764-1,0.016856288988524606,0.015955364730563613,0.15760572284074167,0.3747401565174221,0.3491660705096681,0.08567639641307993,0.8416299255993387,0.762951885130122
CID005765-1,0.012737892779348387,0.1462062108232399,0.020631326788462297,0.44678145147280446,0.33972189329105923,0.033921224845085834,0.875607949848443,0.7001167916425025
CID005766-1,0.06869280316159092,0.09515863669419232,0.04506893587404878,0.3878582374945788,0.40001429944223865,0.0032070873333504297,0.9215219189973687,0.6791506957061757
CID005767-1,0.07817609812802934,0.2732352269750505,0.0016324967126587044,0.29011104408262445,0.30235669465917364,0.054488439442463274,0.8006274551627295,0.6291905407188881
CID005768-1,0.15136394989414056,0.08610392055439708,0.017344119467159306,0.28515201640715887,0.4439790541303969,0.016056939546747164,0.8507245425955814,0.7429931645388079
CID005769-1,0.0005893857161510047,0.3737302029584518,0.0005207431527955823,0.4734942689110213,0.15035909087296503,0.0013063083886153534,0.9294829842931936,0.8072256979028261
CID005770-1,0.022780222061926488,0.3426423109296887,0.0018692158729482556,0.5248669083968004,0.10482937237296065,0.0030119703656755455,0.9124291294794239,0.7875594026333247
CID005771-1,0.13709799084742233,0.1676595903838547,0.00861260110762453,0.21206652415506663,0.3701442707292668,0.10441902277676508,0.7287337749051866,0.5562777475151446
CID005772-1,0.1341506270397254,0.27003589304219744,0.0011228162522547403,0.2170870373131492,0.35639463210907746,0.021208994243595507,0.8849670824208109,0.7526734449378987
CID005773-1,0.009586693567216916,0.3868243272224017,0.006863158258547908,0.10998893152676896,0.47103317494487273,0.015703714480191856,0.7821202220210212,0.6427625240078656
CID005774-1,0.0010157796569136015,0.5621752500015726,0.00010040308228550799,0.40293574027812673,0.033586233208205585,0.0001865937728959836,0.9310072738565436,0.808561695479813
CID005775-1,0.007261852896049607,0.33063867579910877,0.0005479109248805302,0.23064812920912126,0.35958080574214996,0.07132262542869,0.7626579537849861,0.6413050049240208
CID005776-1,0.007868447391781748,0.2756927883047308,0.008108737231608265,0.4639553984308784,0.23049558327508501,0.013879045365915707,0.893291924360179,0.7429302432084253
CID005777-1,0.003772145621333176,0.48100600321668285,0.000457489111360487,0.32047301700738373,0.19386798166362648,0.00042336337961336885,0.8954016804664366,0.7632369528317816
CID005778-1,0.20410364549792248,0.25779881731605553,0.0005605975951961896,0.42023520567477085,0.11681281612674252,0.0004889177893123687,0.8731089831909618,0.7168786642285642
CID005779-1,0.012027027894616639,0.5094631602016956,0.0037507126914483727,0.22247585763973846,0.18935166516821728,0.06293157640428367,0.7656293055938275,0.5801841630423324
CID005780-1,0.07014143420246206,0.42215369116117113,0.0008044943243692949,0.3207462752664407,0.1507202853897783,0.0354338196557785,0.9035756931596006,0.7534234008427458
CID005781-1,0.006721400122633585,0.5365983324442518,8.692599026163154e-05,0.3376130566914632,0.11666124685309984,0.0023190378982899645,0.9251932881469803,0.825365354732606
CID005782-1,0.05565224452739275,0.4321990992961606,9.89958607361538e-05,0.44496839745902605,0.06694427583908515,0.0001369870175991474,0.9020985791357299,0.7838079047243846
CID006558-1,0.2747324244351147,0.21737121209947322,0.002835095001786199,0.1264443929732251,0.3599016573326257,0.018715218157775184,0.8040295774898238,0.7134820223108411
CID006559-1,0.3315037041734431,0.04524794340042392,0.000868260836707936,0.2321633884000047,0.3711913382466196,0.019025364942800747,0.7709084990369748,0.6484782765917385
CID006560-1,0.0020841692273076595,0.38190614362256886,0.002798725699671524,0.3164919948593651,0.29167031709911634,0.005048649491970585,0.9093362496555525,0.8140029420204554
CID006560-2,0.0018201303780444981,0.36153983211237234,0.003925868646291672,0.32737002967125867,0.29382015967947017,0.011523979512562557,0.865302669392459,0.7945093033475602
CID006561-1,0.004356839212847342,0.3862722243566922,0.0044686542417915415,0.3792419393915939,0.2061111378530041,0.019549204944070888,0.8695938963901901,0.6799640941731134
CID006562-1,0.25319180126532337,0.10096866854896322,0.0005543897579928909,0.450734995313717,0.19442584851354083,0.00012429660046276957,0.87393699602509,0.7117230398284973
CID006563-1,0.11987587855728069,0.12992000431788228,0.00016536956900556698,0.5238568051183511,0.22589065842055447,0.0002912840169259065,0.8536411951865479,0.7101983469616368
CID006564-1,0.06853943672828214,0.4277905271379134,0.0021746928289593046,0.3482921756067844,0.1323770695969892,0.02082609810107158,0.8528641006536762,0.7627742989121877
CID006565-1,0.38151023007540813,0.0037865767478797367,0.017118478773441897,0.29263100287947663,0.290416722211572,0.014536989312221738,0.8357453918484155,0.7291340540650629
CID006566-1,0.13069330322568826,0.05013929358242788,0.0012750748336447227,0.46573083614240357,0.34533521944820017,0.006826272767635394,0.893257440066134,0.7205613620870436
CID006567-1,0.0970571925796427,0.06601030443627269,0.002256976431249119,0.45089533467534015,0.3833892159387427,0.0003909759387525686,0.8928541790021867,0.7140266943391935
CID006568-1,0.24114249355384257,0.01712728851891201,0.006105608016435346,0.2866543236042468,0.4471213674837337,0.0018489188228296618,0.8610920842036731,0.8068941047190191
CID006569-1,0.02622962727829571,0.3188355457621719,0.003331017415320192,0.29535233614368517,0.3546536341094678,0.0015978392910591035,0.8921360849632424,0.7677541257768498
CID006570-1,0.09770322775223955,0.47516775492206376,0.0021577439837391,0.3047836200720425,0.11909773040898344,0.0010899228609317587,0.8953429673474466,0.7789721405947959
CID006571-1,0.3081882746561517,0.0007550673620077362,0.0011368688946507186,0.3837344069760833,0.30393862924649667,0.0022467528646098905,0.8299410994764398,0.6835574474111126
CID006572-1,0.2893290868688394,0.14030804814075326,0.0003176960022738666,0.4052444197737552,0.16452780312561824,0.0002729460887598273,0.8210181868283274,0.6878642766525465
CID006573-1,0.046855236899519474,0.41414633711856524,0.005507936373062481,0.35726839662167914,0.16468243154430287,0.01153966144287091,0.9169814583728942,0.8135387342379391
CID006574-1,0.0026564211897608866,0.4372218320067482,0.0014201094407883784,0.3671249590221484,0.18772009374761822,0.00385658459293586,0.9259336283972343,0.8078213572282458
CID006575-1,0.02420912226565555,0.17900062459665544,0.024908042666226128,0.33473958686669675,0.3378714670672134,0.0992711565375526,0.8661752548911547,0.7092698208978225
CID006576-1,0.24708748415084786,0.2106601214420633,0.018244846130898187,0.17670612843520633,0.29067365787338095,0.05662776196760335,0.8456145505047807,0.7304045368885598
CID006577-1,0.07636609737026036,0.000371240201312949,0.006779940465073635,0.5887292304154268,0.31485779597134006,0.012895695576586225,0.8292803492585695,0.7137366818115486
CID006578-1,0.00023173180600590334,0.0002011297053077718,0.22552926241335394,0.6154385979965564,0.15739296923541826,0.001206308843357746,0.7573378273244133,0.6918056477856234
CID006579-1,0.26126459245508615,0.0059507761182071225,0.003294723324237488,0.5388614820842623,0.18225350283114156,0.008374923187065382,0.8562481349863006,0.7123965560257908
CID006580-1,0.18400507731638352,0.001270561783657757,0.22489955674658726,0.2856805882034351,0.27961395238572206,0.02453026356421431,0.8103123600184966,0.6863790964056915
CID006581-1,0.05965589222602878,2.416520427788096e-06,0.1277372932111272,0.43245522204361925,0.34455918942252795,0.03558998657626895,0.7770162837874883,0.6758679621311506
CID006582-1,0.23850969010806647,0.17315469954328294,0.008666560114572319,0.36863403826695,0.20980281239409437,0.0012321995730339085,0.8160926945717929,0.7014262704453237
CID006583-1,0.0908964031809455,0.010942633323630994,0.0018166493521941103,0.46949884057336505,0.425029403185987,0.0018160703838774105,0.835785543770176,0.7271682853547874
CID006584-1,0.01974345530965446,0.17201793242869592,0.007200695204402353,0.47693980669527913,0.32303845892547955,0.00105965143648859,0.8153761366767704,0.7234070305176645
