,B Cell,Epithelium,Myeloid,Stroma,T Cell,Unknown,rho_Spearman,rho_Pearson
CID003352-2,0.01069631838407982,0.0015635492048640433,0.04507218576122695,0.5063170600355502,0.11885469152638997,0.317496195087889,0.8449224851532754,0.5623105662901878
CID003353-1,2.8539857979490828e-05,0.33093181555975104,0.000432304280656885,0.11338640741484965,0.23299891320562735,0.3222220196811356,0.7667910357651718,0.6988592378755789
CID003354-1,0.004916695615452611,0.21860431487043944,0.0036336108504354298,0.25965784045954565,0.17005705607679192,0.34313048212733493,0.7167691650651292,0.6469826611968365
CID003355-1,0.6275187173104777,0.0623763974520651,0.02171346635685031,0.047157217149181974,0.18836243406075714,0.052871767670667785,0.7340865419833994,0.5537471821275262
CID003356-1,5.917419200040324e-06,0.06633321198297823,0.018420961851209512,0.22426598712410534,0.3554842247515897,0.3354896968709172,0.8524375400384369,0.6485038667667635
CID003357-1,0.3415610537751922,0.12169167743914427,0.04847357042277599,0.15547592876042857,0.3158903840637736,0.01690738553868538,0.733220674397145,0.7018154898910364
CID003358-1,0.061247991446136844,0.07993492576358685,0.0030167120815369044,0.2073058381757028,0.12942537076873295,0.5190691617643036,0.7638265956648916,0.6535495709797695
CID003359-1,0.033422370488021234,0.1263296979035181,0.0007135285785099749,0.3436287002755617,0.2508599840423451,0.24504571871204378,0.77801785715265,0.6388846172355552
CID003360-1,0.14920915484361325,0.08756206010608465,0.04128576592059999,0.35009256397811966,0.23519278573592123,0.1366576694156611,0.8429930467762325,0.6747593444577626
CID003361-1,0.07068061754017686,0.09618471515064846,0.025703133144861754,0.2884687143474322,0.1329997094547434,0.3859631103621372,0.7823746312684364,0.599554426657223
CID003362-1,0.01162265068805576,0.1409372854566319,0.0005362059280111681,0.32409803665255854,0.13190666598828554,0.3908991552864572,0.8074482169549435,0.6410918929288626
CID003363-1,0.12714300382759447,0.07869539992668112,0.013220420742648273,0.22332949285022555,0.1544733004959327,0.4031383821569179,0.7479053448208647,0.5734076816343886
CID003364-1,0.12265667912882434,0.056553414338329916,0.02759794236231551,0.35090695135040184,0.29375775134008597,0.1485272614800424,0.8100685776753463,0.6280629165299916
CID003365-1,0.06195555696737052,0.24295510284671235,0.0001517116330176225,0.30947687691138,0.1703704497995609,0.21509030184195857,0.7328172479847499,0.6536922432611838
CID003366-1,0.41758981602644824,0.015783920582389466,0.09143832063104033,0.24298208515697808,0.20603561431203418,0.026170243291109722,0.8831518257527227,0.6874128347540579
CID003367-2,0.30509430857145864,0.04967057909017979,0.08640307700157007,0.21520500124344175,0.3014770181803643,0.042150015912985506,0.8763643067846607,0.6863748575000542
CID003368-1,0.22416661926920262,0.08205239434247988,0.060310983884874825,0.1929467248922395,0.2527905663356872,0.18773271127551594,0.8473998414616715,0.6647787546562856
CID003369-1,0.22890981781899736,0.21688405243754227,0.11118469074297624,0.23563187203907632,0.20679755050879695,0.0005920164526108098,0.695989230742594,0.6509150886973514
CID003370-1,0.297652172603595,0.05545229762462844,0.05243002310003422,0.08102119912056749,0.27118983087561677,0.24225447667555808,0.8352791824694479,0.7082231503115334
CID003371-2,0.4422624788205715,0.05069183192049332,0.06417510501509183,0.11115027700147517,0.28058380742846767,0.051136499813900345,0.8348316230669173,0.6925711688786075
CID003372-1,0.03989272639408996,0.029739263448859785,0.06537491794196655,0.13797511196017545,0.5460416561178814,0.18097632413702686,0.8377408248479965,0.6506299918708851
CID003373-1,0.012411461661399845,0.23551110748107168,0.06261309744701675,0.1766225969072132,0.29160382285102765,0.2212379136522708,0.6945526371983771,0.6428281457443444
CID003374-1,0.0009389157289771529,0.616254679137144,0.00621308383677308,0.11964444324294932,0.017489189094248573,0.23945968895990788,0.7477203241909124,0.6284881286602491
CID003375-1,0.0010900209821946844,0.20639708263480314,0.0396232934678209,0.3689504582828698,1.1759988550959824e-05,0.3839273846437605,0.7656342182890855,0.6111565854673348
CID003376-1,0.0011176561988024904,0.09140907508868365,0.06549357615799874,0.3831584431563113,0.007001645812822492,0.4518196035853814,0.8001904101409815,0.6059195732446663
CID003377-1,0.023144873376339272,0.16131467507967148,0.23517588475593967,0.20549964795687323,0.1437319105912801,0.23113300823989621,0.6567873158231903,0.5553426749917466
CID003378-1,0.024594699185644924,0.5441090363646215,0.0005531446951295349,0.15839259477275525,0.08936660683732764,0.18298391814452117,0.7844352885239195,0.6380262560243172
CID003379-1,9.976623651661964e-05,0.3054472849608753,0.0204619874447054,0.1847051043626063,0.14047350896432428,0.3488123480309721,0.68829489643391,0.575662864542521
CID003380-1,0.020273038084349115,0.17705650552632182,0.05011202724735901,0.12968668698184704,0.27877112533420967,0.3441006168259133,0.7242940496146998,0.6558069003206707
CID003381-1,0.10708034577067532,0.07965584842205649,0.0835706193513939,0.1926434248491546,0.5100587741368751,0.02699098746984464,0.6934397562200253,0.6400067954727432
CID003382-1,0.11310471607113728,0.11276793286758072,0.04371722030062607,0.20709603047465788,0.33305497904185827,0.1902591212441398,0.6660580824257955,0.6564621093448844
CID003383-1,0.05090496685841722,0.22529603520826835,0.0034353606910959085,0.30188023443905354,0.15577899230283637,0.2627044105003287,0.7897126817667928,0.6190866832133612
CID003384-1,0.03125156414401663,0.15284960315751345,0.0007912454821654366,0.31176768824992446,0.11632307460280086,0.38701682436357915,0.7887178676780446,0.6210044749268425
CID003385-1,0.003645901727546521,0.1532797230603582,0.001363886484477128,0.3889221979161679,0.03954262911698768,0.4132456616944626,0.7286803446352197,0.6003492911050401
CID003386-1,0.5918062684628992,0.00012398824606624025,0.04222111870752172,0.053859117290854214,0.31195835823592444,3.114905673426898e-05,0.8390738633552665,0.5863727163583737
CID003665-1,0.11875617945399661,0.29947365308857576,0.048133433900607404,0.12309290572376734,0.3802429162157495,0.0303009116173033,0.7319250480461243,0.6287324784429384
CID003666-1,0.0002569215834253756,0.49853162414039265,0.04824018638853818,0.25689242193040773,3.7163674386132356e-05,0.19604168228284993,0.7211513446807565,0.6625888633886827
CID003667-1,0.2759222052779959,0.0013752105906454494,0.040202998565314896,0.36538981251544494,0.2832014970372121,0.033908276013386876,0.9117371343156097,0.6378548892362105
CID003669-1,0.3622561000740758,0.002385297369426887,0.04316488628723159,0.39803491318871626,0.15970372044308354,0.03445508263746596,0.8508688747472208,0.6125215976084168
CID003670-1,0.39964641599523126,0.012708394576525664,0.017049674796601317,0.35854993029579885,0.19607001245217606,0.01597557188366682,0.8642658836701819,0.6168535017329966
CID003671-1,0.4918335415534564,0.024726902897054506,0.1283268261207301,0.15830120330686545,0.1850330130065451,0.011778513115348485,0.8683658001949702,0.5927363943702156
CID003672-1,0.373082150324073,0.05185145114758298,0.03771040139990282,0.12758308835381488,0.3798920186226957,0.029880890151930555,0.8769774546986936,0.6906308671479087
CID003673-1,0.0005625575431587755,0.2834215124005996,0.06693298763618967,0.06669377148606949,0.19304647077797898,0.3893427001560035,0.7969780719220181,0.6663899811197284
CID003674-1,0.31851934576648666,0.08639634570939823,0.08484574837527932,0.30188540389679663,0.18315003986127737,0.02520311639076165,0.7194597480247705,0.6211485534483128
CID003675-1,0.31506885967480014,0.049512331116392125,0.012302998475880499,0.17213835776010433,0.0764749989408776,0.3745024540319453,0.7774757690686893,0.6509715415777012
CID003676-2,0.013940831584435046,0.14327326515281444,0.04413419691905254,0.23847067192508248,0.11913639270278485,0.4410446417158306,0.7409197218710493,0.6179552972980151
CID003677-1,0.035502437899159106,0.1013781176876314,0.037866483351654004,0.06699185500109614,0.6198715504539045,0.13838955560655478,0.7620248630425621,0.642640351783345
CID003678-1,0.00027431102006928115,0.14586640179267366,0.08035141379367583,0.052575419286298844,0.36450146733965805,0.35643098676762436,0.7520733899460733,0.6264168901139628
CID003679-1,0.33364463822010326,0.12041031418965285,0.06775802000057511,0.06900701155856205,0.34134269182631793,0.06783732420478888,0.8315512065806401,0.7437178450331199
CID003680-1,0.000414869005871645,0.2034579930243687,0.004425573503037795,0.15201914176203385,0.31980245375838995,0.31987996894629805,0.7288938714499252,0.6066358700593473
CID003681-1,0.009296424372580239,0.1761894946854219,0.011267820602607184,0.20961833498223217,0.14104362404564297,0.4525843013115156,0.7454186321520929,0.607096396965606
CID003682-1,0.048319735736054366,0.3099558618021851,0.0003641071137389701,0.12836748791657718,0.16221371516122252,0.35077909227022175,0.7295817530552043,0.6418160058521017
CID003683-1,0.006471735230989933,0.5800459411833978,0.007479758006008352,0.16827893831809854,0.0005466990355175963,0.23717692822598782,0.7282985718555482,0.5685439493088356
CID004696-1,0.0005409116877916643,0.03777670238087863,0.02457671727777252,0.2550283221678716,0.2263829958024566,0.455694350683229,0.8207583230004754,0.5887809884557045
CID004697-1,0.003652581717505234,0.06358858822164815,0.061478170563941684,0.2701651044003692,0.34287893677636244,0.2582366183201733,0.8097187104930468,0.6245555966024761
CID004698-1,0.01942743886499913,0.02833461945661644,0.023089149501350683,0.2788744327801645,0.3444713402276373,0.305803019169232,0.8519421311125347,0.637075148499447
CID004699-1,0.1818374859394996,0.0752609217285378,0.00014225262759100346,0.29377212966407185,0.18079626291286743,0.26819094712743224,0.8528630288060517,0.6706765379952337
CID004700-1,0.0005464161960875186,0.11716928217741902,0.001583951372563995,0.45247940682516474,0.14776930395856358,0.28045163947020124,0.8442548089409075,0.6438335867825333
CID004701-1,0.044956005766072955,0.0625623444914495,0.004343877520875133,0.4866791912446622,0.15798166173644487,0.24347691924049533,0.8912929745889387,0.6884733790418512
CID004702-1,0.026830730973857773,0.36391119593695703,0.00012897794284555056,0.3346798267479463,0.062477332992598215,0.21197193540579515,0.7881637168141592,0.6136924855956657
CID004703-1,0.07706063157548541,0.029977164442295798,0.03401432017729907,0.2614779827197339,0.24968344679817767,0.3477864542870083,0.8570241439238031,0.6121788925976808
CID004704-1,0.085998580676211,0.13996801566687342,0.027473243056143473,0.3650659544189893,0.2617469298732695,0.11974727630851344,0.8710473994037372,0.6622147266741463
CID004705-1,0.03901384592033455,0.04499439658144086,0.09941201669342825,0.09023424677072624,0.3479698358883997,0.3783756581456704,0.82625772496519,0.6456572104725671
CID004706-1,0.0003947696486407617,0.08307246817431145,0.04820113991672706,0.1935523812824666,0.28972008583963504,0.3850591551382191,0.7945519719145042,0.6241339151889522
CID004707-1,0.1928294377338785,0.04447090990212311,0.035192313659882596,0.17862092094994922,0.17466121631499548,0.3742252014391711,0.8056715137811391,0.5962839612300068
CID004708-1,0.22620072626306714,0.1997087004954884,0.04329018173025995,0.06437994361747894,0.45472787052092045,0.011692577372785243,0.8401232751008536,0.6845631963821354
CID004709-1,0.24875097540451738,0.05836801546305979,0.05923524686734055,0.23199292289835835,0.37700668797338577,0.024646151393338065,0.901118436412554,0.6648472781615928
CID004710-1,0.18486846599234374,0.07901121443156547,0.028851798748908877,0.308971531447181,0.315733809230804,0.08256318014919693,0.8652745660885285,0.6808641651588028
CID004711-1,0.29166350358597715,0.17547764098325563,0.02900152445933005,0.1994824502704975,0.2877993166227954,0.016575564078144325,0.8175940611733615,0.6795609007397303
CID004712-1,0.3957299911266296,0.14336318334530976,0.012641770473329893,0.05594982917130468,0.3803149800089069,0.012000245874519148,0.7679906043134742,0.6463804721658954
CID004713-1,0.05133152916811808,0.06311595359242957,0.011345157046194149,0.23255887842228934,0.3151279772542511,0.3265205045167177,0.8165082582875262,0.6344704350403904
CID004714-1,0.029565916779172342,0.15506748914060667,0.010046630724366947,0.2597522624498621,0.24703142708706963,0.2985362738189223,0.7850074720933558,0.6663272423298319
CID004715-1,0.0020235871972709833,0.6912748980569512,0.0012473444690412532,0.14448411030191796,0.003979025161430377,0.15699103481338825,0.7752434336963485,0.6260967646613973
CID004716-1,0.06247156315139748,0.4547784887530086,0.009993370063065086,0.2457644375400013,0.13777112083281207,0.08922101965971553,0.758872640648051,0.6276662024315681
CID004717-1,0.0002800700945580559,0.1448101057977581,0.0701321542370604,0.1093687703327624,0.3349889684529982,0.3404199310848628,0.7989664981036662,0.6512287217267776
CID004718-1,0.0001060081435334545,0.24310426510146663,0.013357248774013626,0.2535924711099153,0.23052677345699926,0.25931323341407175,0.7275207557454986,0.6378392953586833
CID004719-1,0.00015453738016167035,0.1656383056056326,0.003663292912214916,0.4137961778618183,0.09519087104160648,0.321556815198566,0.8311708970341257,0.6424329745172443
CID004720-2,0.07857061236441854,0.10210483965414158,0.002201651575921432,0.28227365551175587,0.23264090877764204,0.3022083321161206,0.8001503993893744,0.6732270830789635
CID004721-1,0.011790959750935468,0.06599717919836477,0.307138594775116,0.16744082963322648,0.19210298165529008,0.2555294549870672,0.7579457590997102,0.5576030305913732
CID004722-1,0.006349599075868553,0.15372691302691935,0.010828094036742696,0.21035345386320872,0.24099701775202823,0.37774492224523243,0.7533933839022334,0.6348488684349729
CID004723-1,5.760427141530189e-05,0.16083022433910918,0.0012624204036294365,0.353534666292906,0.12435489511822116,0.3599601895747189,0.7935938500960923,0.6087861361053285
CID004724-1,1.011744892638542e-05,0.35034619193538524,0.029636538472339997,0.2331672371394065,0.0690456873998089,0.31779422760413295,0.7829094597480247,0.6291923797859024
CID004725-1,0.31337244875225745,0.07498318130575715,0.07501332443522321,0.09761000344173967,0.30460193932838203,0.13441910273664057,0.8727171130430262,0.7192672586828781
CID004726-1,0.07884700397704972,0.0959368065938042,0.14053539788258898,0.20122078914455813,0.24424004209285913,0.2392199603091398,0.8127035162269246,0.6522419895828347
CID004727-1,0.0672710557488276,0.43485820459879265,0.016167512275911736,0.19104839805599885,0.06326222960403514,0.22739259971643402,0.7698501682845373,0.5734917550805345
CID004728-1,0.32927831318705525,0.08197790833045884,3.815237379979643e-05,0.1765638005437611,0.23765474098906403,0.17448708457586104,0.8189377931984458,0.6891169131407676
CID004729-1,0.0317448600266982,0.18947962466290932,0.004815858817613667,0.33985935183681654,0.11761688039384945,0.3164834242621128,0.7794778631112498,0.6418834245000758
CID004730-1,0.42618822289356056,0.21012512793121566,0.0100685608252028,0.11860939642133071,0.13116439560322193,0.10384429632546825,0.798039062804569,0.6484940799115289
CID004731-1,0.35226465732382045,0.08387078017655945,0.0968414852889587,0.10765459848393073,0.35905643128731796,0.00031204743941277546,0.8162940398234516,0.6925576240053423
CID004732-1,0.001054545182915795,0.3065243917744962,0.0020780557539792745,0.3385783941896884,0.04822348052163684,0.3035411325772836,0.7852308430541434,0.6500801346514533
CID004733-1,0.09286468559252123,0.1680880968157514,0.005062997965714119,0.4097822213039193,0.10639070761285374,0.2178112907092403,0.86703288490284,0.6505266580052256
CID004734-1,0.2663688762520697,0.28063263940183575,0.013296036448235812,0.2827895396781416,0.12415487890072886,0.032758029318988365,0.8147039612305098,0.6688502541830631
CID004735-1,0.2573482231155229,0.1932305869629514,0.0738664421262851,0.15734851488295212,0.30941541325076277,0.008790819661525668,0.7449497463510917,0.6540596968068911
CID004736-1,0.06372984987118345,0.12894724226535315,0.0368433526867275,0.2671884699070269,0.06384081333465634,0.4394502719350526,0.7694669195111673,0.5921445819217652
CID004737-1,0.009015437683092433,0.15978672294871865,0.024776233399025325,0.34778426727647005,0.09784161903483776,0.3607957196578557,0.8220075055837387,0.644658105502335
CID004738-1,0.05984337007640165,0.381748987964493,0.0011978644644952212,0.2976338914140556,0.05987931782278592,0.19969656825776855,0.7887654917462356,0.6438002412781305
CID004739-1,0.3125800995585496,0.03383158980788945,0.017400834287178757,0.29747474161948373,0.13798477419282654,0.20072796053407188,0.916826880659213,0.6612208643480479
CID004740-1,0.24517596021881574,0.10294096875410333,0.024003079454394904,0.2202212385008778,0.16077455461451692,0.2468841984572912,0.8770189596247059,0.6610602458284566
CID004741-1,0.21578077265664142,0.2368906425142066,0.012151313660854804,0.3607574308151925,0.142789523683415,0.03163031666968976,0.8158376917694806,0.6687066666819229
CID004742-1,0.27927824754678804,0.025892919411419545,0.015480324154902872,0.4012826842680028,0.04111428457031189,0.236951540048575,0.867433094841896,0.6083420386629396
CID004743-1,0.3552146161962207,0.3279024001600943,0.01855364434124246,0.22645526872140143,0.057546561001998814,0.014327509579042295,0.7715801836429639,0.6382150655887656
CID004744-1,0.2693627362342615,0.06411836063191129,0.007046568812705325,0.3072163659081739,0.0800635479601613,0.2721924204527867,0.8138084285213053,0.6263524192650897
CID004745-1,0.2293920229980296,0.07092083131440775,0.013811240662042413,0.22478157364126752,0.16012239558310268,0.3009719358011501,0.7989367399239591,0.6406411340775613
CID004746-1,0.0116353505109306,0.1483339378925088,0.009477917103144431,0.38143898240747387,0.0363597567941593,0.4127540552917829,0.7832100113056021,0.5801775951921067
CID004747-1,0.26786954969593263,0.03499719927745274,0.10782586885358926,0.1461170340297628,0.1768347773997648,0.26635557074349775,0.8360667174153465,0.5933603171906131
CID004748-1,0.11307480669944991,0.13405224359419562,0.0019741338754384005,0.29215460054299014,0.2083336549616321,0.2504105603262939,0.8330956626293424,0.6697315797581463
CID004749-1,0.00035997253735619347,0.42919687850999627,0.005195855520925787,0.22606569547636263,0.0002566129502860353,0.338924985005073,0.77677201854193,0.620746799013948
CID004750-1,0.0017320237070387544,0.10507750085946929,0.030248314078605135,0.27411279452082765,0.10548599256949527,0.4833433742645639,0.7684967652846201,0.5504011244827761
CID004751-1,0.4202768000334809,0.10952597295856507,0.03832442566153516,0.0854849762252215,0.2727149423120836,0.07367288280911387,0.7406763590391908,0.6196716991039688
CID004752-1,0.182507262154868,0.04341499395908859,0.09457917337643044,0.09445442366662289,0.4583355124635241,0.12670863437946597,0.8525347324101451,0.6662080209137585
CID004753-1,0.07825563556114526,0.11165369679737627,0.07779525912859829,0.17936910132748007,0.2910113065082357,0.26191500067716444,0.8254566868225102,0.652929275870518
CID004754-1,0.007220935358266959,0.32216118129936505,0.02283653776929035,0.1815078085624546,0.22989162350647346,0.23638191350414958,0.8193483787438265,0.6710586178777548
CID004755-1,0.0031975596775391272,0.3713268104636467,0.024608364667281515,0.18434103224410336,0.30158481354031197,0.11494141940711723,0.7447130599700664,0.6511696328006132
CID004756-1,0.2833052482892705,0.04448674758451374,0.03159371014245077,0.06821377245422022,0.2586281144813386,0.31377240704820614,0.8169210598129959,0.6370665209983981
CID004757-1,0.027499269181065305,0.1353305836462157,0.018215065294051404,0.12897505671622966,0.38797482036374165,0.30200520479869614,0.7736058304898342,0.6457368572283939
CID004758-1,0.0023853594008838848,0.38786830908133185,0.011452650326804486,0.336393062706505,0.04258912842714651,0.2193114900573282,0.7745680573114201,0.5892472230774655
CID005704-1,0.0012754710899232993,0.010794230382791198,0.029330123326473945,0.7343767601902701,0.1349567888774976,0.08926662613304383,0.8910067667651418,0.6211062478737951
CID005705-1,0.045339645072695424,0.009989404601652081,0.04563206101052861,0.7719241742472385,0.09588028465968061,0.03123443040820484,0.9049674225021961,0.650373315942287
CID005706-1,0.018074951328519974,0.10903394409128726,0.11140826350690927,0.33799086010812274,0.27544681553522987,0.14804516542993088,0.7951081687068234,0.6561775351498227
CID005707-1,0.10222023498958495,0.017481863880997643,0.07463953033205989,0.5537681462819497,0.20797686625369494,0.0439133582617129,0.8517344218016863,0.642277500840976
CID005708-1,0.5212206208257458,0.030918929704272725,0.05217212588158539,0.25990244275468727,0.12761324805368565,0.008172632780023134,0.8747114705964614,0.5849376444100975
CID005709-1,0.5041960706522949,0.11902484912478677,0.04102920913413059,0.07650560198340747,0.17964906216230575,0.0795952069430745,0.7777877428998505,0.6003006696542761
CID005710-1,0.266976540512495,0.07891521922164538,0.00645352230651662,0.2950926978357332,0.18759260397177704,0.16496941615183278,0.8483867179158658,0.6762371153632057
CID005711-1,0.0909814975286489,0.1258969525490152,0.023873597327891755,0.4320210861024127,0.19427710099503503,0.13294976549699639,0.8517056468605141,0.6569424824259504
CID005712-1,0.18080365929730519,0.2354524254938426,0.006668334279947434,0.1599051017067649,0.1864185388025281,0.23075194041961178,0.7926653110887233,0.680492094864424
CID005713-1,0.02377686644720021,0.05793817801546417,0.015109990769505898,0.49222532477398495,0.0765519720628538,0.33439766793099096,0.8624830467264023,0.5836039208608347
CID005714-1,0.015308054514543116,0.059469757508376526,0.0060974913158389505,0.4850188744364969,0.04905590804061751,0.38504991418412704,0.8507121786767804,0.5632102306542759
CID005715-1,0.1398874920587973,0.00838327144531319,0.019988647510397813,0.7080060037565608,0.11687592619783024,0.006858659031100673,0.9189719427948128,0.6364450852500613
CID005716-1,0.10930262144692132,0.15129769544161914,0.012776902815248015,0.20811497787404817,0.11193115766597556,0.40657664475618777,0.7937497050489465,0.6203797858051489
CID005717-1,0.09531089744659468,0.11989216147804277,0.013759069495535927,0.2548487679100845,0.2134522559994332,0.30273684767030884,0.7809998310657154,0.6135726733261695
CID005718-1,0.2586454378969123,0.07045727336108586,0.007408692328037992,0.31835296236132304,0.16776566786258384,0.17736996619005696,0.8591680636232506,0.6488940005961831
CID005719-1,0.008658358635900656,0.03510934092764834,0.028564882711103717,0.3479069896541649,0.4903005104952502,0.08945991757593219,0.8245144362791422,0.593145419811163
CID005720-1,0.009653673652847347,0.05671278014351914,0.07298100718491353,0.4524207583076885,0.14810633453996624,0.2601254461710653,0.8233092926851455,0.5564624641069998
CID005721-1,0.032003630870101045,0.0062246685664244005,0.024982484025669903,0.5229893958927613,0.13493142598820038,0.278868394656843,0.8637360466778423,0.5748020794351351
CID005722-1,0.0007551175105061855,0.23705713213362498,0.0007088292787448112,0.2761918605693925,0.15761855414394826,0.3276685063637833,0.777051446987122,0.6453390564921064
CID005723-1,2.1922214415798635e-05,0.1926622654763849,0.025101808601304947,0.36443657754585007,0.17262604773705484,0.24515137842498955,0.7451940931819627,0.6501049687339434
CID005724-1,0.01159455810637516,0.08009320499799345,0.015072972660507169,0.47068989489089963,0.1524833986842254,0.2700659706599993,0.875724820901812,0.6611399931725842
CID005725-1,0.07390312961581477,0.014794789311582544,0.050153553043179255,0.37938968555576597,0.31304250975151726,0.16871633272214018,0.8396157657566256,0.6838035109385848
CID005726-1,0.16659248823567172,0.09451038612715541,0.04105080058322965,0.4107287099094739,0.11086202635503124,0.17625558878943806,0.809271824839085,0.6284073020714255
CID005727-1,0.148819574966995,0.1980894541117719,0.0048800384600348285,0.27167817471918765,0.08537795777398666,0.29115479996802407,0.7626095659502738,0.6496845996043602
CID005728-1,0.0010598747551346704,0.2645814125011532,0.001573961568906619,0.43023866101170866,0.007044732286124742,0.2955013578769721,0.7880889169827223,0.632313412756107
CID005729-1,0.02291263252924729,0.2732915495566426,0.0005984730642920084,0.5021768577674083,0.07228899540743679,0.12873149167497305,0.8107016782827914,0.6641578729699511
CID005730-1,0.01868457105485552,0.395033917949608,0.0034216173223665138,0.34742050992890167,0.037243274185211714,0.19819610955905653,0.8000012064902594,0.6589218686269782
CID005731-1,0.15955919558209475,0.3015957302592336,0.0049988183127358775,0.4019038152151766,0.06919110302512056,0.06275133760563874,0.7969607422712566,0.6952541226233306
CID005732-1,0.3089078458375447,0.26293137559552276,0.017206844127014276,0.1762721127529046,0.1568012275304015,0.07788059415661215,0.8134493576735492,0.6654457488861956
CID005733-1,0.010567887784831578,0.10908628875041147,0.0004912422624322117,0.3943018918094632,0.09226540091924787,0.3932872884736136,0.8355383703107911,0.6114658809524786
CID005734-1,0.014473583572354653,0.5255135876283987,0.015029881363766429,0.35991887319846205,6.669194627513933e-05,0.08499738229074297,0.7601809954751132,0.6348285232989967
CID005735-1,0.23200679568375507,0.26863829341818724,0.0034561342144055185,0.30996660030323897,0.13267917440314747,0.05325300197726563,0.8156807265131758,0.7165729623979247
CID005736-1,0.00699354482708699,0.16425738026034112,1.751206942495109e-05,0.3630227105238056,0.09528151182664372,0.37042734049269754,0.7772018310134902,0.6150398516930159
CID005737-1,0.05743698380102884,0.23836636677668,0.0001580926304693198,0.3560845334248528,0.06907946133125015,0.2788745620357189,0.8248265835695328,0.6278398826645883
CID005738-1,0.18785036109282607,0.20445472721610297,0.02276248819161717,0.29089923719622196,0.2559809299280483,0.03805225637518365,0.7708562887038224,0.6862348842230647
CID005739-1,0.04733188194528237,0.12886590961098393,0.0007220029363916457,0.35158663254719336,0.15627277367101422,0.31522079928913443,0.8014786485374721,0.6348311823795434
CID005740-1,0.0011765898473587136,0.13749897068854472,0.0023760863148849223,0.3699171171294092,0.17101259153588227,0.31801864448392014,0.8279938073884263,0.6440032278264785
CID005741-1,0.01403006074910744,0.0568874406508087,0.01560775589219099,0.7596302005878266,0.05639905099971529,0.09744549112035097,0.8761470643823585,0.6427353516972495
CID005742-1,0.006263833158655814,0.5093904455731043,0.05687807944136519,0.27222531067763345,0.00032436497959435024,0.1549179661696469,0.706208891223506,0.631515364738007
CID005743-1,0.2937683688089714,0.021233237648938072,0.07463378912040011,0.11142510105304247,0.22251592046689525,0.27642358290175273,0.8614949431099873,0.6689658027783247
CID005744-1,0.07081353586955585,0.08229157633465659,0.031526611083291425,0.33080967618819584,0.1738264747634932,0.31073212576080717,0.8009600665341182,0.5871308194362233
CID005745-1,0.21745083120942418,0.06347599420671264,0.10583756355505815,0.35363268058358377,0.2522752144606767,0.007327715984544636,0.9063613068545804,0.6611635487441314
CID005746-1,0.312309392162595,0.13687412877197522,0.0914393352423094,0.1676579073220655,0.2750267509401938,0.01669248556086118,0.7919933356450656,0.6672245099703743
CID005747-1,0.06037539929647913,0.023531406397557273,0.06147952778853046,0.2509014056729241,0.603698929634427,1.3331210082065359e-05,0.860946059839865,0.6373995363820018
CID005748-1,0.22862340529285877,0.04092180598030018,0.06495502976987427,0.35517498210659976,0.2905694349776013,0.019755341872765748,0.8620168695280803,0.6685088118126737
CID005749-1,0.054701797144341265,0.2389086580408629,1.1181284210429827e-05,0.2912300620448405,0.28569511229753597,0.12945318918820894,0.7684547026995973,0.6748390522078813
CID005750-1,0.06455880355733969,0.1356812592862104,0.028271383087560806,0.40505843901214195,0.32091979234170204,0.04551032271504514,0.8371112515802781,0.6868238040400458
CID005751-1,0.04452522042313413,0.2155157119413257,0.06778550781007608,0.14028106613910696,0.3679957530994609,0.16389674058689607,0.7450533845825326,0.6879682267230913
CID005752-1,0.4741803768231436,0.12918554292577727,0.004560285327392824,0.045799477150204757,0.08300881549582458,0.26326550227765694,0.8331844112640183,0.6250417723710525
CID005753-1,0.000752799614971592,0.06468827159719545,0.0010400963378542263,0.41043903938183174,0.06648939306466073,0.4565904000034863,0.8436427429729835,0.6081197908726058
CID005754-1,0.0002997499932833769,0.4402171138878312,0.002396250885313429,0.3015907814333618,0.022744139862729273,0.2327519639374809,0.8078674446387452,0.6377966979424142
CID005755-1,0.08674618589809069,0.10031057361470529,0.2115961314731662,0.12411848859451333,0.4764384272244151,0.0007901931951094154,0.7970958787102285,0.6625198202164619
CID005756-1,0.27150297701902576,0.028564782697580896,0.05553025986277956,0.42819991272935337,0.16201245654193328,0.05418961114932711,0.8628692202947016,0.691333535787003
CID005757-1,0.10196495513878079,0.02380618575688822,0.2769706576045741,0.11337550282847306,0.46940446587787843,0.01447823279340534,0.776154174674354,0.6081872521425477
CID005758-1,0.002073957206703859,0.22931826226844407,0.0032170395487335296,0.302773021282017,0.04349191121945303,0.4191258084746484,0.7468421488468969,0.5988349383682728
CID005759-1,0.3852586862673719,0.006804272732307227,0.1569123319645363,0.08170762054615306,0.3689773126060015,0.0003397758836299484,0.9162912832534106,0.6482523698995558
CID005760-1,0.015549731948933927,0.2668198307236562,0.004772982936156044,0.24836498051165337,0.07188798444917402,0.3926044894304264,0.8211324478988199,0.6349635008136035
CID005761-1,0.20696902148362434,0.08875280493928642,0.1564151490106816,0.11658915370509734,0.43121502896165426,5.884189965606814e-05,0.7609386852085966,0.6480670489762344
CID005762-1,0.00018826537126634044,0.21212363598359468,0.0035910921472016963,0.2513086444387527,0.13476499161262911,0.3980233704465555,0.7886868691240888,0.6268676169937096
CID005763-1,0.044134997236830203,0.08870293957682066,0.16877306276108603,0.2822999197820687,0.4077031148943695,0.008385965748824817,0.78589075450062,0.6729091906668385
CID005764-1,0.36503408864530446,0.016835135978414063,0.11226483261806204,0.20707024075782887,0.2724341371710798,0.026361564829310895,0.8832668126785774,0.6674727114864064
CID005765-1,0.006205484997095745,0.05165332713495304,0.06641326285276677,0.42172287810045334,0.16311920974274005,0.29088583717199107,0.8816399894125396,0.6250827909879985
CID005766-1,0.006626478377976332,0.04776754447747393,0.07751107707941687,0.25107568829138543,0.41903745890226074,0.1979817528714867,0.8735639730881529,0.6716789783319275
CID005767-1,0.29447086550613166,0.1763586187898199,0.0765286959629944,0.22502115884270882,0.22742583496326624,0.00019482593507914024,0.718869123775481,0.6294084520626874
CID005768-1,0.1951476193581594,0.010626690046093712,0.02777608005727056,0.13567122122901426,0.5731699796317387,0.05760840967772336,0.8623777918246944,0.6169121325088296
CID005769-1,0.04492518103985376,0.11642911205381455,0.0008072167874659289,0.44228590326393796,0.0964790324344656,0.2990735544204623,0.8168318050594109,0.6328209493150883
CID005770-1,0.06196307332167404,0.21444400279931616,0.009265805271841574,0.37475026253951726,0.025560662367081703,0.3140161937005692,0.7824164031770589,0.6135393251009674
CID005771-1,0.11098386644178167,0.09038095645766561,0.16706757164532157,0.19505376397230523,0.41474286712459596,0.021770974358329996,0.7345921417894512,0.6148972029376569
CID005772-1,0.07071193187913638,0.08967636856389016,0.09694223974116675,0.21781098455754241,0.25736883912276487,0.26748963613549936,0.8076016324386656,0.6187690715791383
CID005773-1,0.011230338197626049,0.20077205139868015,0.06805649698635684,0.133807625700611,0.4234176308184898,0.16271585689823614,0.706040999359385,0.6202476703628866
CID005774-1,0.00017131188070924983,0.2586685845262733,0.0005592239948576556,0.38114518187550994,0.062098893403480036,0.29735680431916994,0.8193714614678741,0.6156867557609782
CID005775-1,0.26286691506305426,0.08048362437409172,0.04384630914894532,0.09369801577502171,0.5188985965272926,0.0002065391115943076,0.6894742941424357,0.6057153248464472
CID005776-1,0.11592373468221985,0.06344354435549075,0.008893328467902317,0.275313183227041,0.21877618718327763,0.3176500220840685,0.8385720060159756,0.6495541234254881
CID005777-1,0.034850858807286854,0.18260939596642814,0.009844521922775004,0.21809620013682587,0.15006529451599918,0.40453372865068493,0.7589380530973451,0.6313819366624244
CID005778-1,0.422294052840851,0.13766362817952116,0.038956133898365365,0.15553437383689003,0.11970223522014987,0.1258495760242226,0.7706635013716506,0.6623234930566863
CID005779-1,0.01580364462929099,0.28620955005007365,0.07826554348723845,0.186643716828782,0.3054131503212609,0.12766439468335397,0.6997202647875294,0.6347408629830008
CID005780-1,0.16954738782676884,0.1219073250520769,0.03459299079381907,0.2718139502280094,0.10267513713241376,0.2994632089669121,0.7343760477174379,0.6333957068937288
CID005781-1,0.00023792937701225933,0.25593805583268947,0.001553653988579566,0.28679966599690965,0.11484459356330737,0.34062610124150167,0.7305348269473829,0.6153297549895931
CID005782-1,0.009766496565464793,0.3734391034150263,0.024709288341520242,0.21059464301415778,0.03555962443456287,0.34593084422926806,0.7293272653779785,0.5855136231622821
CID006558-1,0.34784006245647314,0.08847429677354242,0.048944626163830954,0.10413955428878519,0.4105183440111869,8.311630618138876e-05,0.7470353982300885,0.6498078296275932
CID006559-1,0.3773698722885687,0.062484488833034244,0.06731394224136791,0.13705140570627933,0.35563307538084443,0.00014721554990541005,0.8341481163827271,0.6530378768472823
CID006560-1,0.00016512286877262887,0.091774841762084,0.014830559730429332,0.32440421723150165,0.24080132565670687,0.3280239327505055,0.8350821744627054,0.6582119765578054
CID006560-2,3.757600971790755e-05,0.08662026628267216,0.021620137229822967,0.345712812612594,0.2605270087214221,0.285482199143771,0.8187503246359749,0.6161597677484884
CID006561-1,0.0008180509023587966,0.0892235792496184,0.013477410409728054,0.40269706286082585,0.16078294045380992,0.333000956123659,0.8342656974294143,0.5834649534339212
CID006562-1,0.4217820125858071,0.06275877575999206,0.018050277095885796,0.24443020198503998,0.19262625893782356,0.06035247363545152,0.8834089359472115,0.7073503589981306
CID006563-1,0.4456158668913022,0.06481724262782054,0.004568195423271569,0.2560079165605695,0.17597700888830942,0.05301376960872675,0.8844260782555586,0.6619544355741794
CID006564-1,0.1021661874796179,0.1682307869935215,0.02313602087749512,0.3397212218492458,0.06186258591628758,0.3048831968838322,0.7112988760047584,0.6118964686644361
CID006565-1,0.5232339133668503,0.005727032767771461,0.024865187744610974,0.0946024762637905,0.33388280179721375,0.01768858805976299,0.8656148042127091,0.6522837731038171
CID006566-1,0.20024614981101999,0.05340203558144298,0.03496282493478641,0.3679788313661582,0.3304553445587279,0.01295481374786455,0.8754877791824693,0.6569499812488365
CID006567-1,0.1483566539908879,0.06463958489930714,0.025373956810817035,0.33550168548133186,0.4089353761944388,0.017192742623217145,0.8977948560347663,0.6440676038850152
CID006568-1,0.13964478787548174,0.0106283292439038,0.021868615441447838,0.09422501747591444,0.71706100403167,0.01657224593158226,0.894678624813154,0.6511830652951855
CID006569-1,0.04922878575189306,0.08771074687734834,0.02298164733499885,0.2200825957178238,0.35639445262269653,0.26360177169523935,0.833062139654068,0.6617058454652142
CID006570-1,0.11521227365724329,0.39465567510743665,0.016679437674083614,0.17720484648763443,0.07180726981427278,0.2244404972593293,0.7584113181086276,0.6433994350241755
CID006571-1,0.32794296475588375,0.016149389291393625,0.02308095747995813,0.32102611441692636,0.2630401683069539,0.048760405748884184,0.8840891903408389,0.675691884224457
CID006572-1,0.07090659267548921,0.00786158069174262,0.012372703523621659,0.44194760543932604,0.15845567304108296,0.3084558446287375,0.8358871819914685,0.5608774061063433
CID006573-1,0.0070261496754481624,0.12960460208376026,0.0007067602247988083,0.33376464327830646,0.06666211725663646,0.46223572748104996,0.7853318259197173,0.5968020083740613
CID006574-1,0.06694443219953938,0.19631779592879875,0.0002471799073443171,0.3125635766069585,0.06963753290030894,0.3542894824570501,0.7823329062566731,0.613659153490339
CID006575-1,0.00029765885501535904,0.03854341371349588,0.08486270558063737,0.2654899526719287,0.3582293404822002,0.2525769286967224,0.7958192663054072,0.6131759607909849
CID006576-1,0.12682248135627577,0.06526409409869653,0.08214165248900968,0.1930912994871804,0.3956835761229359,0.13699689644590166,0.7629009182148195,0.6700197539314338
CID006577-1,0.24841147157143692,0.01410717876321723,0.016206905770328583,0.5463970226191506,0.16734728736381163,0.007530133912055014,0.863131331128338,0.652002408614157
CID006578-1,0.1265269698706967,0.001029150292029736,0.024881467788800102,0.6402869745192791,0.20716381211174495,0.00011162541744942075,0.8598571527633313,0.6561757828043737
CID006579-1,0.21124917507451677,0.04671551647378338,0.02015077408588616,0.5320980154062469,0.16887370031664495,0.020912818642921837,0.8627156669889458,0.645230694130041
CID006580-1,0.23990912371564718,0.06967081129703276,0.11108044171732362,0.13740834467322946,0.43567253729685423,0.006258741299912781,0.8433992268059453,0.679594338051673
CID006581-1,0.032311699541070854,0.00037920213874423,0.023967154368879622,0.18315426101081372,0.7413489117821443,0.01883877115834721,0.8367329705618654,0.5845313045963375
CID006582-1,0.20835797063612532,0.04966169336913897,0.0172552868833626,0.2982061127740011,0.2318562529703915,0.1946626833669806,0.8341429184047405,0.6398204955971226
CID006583-1,0.062275636719774236,0.0016488070392571645,0.010830986140675068,0.45656868000741796,0.4039933960166357,0.06468249407623985,0.8766988890966733,0.6380550254319238
CID006584-1,0.024295404674407117,0.0016838498944566256,0.0011293637978843254,0.5479154875571102,0.265968213978165,0.1590076800979767,0.864249675297362,0.6095633939542453
