,CD209+ moDC,CD83+ CLEC9A+ DC,CD83- CLEC9A+ DC,CLEC10A+ DC,IL7R+ Activated DC,Mast Cell,Monocyte Inflammatory,Proliferating myeloid,Resident Macrophage,CD4 SELL naive,CD4 TRM,CD4 Tfh,CD4 Th17,CD4 Tph,CD4 Treg,CD8 Effector,CD8 IEL,ILC3,MAIT,NK,Proliferating T cells,gd T cell 1,gd T cell 2,GC-like B cell,Memory B cell,Naive B cell,Plasma Cell,Plasmablast,Arterial Pericyte,Blood Endothelial Cell,Fibroblast,Glial Cell,Inflammatory Fibroblast,Myofibroblast,Pericyte,Post-capillary venules,Proliferating Stromal Cell,Smooth Muscle Cell,Enterocyte,Enteroendocrine Cell,Epithelial M Cell,Epithelial Progenitor Cell,Epithelial Stem Cell,Goblet Cell,Tuft Cell,rho_Spearman,rho_Pearson
CID005093-1,0.004970700643244228,0.10941857149070064,0.0024147818125939656,2.8593621494177623e-05,0.010119609147749224,0.000997652296090817,0.0014229078985055236,0.00038098391231633776,0.00028651734794606255,0.01661158211967347,0.10112326162003138,0.10798086370507481,0.001668187896063102,0.0009360896471503397,0.09361770287768184,0.0009990555880195835,3.233525312649642e-05,0.006141036096412038,0.10374584097145759,7.198078760194167e-05,0.00016150800701020393,0.001859618853721668,0.00012811706762210382,0.00018797496465789064,0.07248949518211542,0.02139397048800293,9.510985004666842e-05,0.0056754703871228504,0.02365291319806131,0.002206133749595977,0.09397875468617034,0.01264566648736125,0.1066757614026728,0.013724877797231584,0.002608438206920663,0.0017021652912648573,0.00017669332465067563,8.783421838215281e-05,0.0003031601209349588,0.00020377404266055227,0.0037912630056065482,3.496744842601545e-05,0.07196923955801827,0.00028885293941141593,0.0009899849893977189,0.7380641053273659,0.37917390713221255
CID005215-1,0.006182758774792716,0.0012678532957460672,0.0005914308644495896,0.01521562832234453,0.05709147940737961,0.002012155961467406,0.09281503219245464,0.0003851297434488632,0.0005645069875507298,0.09248183901345855,0.0027038908066283427,0.0923176287471042,0.0015846258385095373,0.0008943301038641233,0.012221636408289997,0.09212632004152527,0.08992371049601883,0.0004388260138070022,0.022491511521216038,0.060034248748264116,0.0004439850605745914,0.004358593607186114,9.804140210660454e-06,0.00015000908757393654,0.08286258992581444,0.08508461302407193,1.2253315487514581e-05,0.0006310632614215837,0.0006155859621004105,0.02313575652967898,0.004077925462162169,0.010872594980538015,0.007756039118741334,0.000691777495861079,0.00026257979565301194,0.0031316310446788615,0.0010705145182844343,0.001091106582270393,0.0005971098207207955,0.008383279422902793,0.014822160235882283,0.003798611608259689,0.09085534088365643,3.791993438314494e-05,0.01190261189356525,0.6661429096420015,0.47139180497077127
CID005217-1,0.0002149275671194826,0.08376356527659759,0.0804023129734254,0.0011437493965197664,0.014787505913910485,9.031845798902274e-05,0.0008603760817441965,0.0003903961309567819,0.0008047238713597178,0.07815725960056927,0.08289267715671149,0.04983871235343021,0.00038988302630016565,5.5324066157925e-05,0.05880712119040174,2.4553134664010507e-05,0.022496992038134534,0.018687455728600755,0.08368658713247983,2.9874485273396803e-05,0.00017091110117463894,0.01799523807360478,0.0006343261867376055,0.005961031831765313,0.08404828564931673,0.08395139373622636,2.3419840109791518e-05,0.0006439108753093915,0.03501601862110546,0.011765059862163167,0.002359166780095021,0.020129701800540526,0.0009089927815994789,0.011624370186852818,0.001576153772503744,0.0033594982648360396,0.03892976371851249,0.0012271105607074527,0.007219800359711779,0.004397223598850295,0.005287243215976153,0.00014119102386810856,0.07683341830891509,5.005230461152432e-05,0.008222401962560563,0.7061380857996543,0.33648489229106493
CID005219-1,0.007588351775866261,0.12853327046551413,0.004118754662284541,0.0001073978017349714,0.009099961702309424,8.659905460519721e-05,0.01117559868801282,0.0001168036671231352,0.0007958201047459406,0.0013572851313150853,0.019077053866744697,0.12913245616914676,0.0034429597548340587,0.006805107156017569,0.12872626428117784,0.00024832862080918203,0.000932279716119128,0.005743016573660827,0.001019375636948028,0.0010428875417246594,0.00030183532416709223,0.0010521915675648656,1.142266941433758e-05,9.809694208192335e-05,0.12844093496684414,0.06184813721672324,0.00012354284607511332,0.0001278998881894299,0.04552157316405826,0.05172583894461662,0.00028304692456454825,0.018102223690751935,0.12915770674059296,0.001864049193541633,0.0015713208992297653,0.03428147416891393,0.0007921845113160507,0.011607399740668064,3.7439897888847783e-06,0.00035374479851515923,0.002389204830823972,3.714705900972657e-06,0.0501132986535295,2.0311952070237104e-05,0.0010555292993634253,0.7188907201638502,0.32340988032938345
CID005222-1,0.016873880981303657,0.09346918104371478,0.0007186971038772447,0.000426634400916761,0.00791033122626238,0.0003339214559183833,0.027694557160859536,0.0004468753843151645,7.054005417125486e-05,0.034082028567521835,0.06105510396299617,0.009091663953709191,0.0002746287865522545,5.07628642008036e-05,0.08977321583139788,3.674093457951811e-05,0.07134112263153829,0.00796501973391958,0.08917778357453951,0.009809369089077527,0.0007004960955028835,0.003998843041906768,0.0005522944464717351,0.0001682016239676044,0.08594968638521863,0.09312305347035271,0.010203204142033023,0.0043491028782392215,0.0837641630135039,0.059916237965145405,0.00027362064124227794,0.009242515076967587,0.011263918517410383,0.0002799370853315799,0.012962502754702678,0.0023602278566526172,0.004362246120868838,0.0005551747488415596,0.00018871080797725043,0.0008284954330797471,0.005479381315294196,4.0803706404974414e-06,0.08548957769791019,1.3281973125140284e-05,0.0033689877962419334,0.7893035298214489,0.46080320629177396
CID005224-1,0.006686419726419713,0.07487793585215312,0.058101907671596564,1.1972418674122177e-05,0.002278978641527773,0.0004986238567610027,0.04012616106768,3.0665492489691896e-05,4.295695282332065e-05,0.03606800734903979,0.11414249185462536,0.0034590202647254618,0.00041343280655358497,4.950355906339427e-05,0.0657584239670211,0.0003307606778050127,0.008221734113175979,0.0030417789072823987,0.11332634664096776,0.00048611108952611006,0.013218539910465728,0.0002526774150887709,0.007999232513088565,0.00012486152349306997,0.05880839436242566,0.004921812501614587,0.00025909498564611575,0.0008458896404864914,0.0011215616821713323,0.0032910492425957693,0.0007890180977093072,0.0033256553938566433,0.003465992192250406,7.110757745975376e-06,0.00010669344112191352,0.0005052733634676444,0.04121314001134516,0.0002271232355398909,0.11526062667344322,0.001906705847585499,0.11326358435941548,0.09354392160140178,0.00011653143498230732,0.00013480157480141023,0.0073374753283458665,0.7906368161978307,0.4352157765418241
CID005225-1,0.01769379380763874,0.10313602203540694,0.05644943845351363,0.0001331021798972067,0.011050480822876761,0.0006251036928655409,0.0007105809782278998,0.00018035843261795853,3.771358815994006e-05,0.0017363367488492638,0.10192416839264709,0.009430035369539826,0.0002617581965393456,0.0004116777938816768,0.07178700914307463,0.00020438950066886132,0.06407935598616024,0.011633734363502938,0.10105026144989775,0.008419173491109629,8.204277570514222e-05,0.0018103453045301926,0.005442506088243747,0.0002701327141776197,0.06649997392581038,0.0003033237065120777,0.00032732819347926646,0.07902505327101594,0.021120427986950973,0.012932737916935142,0.09460701835816021,0.009670977305967464,0.00031568640425627616,0.00015588441690841425,0.0005568903986813579,0.0023315677129432514,0.019025842546427318,8.187143669289318e-05,0.0011370668104615086,0.0036255220304296843,0.011945098791374028,0.0011419926117845946,0.10332706721920112,2.342037587996916e-06,0.0033068056086876414,0.765017756028956,0.3351564459132692
CID005416-1,0.020341761476031107,0.12791052290224392,0.0008911647512518365,0.008027227999144241,0.013053093820494986,0.004565009214250853,0.0008954417361318497,0.00031466554652247376,0.0010448491912644637,0.00043714571458137373,0.08214417096108989,0.08517008898494725,0.0028520329753107298,0.0002615669469179966,0.022060648714631103,0.0004031374161953187,0.03449494495643037,0.021680231781248303,0.008967391087884273,0.0097179406177688,0.0002786615809776411,0.0134015652718857,0.0001757241295754889,1.3491228700835745e-05,0.08202542204973932,0.005856564784319752,0.0453815651308223,0.006947334391865917,0.04422619875586264,0.00791764473747549,0.12814905376914876,0.0781882435173636,0.0001647763919549227,0.0009226919095270884,0.00011110647660826777,0.002847464649694496,3.115749114923265e-05,0.002721415675505869,9.12547951615302e-06,0.0015804409772119362,0.0006137011035372312,0.00014947594078642385,0.1274121265974623,6.493119420297026e-06,0.005635518045547056,0.6915960988972065,0.34724324016057795
CID005418-1,0.0020320053466612122,0.0247546788667739,0.15637010412993316,1.6873631984138513e-05,0.0008749694719088327,3.109316906932493e-06,1.2790210537613793e-05,0.0004696764322084658,0.0010256051684853057,0.00024985107763345483,0.0012219421025163983,0.12266783824005935,0.0025337542047967994,7.93170190960833e-05,0.00026323665435309306,1.069892860886898e-05,1.3089514161025426e-05,0.0007136031581785786,3.3799122977252126e-05,6.004734627109755e-06,0.016995919355315872,0.00017542882721387562,0.01894447359692072,0.0006882855198728786,0.000606022318835486,0.0002747211954686837,0.003522880361651616,0.12521727689004467,0.0003218187762292662,0.006630859688006675,9.396751587469675e-05,0.0028549069765520067,4.149952195290285e-05,0.00011496135706017907,0.00012944241108159618,0.001997840527763565,0.0015725666969738262,0.002974815946740939,0.15626231250046316,0.013780032769478418,0.008021382667736362,0.1563639167055122,0.1435793678564321,0.025453500824860135,2.885185955070824e-05,0.6662924116753034,0.3267351382200294
CID005420-1,0.027260993449982014,0.000398047823519183,0.0001502680396579511,1.0024654700737699e-05,0.020079963891028042,0.0526204204962813,0.010229200420074584,1.1771585793676936e-05,0.0001228586522798322,0.01610018418744533,0.01060611444366181,0.06592903909329875,0.0004933178604149745,0.0022872353013223367,0.0009804555892468571,9.699399487047018e-05,0.000233824287730094,0.027531404526280705,0.0005990202365923554,0.0004922017246986258,7.073753742581609e-05,0.00037106354191395493,6.385394840422757e-06,5.50229395539843e-05,0.04012266806873452,2.5101221380140415e-05,2.4328043650994265e-05,0.00011345308106520938,0.14758352516982798,0.1483035428203465,0.00042135934515652966,0.005826931305510731,0.03402131450684241,0.00047541405293624454,0.019864621819354684,0.15760310265491187,0.000153131214621063,0.033233657842543694,0.00016640984777821472,0.0005183006876455516,0.009332552174629173,0.002835135916189439,0.14320718326584306,0.0010031134106258499,0.01842860387779233,0.709029048720905,0.5026458956385104
CID005422-1,0.0015073551385507138,0.07735606941481184,0.07679740598822682,0.0002899742492560213,0.011668697572548663,0.00016529740303163792,0.006652940481923894,0.00013520473713730957,1.552797538532021e-05,0.0628058894385317,0.07717459461332317,0.05158749953329741,0.0010384645089060965,0.0006226026099889676,0.07391978993847674,0.00030261044575121955,0.003317401023206132,0.03228029946547796,0.00015084420239442012,0.001341790869455375,0.0010959724564518667,0.001391430071298855,0.0003198625230523078,0.00017219335308671745,0.06892363401548708,0.05944129884972766,0.00023720222446019918,0.002719505310490175,0.02031110439568474,0.05538104991977765,0.02521755006167866,0.008599761444151598,0.012984407941579882,0.00010581101959590065,0.001788567965752728,0.009117420544670839,0.02145831224853201,0.0005867647673172599,0.0565392592393304,0.001716711738092344,0.030894121674027913,0.06271663540084348,0.07660622564863262,0.00030187409347508666,0.0022430634831208393,0.7298632043685822,0.3502560151211488
CID005424-1,0.015039811925953685,0.06888775796071431,0.06476827178402066,0.0020374623740898375,0.016938331618048738,0.0034040868037172067,0.006018866395181844,0.00039668257513586784,0.0016766246564016629,0.06715280552532987,0.04534822006099204,0.03261193110688118,0.00012600675406268739,2.9028990675835522e-05,0.06570376106126491,1.3972874061451094e-05,0.0005401456908203711,0.019548531210760653,0.06903842145102607,0.0007428938264326598,0.057078527940490835,0.0009702233612548753,0.003149574700865699,0.00030399621632181886,0.06594358872500586,0.04064986616890151,1.1346610837559185e-05,0.0059757531591752636,0.003199089158603792,0.014858316219168615,0.0627971801565553,0.004771870213772629,0.014432548849616898,0.00033535580352700206,2.661670367567179e-05,0.002323692762115746,0.020261531127317517,6.029504173707204e-05,0.043061782600869375,0.00419502758905549,0.034688212590373954,0.0684192036619258,0.06771633737884243,1.2790574551404006e-05,0.0047336580398664434,0.7325917593979969,0.4088970306567934
CID005425-1,0.022703555691851646,0.12065216087903763,0.0002199204124026459,0.0017609002748956552,0.0011873760872639755,0.009755625877927906,0.039892198508734066,4.659170816384457e-05,0.000767547551082045,0.02487143940090748,0.062458152870453865,0.026945823853571874,0.002830435413268091,0.0004966511636403142,0.11961535762347567,0.0003970161569072103,0.0014816305802867998,0.0012110466672559292,0.11411562028192754,0.003443573452534231,0.0009976568821866301,0.0017764057934224271,0.00015575675177078801,0.00029580706161585205,0.08149840361396707,0.00706187990764685,0.006911888429734124,0.045260899880179416,0.002284259273651316,0.04796947703980471,2.743947027910051e-05,0.004322023606713176,0.004023049770961055,1.6031583369683814e-05,0.00932062786753116,0.09119647755959884,0.0019355390763420618,0.0002498058744697135,0.0006556239290536603,0.00018957239341802984,0.12099939382335215,0.00015815785277112392,0.007976993740665728,1.2546761575815769e-05,0.00985165760033123,0.7696668506264651,0.4045630952579693
CID005614-1,0.016569087973001544,0.08110292992171955,0.013696365251006705,0.0004870935631487766,0.010890039827720391,0.00027212214572826417,0.0025778825925791195,0.00030433272483073817,0.0007218711757580184,0.0812244485405556,0.06799713237001831,0.08274971023787536,0.0008336766713314789,0.00043281501303844865,0.08356501273019465,0.00019193464523518846,0.010346688914782496,0.012830481825135022,0.06401236485031211,2.3824747274600534e-05,6.190821791688182e-05,0.00047490287765163466,0.001656014893683309,2.7425181184135267e-05,0.0767354696056685,0.08407741377671218,1.4014904184702866e-05,0.00109439997478257,0.0052922974385866154,0.011620403233802404,0.0814443274043983,0.015676226007210962,0.00033386194412506374,0.010302876165453088,0.0028849537142928705,0.006837725235271006,0.01930348852902068,0.0003580175917913346,0.0009340172803363807,0.0019301681020391331,0.058451898121474236,8.07548257958196e-05,0.08384880570008132,8.12527310743895e-07,0.0057280010259798285,0.7125824736649805,0.3868662662639544
CID005616-1,0.002796858819243779,0.0982162781750137,0.09365722471261366,0.003404603759272773,0.01291974831725482,4.046012438518562e-05,0.0012473721017940392,0.0009334235099353449,6.939381421142871e-05,0.004892266284451272,0.09751060276609656,0.008588761401937843,7.625156813430653e-06,0.00014727725506484695,0.00019050798630880527,0.0003885543245985528,0.08964103639818477,0.009452948183645083,0.09747471298429343,0.00035449216688860995,2.3331042355332706e-05,0.029100820716667603,0.04974456846530244,0.00014866944480622235,0.09356189951753788,0.0015057562341784468,0.0007212295665083486,0.023019245326244518,0.02316139455542012,0.003510569859499606,0.027280404358472232,0.030311901027145368,0.0017791066048376835,0.0035561823677083015,0.013716648684054245,0.00034897560932950386,0.006709325433269033,0.00016971670581457675,0.07008263984954258,0.0011776602802682356,5.019833620469668e-05,4.538984947028228e-06,0.09711155333221656,6.277568478137984e-05,0.0012067397708801502,0.6952389270823662,0.2817706948133658
CID005618-1,0.01422916745680843,0.0934815487778521,0.0013118787658903586,0.00045197589137193316,0.016691173358518087,0.0014286826035497771,0.00424292994938097,0.00022565380692042062,0.0006636925582076619,0.052801868678543716,0.06387485950156326,0.05823552978318323,0.0014086707937937097,9.774475668866745e-05,0.06889556989464048,0.0007896537813528894,0.000221887184217941,0.022390196354810588,0.08082121244845528,0.002569741285762874,1.3882700276339454e-05,0.021358548151557848,2.0016208161785145e-05,0.00020598944368912224,0.092121620748539,0.09348072688959146,0.00015612262309527006,0.01286815977101957,0.027314547503358145,0.003343071987128279,0.09322275863841445,0.008934470265642933,0.004022735429851511,0.09102224828390289,0.0012342536643816073,0.002005066059290813,0.002145519466581453,9.768950607509923e-05,3.564870072773098e-05,4.797278426683156e-05,1.8554553013033877e-05,1.0394653700625537e-06,0.05940485845865444,1.2303467305226943e-05,0.002078557598592984,0.7334876649115976,0.4281797758462842
CID005620-1,0.0036571389632593194,0.11041943650502643,0.0059200489340863055,1.506349068743035e-05,0.023682901519966795,8.067720335500076e-06,0.007765176659283744,0.0010270667836754332,0.000725606783522371,0.10878901114921521,0.05657181571211124,0.02087896219322969,6.41393228301183e-05,0.000522392454988794,0.11037043338448399,0.0005710861746261936,0.010654373732179553,0.00528711458212014,0.11028675903569236,0.011419304343856079,0.000699642439009595,0.018166647916747287,7.93583252835443e-05,0.0002009240943645869,0.05237198603125362,0.11044895667071436,4.254108195066029e-05,0.008193072540042399,0.015146184937734498,0.006160823722916398,0.0003691377243724052,0.011579316266663559,0.025805733201147058,0.0009914395108093828,1.395417799052975e-05,0.016240503863273442,0.033161769117091115,0.0009739884755369119,4.4831374124632524e-05,0.00036792578909047597,6.918834990310485e-05,3.3147915736023075e-05,0.10715375225299541,3.063971502989668e-05,0.003018635061042096,0.7696117516289377,0.36767859927612745
CID005844-1,0.021144973893922357,0.13510360783116887,2.1543340870216182e-05,6.0580010268042255e-05,0.01047392086102936,0.00687848461527542,0.01312750203436648,0.000492295417893557,0.0010077818319607812,0.00819279444688005,0.0003360987614981387,0.121799573573612,4.321084274366527e-05,0.0010466504338009224,0.14622465328356055,3.227327057056783e-05,1.3308087360154792e-05,0.011963943481792097,2.920310561405809e-05,0.0011126228994932496,7.13846620734755e-07,7.20716450604634e-05,5.890326795515077e-05,6.662187398077842e-06,0.08462746924267116,7.341312744392615e-05,0.0004627709489881581,0.0008730185869044168,0.051545212428961075,0.0013044298870971776,0.0003788507487109301,0.02134335623516149,0.14667333235117158,0.026204481737809315,0.02238599677679447,0.0022301453894016422,0.0006901338931657666,0.011601041409709328,6.372900402111685e-05,0.00021946679395153616,0.013128291244414536,0.00015594297217634578,0.13525271829361876,2.49065467643526e-05,0.0015179194103479752,0.722517302634452,0.3622324228984548
CID005845-1,0.00763088879397394,0.05640432849703493,0.058047955089677486,5.7075432451188505e-05,0.011515182928034601,0.00737439758745473,9.980794662799243e-05,0.0009302921407061343,0.0016914120079647257,0.05238463473301034,0.054280018607371645,0.056044953343209136,0.03785301242270035,0.016939056996688014,0.05550840065850726,0.05777229246821905,0.05461217226220982,2.9187556862193663e-05,0.05252487532389673,0.009182277017157086,0.058182461704474796,0.0007175085520302231,0.021614204676422194,0.044634060497677173,0.05310128856931504,0.051067695752129626,2.7226271517655984e-05,0.00010149167875690488,0.002158192756272344,0.004191904191445212,3.5825339975986874e-05,0.020098810699015174,0.0008872334830108623,0.0024643844816158865,0.0011494567796138523,0.0017364200601046062,0.0005634236182946938,0.00033810493473176344,0.00014618956851086977,0.003426363688546069,0.03275039332747738,0.0018297294920130098,0.05726025018646468,0.00026276547749573515,0.05037239239933078,0.7358034019940599,0.4851120984727664
CID005860-1,0.011330792294192425,0.168525259719093,0.0002548324352389089,0.00027741583123003325,0.012285106329100013,0.0029885050630980244,0.001260158354007827,6.365853212714964e-05,1.1937944696923234e-05,0.014688239327099324,0.12339948165875493,0.02856883761756407,0.0003939618959397464,0.0005815144919528884,0.005843983924894745,0.00050129211050365,0.045602635075789356,0.02599111701055471,0.004840421828247927,0.008779278271463877,3.264700832206384e-05,0.0005723855979992017,9.680154586961605e-05,3.7787501544121334e-05,0.08749207827235016,0.004640273264245762,0.018321293657665872,0.0009236232547798011,0.01932904801233901,0.008095216692262227,0.17518932699115122,0.06709965204838951,0.0001432424448609472,0.02616809702028255,0.0026955690394256846,1.4657064284225906e-05,9.887081526910966e-05,0.0006199040883196383,0.004214058228510575,3.67573325338985e-05,0.00032772041043851915,1.3817976345793687e-05,0.12717372035780905,3.1435103848702254e-05,0.0004435865556033026,0.7182050724758832,0.3548143127920357
CID005868-1,0.00045211182516710136,0.11586235381619277,0.11540562382417845,0.00023029087587827417,0.0005155605537641865,1.859619394025791e-06,0.0005119560476383481,0.0010639296273382238,0.00017044537714724507,0.00029962727530453,0.00013483902196670917,0.04611243692339057,0.00010236764493904896,0.000782659403530163,0.0995471133573882,1.9060860823749872e-06,3.226630871903946e-05,0.006166936722221541,4.922761169958917e-06,1.233655894354654e-05,0.0003212565072484643,8.67696227757555e-05,0.00010112525869636745,2.94516163577751e-05,0.020553688862299715,0.004457465291506407,0.0004678240604422829,0.09324033400963624,0.009850432618322925,0.11286568914361396,0.0001256890284946995,0.0015013572455239575,0.00981783882328754,3.6803307662256104e-05,0.0037704779888578835,0.08069853801509085,0.022274960728435916,0.006674004463006137,0.0001389978126412544,4.214273825789244e-05,0.11332331628814465,0.002492280239649895,0.1112902281132072,0.01768455840417164,0.0007432261823141055,0.7489050173466811,0.3451930803662686
CID005874-1,0.014504952218721242,0.0886986380358434,0.012809437939808077,0.0016306839280486223,0.012189231250390013,9.078896514543806e-06,0.005282560322147065,0.00019271576408304509,0.00032349191456010443,0.08615167205053198,0.09013781327483271,0.02629553170369208,0.002017386505332173,7.468448980325395e-05,0.08904933448345873,5.414742324093088e-05,0.005837656824684737,0.01189752442501284,0.08938651678111742,0.0028488822865051456,8.988735817287134e-06,0.0009794997843234024,0.013434992881481244,0.003007834625199759,0.061691171208579,0.08986055193244817,4.7875244181992475e-05,0.00015425498845871512,0.01914780905875625,0.005709374364950753,0.07110337814477853,0.009214313837745711,0.041368767242727957,0.000773265450677301,0.0005650358112004061,0.00020647285764437408,0.0041386994307218575,0.000607513570935508,0.03998561586353678,0.0012726624868856333,0.01764401310896447,0.00037062479440380956,0.0749027453691026,3.762949193828781e-06,0.00440883573895651,0.7503516091751387,0.4531656174757134
CID005875-1,0.006038299911983049,0.08384292767108158,0.07087908097784691,0.0016356631003913138,0.014440925878783884,0.00039389445062311927,4.42807626479112e-05,0.00011434325624299129,4.830640983596066e-05,0.08330960699206223,0.013564642097371243,0.08286130202998215,0.0014497143285842565,0.007106715064542508,0.08382157815396696,0.00017971978402873116,0.004140085654634501,0.02711510844578461,0.055403587067494035,0.00010178318743337595,0.005296045156247073,0.03601851213154677,0.000306976134089499,0.020603966294817876,0.0824701137069651,0.08385399511594069,3.9321863113063495e-05,0.047813598716533116,0.027943063541605005,0.01121730035300161,0.02088342296856043,0.009358075691575903,0.0060882921733504194,0.0009072599382838635,0.0006655337571652056,0.007670451465073752,0.00565859428691669,0.003608996461883141,4.2189343140344845e-05,0.005936510327426842,0.010167281198598995,4.3863011008810024e-05,0.06984645036150804,2.3313600491245902e-05,0.007045307175835033,0.7352957966403345,0.3914343255443171
CID006320-1,0.012066655961365257,0.08528958668560212,0.0039498516327516895,0.005461322501893907,0.018276198486225796,5.1472959012267695e-05,0.006021818810384259,0.00024345442792397232,9.535372452572054e-05,0.0822207585348188,0.08362125012967803,0.04023219612037585,0.010087454798979876,0.00022681986082803484,0.0852189598609697,0.0002098115092402648,0.0035454887933602567,0.021862843541351266,0.08534899581956183,0.003983852510450096,0.00037524019738130286,0.08225157514830295,0.000199338434212661,0.0002000565694963763,0.0853614155257094,0.0032697836887492643,0.0007747422992340159,0.007511640152716555,0.0455979452009814,0.03445944112639571,0.004942060393824237,0.024806907224368235,0.0183010726990588,0.002473367303283313,0.00017007604675148825,0.01647006233222597,0.015439513970719142,0.007279782474602187,3.600937119819604e-05,7.565787109354361e-05,0.007144312948086999,0.0002011160463684386,0.08444918177775104,9.916153567055959e-06,0.010185638374622703,0.7599225504051754,0.38962487822650393
CID006322-1,0.002996859404944827,0.11557135541542853,0.1020815087252223,0.000652061994978535,0.009980159325951827,0.0005746086587054264,0.001281921860263707,0.0004199414484782732,0.0001358891037403053,0.044072565290643746,0.1013445833141002,0.023485432878616718,4.649649448800176e-05,1.4079748114024736e-05,0.0007610428938671649,9.859553620658306e-05,0.028233195745958155,0.018230178095957675,0.1133787001805774,0.0038445462208913624,0.00038577169454985207,0.00041066045021335165,0.0022703451946992225,3.7456118158161364e-05,0.03444367449829893,0.07191321112494471,8.986777424568723e-05,0.0002832398451668353,0.003782800097565003,0.01419015444678247,0.11520888675811247,0.02066848740348255,0.0011193070154712033,0.003691872129989925,0.0002142547583735014,0.006854921712427169,0.0223566297008943,0.001470509099467896,0.030637956748317766,0.0008337352287357035,0.02029737046488091,0.0005868365370853472,0.07307631158951003,5.1768387686398145e-05,0.007920248883806214,0.7225518179299691,0.36321716501337176
CID006328-1,0.002263394081377814,0.14408440076446286,0.001027802659290352,0.00019928990650241055,0.014355861729387544,0.0009226221901252418,0.00031899183079590003,0.00018460752928345372,0.00016375456285079847,0.032966685521959284,0.00598771386249222,0.0997079128662211,9.191808641914212e-05,9.847917252598948e-05,0.0505541003271525,0.0002615671392165743,0.0003133040631152812,0.017931172337187797,0.00013130705749555136,0.0017266918348483836,0.0003519317009610464,0.00024930459382345785,0.0005040088434740784,0.00016848353644933727,0.07352708361564135,0.011657145631700427,0.0001009145459154437,0.0019337675153890301,0.026101969767656073,0.14421762603023328,0.14412172322424424,0.01161872113391178,6.600068419374561e-05,0.0037349393164097843,0.001006157149235749,0.055469679621753795,0.0029704112840443896,0.0036084489639376183,6.45079503051338e-05,5.5776644504382144e-05,0.020991789978172685,0.001222128252334302,0.11966431344332931,2.166559177108616e-05,0.003279923457898557,0.7319424860570648,0.38213802964161925
CID006331-1,0.044684508246077004,0.07468392651286795,0.0008944466760937733,4.640537617396952e-05,0.015488626687745333,0.0002715007951840992,0.007475376856001884,0.0004495781814793854,0.0001409025699825578,0.06128135521215773,0.057269389044238395,0.07445197677263163,0.0019467249526640877,0.013072220981465111,0.0745781895788801,0.0672298245503466,0.06432253575479305,0.0009187601012344758,0.0744716382607656,0.02504156438676696,0.017029070408288785,0.0350588315494417,0.0001498884020910072,0.0008750304251448053,0.07109336253219681,0.07245546303961524,0.00023015364218653312,0.00021407699988409273,8.907921543736298e-05,0.019981790464903906,0.005970154202718615,0.011736017720605832,0.005037637908679175,0.0026019854833776545,0.00028762412877456935,0.003581308410006651,0.010205004196435523,0.00110874877574643,0.0003347626611379076,0.000576696669041318,0.00573226357098655,0.0003699801918270043,0.07410391477449256,1.0528423502576236e-06,0.002456650287079987,0.7330818897649195,0.4161865290073792
CID006336-1,0.0040237519671762504,0.13050869166871162,0.021187397338272844,0.00038875040724000256,0.00568994759202088,0.0021489729703101897,0.00029321323957199534,0.0001228916372941752,0.00015315449819327718,0.13024741625010855,0.07412013343323459,0.010576796960887473,0.00032081442425639764,0.00034613140763670636,0.0475538189434101,0.00010264092535879577,0.001420251137366314,0.01186057997861615,0.08594381854869979,0.00018218637373686213,0.0003351499282951532,0.006672249506104565,0.007779747378820723,6.972074605516215e-05,0.06396521916934293,0.0032326161558108427,0.0008075594735253419,0.07947888879582804,0.0014470784589021288,0.019591975593906057,0.13062608842892767,0.012472278252208807,0.0004582517119590528,0.00732059357170539,0.006793994846580832,0.0035271689740034727,0.0006939006588757476,0.001427154509873644,0.004294934871217461,0.0003979268286285538,0.0004556509673549774,4.9043344690608045e-06,0.11933299585081221,2.0408628753938774e-05,0.0016021826559353032,0.7265163841473636,0.3151061388742904
CID006340-1,0.010879104502048802,0.07777843347233189,0.00044394697306682847,0.0003983046514742771,0.013502038858511112,0.00011311185378274173,0.05980967912153022,0.0013626689585892614,0.0002542283824588486,0.07697049986541281,0.06502709705653295,0.046102562169825806,0.0010397020162378424,5.4355905896510804e-05,0.07623713306421867,2.2401713489479376e-05,0.06521046069947467,0.011033049630960303,0.07998993592166603,0.012645148981095014,0.00038292932427389697,0.016640153366846943,0.00042599466027603053,0.0008390284971969707,0.07902980872465341,0.07939234647013035,0.007985680166420948,0.0012131509127886399,0.02308154242887658,0.007170746393616263,3.484364520457372e-05,0.014619516652457783,0.021404033707999967,0.0003149870545912628,0.019393562999897897,0.014902497556978924,0.004029039646542849,0.0016335204015280739,0.0004744106584106039,0.00019796293384592793,0.0230816093402541,0.00024003754809266874,0.07948275267004033,3.51111884120481e-06,0.005152469321629609,0.7636170575932667,0.4426403954902447
CID006468-1,0.0008209528914757082,0.11195408193635004,0.10623168811248213,0.0015701145525023805,0.001195345081934473,2.0488641991678468e-05,0.0006231751733174878,0.00027826840007408955,0.0003002737075465662,0.0033214127294592466,0.001846550222965808,0.0630746816914043,0.001377015813405153,0.0005442331501179333,1.1142409214364095e-05,5.291039430714049e-05,0.003787071638518572,0.003436857291044168,0.10886205252286636,8.658339331748392e-06,0.0026505109577982795,0.09775573292819903,0.0006436056135420221,0.004996962772228644,0.10540177686288887,0.11212790900232818,2.317315398451329e-06,6.561225263275129e-05,0.00867537799235535,0.11070070217176999,7.427277578587933e-05,0.0011710826878735697,0.00046666625070030266,5.393214898562488e-05,0.0007128504398233806,0.0028624375442399437,0.0005066953001676337,6.340733882493245e-05,0.024612394808008264,0.0017452935288150189,0.00686075841555502,0.00020467558694147063,0.10506882083522383,7.345211220978653e-06,0.003251884558383302,0.7637522031198176,0.3861006690515514
CID006469-1,0.0027448234246858576,0.07730602517005411,0.07703619505351317,0.0002954864947722817,0.007066506100673406,0.01062764623779709,0.0004260170747184851,0.00038927467215206296,0.0002566666735997769,0.029737240994800844,0.0775802933733539,0.07211087393543238,0.0039045269160098905,0.0006091452632501858,0.0010477080966346793,0.00010961509380503214,0.00794731338009358,0.003535253720530146,0.07768018084490406,2.537452262489403e-05,0.07401455660646249,0.0740915476122304,0.0027380539679185806,2.8807936759710717e-06,0.07775488827647681,5.315955132465104e-06,6.128336189711116e-05,0.07648499337357084,0.0005591735615172213,0.010409503945470994,0.0008162006597784743,0.02492710600661367,5.9689270514259156e-05,3.457439625443423e-05,0.0026694968149317097,0.017174865807807665,0.0010906231901804022,0.003094885152471352,0.00010521571561213211,0.004677666943328482,0.02326430289115392,0.00022856402575746807,0.07754912411806436,0.027339504371970514,0.05040981613780238,0.7497631705153424,0.34837906126511786
CID006478-1,0.011322775942809716,0.10544143474344306,0.012216803642465447,0.00011587338818807448,0.012142702028533946,0.0007253095476265087,0.0032554552851777824,0.0008028093199979379,1.2168953257635806e-05,0.048262887558482674,0.10365722003767788,0.013552895898125002,0.026709380372396764,0.0002582710959782576,0.09913808647440969,9.921415753655516e-05,0.003970072009470316,0.007505106338140498,0.10484684733409176,2.8000378051717187e-06,0.00017154074678065598,0.0050053391604471895,0.00031295410723897323,5.3383749114153325e-05,0.09847821694146194,0.0034808957451662975,0.00018347804496498385,0.0748223271913098,0.10124898558506919,0.00815334402187264,0.0077645837816379204,0.008543035267086914,0.0097891877440845,0.00021112191702624044,0.0072963455570595175,0.00020594369366983098,0.007051255635504274,0.0007042588486248612,7.015113874630992e-05,0.0006570919892406037,4.4293514243834856e-05,7.146092603453047e-05,0.10147020781877422,2.1949817733242556e-05,0.010150532891492628,0.7633478572625986,0.396425686191862
CID006480-1,0.015843111697992792,0.06241357904879914,0.06240571180689151,0.0011345929144626389,0.02464282957745686,0.00010437022374258872,0.002091308845262948,0.0005550974801996609,0.00048507721131203036,0.012265112290489062,0.06007332661874073,0.02612857910659163,0.005303426543367409,0.002593062686287269,0.06241547111940068,0.06195612656972514,0.0578960798728397,0.006286346415973142,0.0619287004539622,0.060651314707459256,0.002763498100111995,0.029105522348371327,0.0029762736375457516,0.00021148599850112821,0.061872628823178864,0.060607547962180375,3.75766097754142e-05,0.0013104696495536648,0.010134788117073194,0.037317847489948576,0.00019226798777554954,0.04483084954211312,0.0001676199369974232,8.746105022224023e-06,0.005481252434982951,0.0493804211197145,0.00357298236016446,0.0005656414468127274,2.968423284932848e-05,0.008642317460082096,0.061378025063917145,0.00012856761732073238,0.021582759952936646,1.1626415496920324e-05,0.010516374396617246,0.7727686369021511,0.41631528029905585
CID006484-1,0.007269884007128923,0.07896682238753636,0.07164807040712388,0.0002264286435016972,0.010751402241619351,0.0033958188599840814,1.5892800710252301e-06,0.0010168920752485354,0.0004288644936402345,0.060827467464860556,0.006473386961920808,0.07788902586894365,0.0001664635911523016,0.00015930745280793977,0.07699814386431368,0.012330461279227708,0.06632084572160522,0.0039617450350023075,0.07560920125212604,0.0009306279092222744,0.0008705555990248629,0.01927495905952503,0.0006114848268131785,0.0008683708999580261,0.07892046118122417,0.06866958076276035,0.00113860940749622,0.03865434703537833,0.0011611108688999036,0.07188945298269621,8.472436809310284e-05,0.054450543286138076,2.63800325898175e-05,2.5525884808988935e-05,0.010475933422844575,0.00019855365296636866,0.0004372166475120059,0.0002399937371040253,0.004861261962003666,8.745337735746085e-05,0.0008093291044194282,0.0004720072602222289,0.07767567984635923,4.066258116723401e-05,0.012683353415600639,0.8001017499927067,0.3994133830715032
CID006486-1,0.020420312932573566,0.09861543609566109,0.004768168238917786,0.0008275404281847857,0.008672292519178821,0.0020153741470791435,0.0030365217624631112,1.0001857741054071e-05,0.00017125281303469504,0.0871870940060368,0.09752773894105798,0.001023436304811007,0.0003843616171898487,2.7945508118840332e-05,0.07320693352050478,0.0013273748213559601,0.05430515933845736,0.003991476115031961,0.09786833142564133,0.004721706973617504,0.00014292240396525016,0.08651801205656397,0.0007546968734377726,9.636195309519118e-06,0.09022665894279996,4.614838197052025e-05,0.010379238970923035,0.04393080817901434,0.00874899086720616,0.03198160317045043,6.752752558472948e-05,0.036837323263983035,0.00010039509782762032,2.1884759622775884e-05,0.0029786433164516743,0.016625717284552265,0.0059118532120185745,0.0013011838226665658,1.1898886255805279e-05,0.006195582357622955,0.0013233734911233226,0.0008440717267832144,0.08653631564034521,1.272268830800272e-05,0.00838433151855643,0.7820310837174468,0.41209244206633067
CID006493-1,0.010953536542719997,0.08958469623961995,0.037392678534851044,0.0012247369538382093,0.012968340429139998,0.00011444277323650672,0.001096325356366041,0.0009613407270501581,3.852107718463162e-05,0.08940845423254792,0.08934338992442782,0.02903952543607563,0.012559508222130967,0.0009052444957863908,0.08950679734885761,2.798966658410947e-05,0.0027394104691493776,0.016665065822688868,0.08878877396057273,0.001077886131983169,0.000305538569145297,0.027501051869511232,0.0009891640451961863,5.089706797884454e-05,0.07058324628166039,0.08858993360780433,6.1360056803172296e-06,0.00019130837801576106,0.060972184329914206,0.0001667136458750894,0.015759954992314685,0.014465405000929667,0.012241400198363428,0.003111184635981998,0.004137451318983997,0.006119789019257475,0.00892284831298139,0.002092377556716047,0.00013022209276240693,0.004375002535910357,0.010637221815570615,3.807122094451555e-05,0.0873707952155881,9.38754149332791e-06,0.0068360503966097075,0.7530719980299813,0.3612093706277102
CID006494-1,0.009370547150989974,0.0902669863106026,0.012571203117046728,0.0024107316946850154,0.013165449060263732,0.004501288523897923,0.0006082949192513317,0.0028151615082756746,0.00010055162915900168,0.0031082008650996995,0.08311836654408099,0.040654010204272395,0.0002124842055356198,0.00048167539355807045,0.08211712905442145,0.00031844518609707145,0.016070573701319577,0.011633537444010507,0.08986900913589664,0.00041871793216093295,0.0009061663508086283,0.05938520395932435,0.0012256185185092994,0.00273007862010324,0.09131557475855735,0.09130831764480642,0.0003357190383761352,0.021659937543538097,0.05911637452138479,0.016982549511362865,0.027493320967003514,0.055738953114791066,0.00373495391474125,0.0006858055893567969,0.001264889310175757,0.0030434821573908895,0.0025009036642879355,0.0016599131578408988,8.709338845243454e-05,0.0027048570087680364,0.0007157356398797852,0.0003315689365468913,0.08024167809925893,2.0267271295942337e-05,0.010998673732813607,0.7496755893032556,0.404403931965563
CID006494-2,0.011720643563370584,0.09627514652841884,0.09598610725389053,0.0045059326324515285,0.010970670012093208,0.0026453799982616016,0.0007882432277047777,8.252913264803059e-05,1.4887077203390822e-05,0.09140531760344422,0.09413323122541661,0.050805013096769255,0.00014313503031662127,0.00023930522002018505,0.07584182557938582,7.302067342072011e-05,0.00019960625994851886,0.020471873839656426,0.007073980113372479,0.000105789373458076,0.0014393588016189194,0.000825386593263358,0.0011014269440773067,0.0012026318000200656,0.07208324240840956,0.05948431821019222,0.00013361271455468484,0.012228118903898211,0.060896502962846745,0.006737347753262148,0.003746726415727061,0.04015626795947368,0.00030503938003290847,0.0007975963744232702,8.676301582899012e-05,0.01854916403317366,0.03151679069271593,0.0013308784888141087,6.688365050263082e-05,0.008585408992506274,0.01226300817644847,0.0006559737821365126,0.0953757993162985,1.1830538815362074e-05,0.006938284649707892,0.7417567096054942,0.2860532580697186
CID006515-1,0.0016879361712379738,0.09503677386048769,0.09361065318184539,0.00014223014562442625,0.007965638630082338,6.299779667389183e-05,0.0021378720637672266,0.00027234900286729935,5.600693219854212e-05,0.05815754517397521,0.0773192423225414,0.0002322508041314409,0.014012977811662705,0.00023099204641873663,0.047859726888157234,0.08729486865888311,7.919092636649594e-05,0.004087045563309661,0.0947077471004608,0.0030557952533745054,0.0101279819242543,6.285553125058648e-05,9.69953267649488e-05,5.246385749423579e-05,0.08273583871936221,0.0942450250241512,0.00037693527097234304,0.0012243384104172915,0.002649452875091043,0.0946718402054805,0.00023926261877101293,0.002941172838813404,1.1684122822548163e-05,2.8750382273814682e-05,0.0072477428949011685,0.012427860765319633,0.000963893757255513,0.0016772091353080632,7.747216452341572e-05,0.0008669424061949313,0.003232110212147322,0.00021020101471144116,0.0921541110323004,4.51134802561321e-06,0.0036635078273270973,0.8081143549244999,0.39187132506426714
CID006527-1,0.038869432379305055,0.037740688531448706,0.00013251037230230885,0.0008462297447984411,0.01144449087068345,0.0007868651033913363,0.00452835553694488,0.001201199511712725,4.0380837595667795e-05,0.026545593055329587,0.07539855261812003,0.07855976168091867,0.006861949914604129,0.0011955395893469534,0.007853588142799251,0.000704769545551607,0.00012530654111522543,0.031706890294897844,0.007731614934079198,0.005202414234754574,0.0009677794374729368,0.0008031460110417733,0.0007289878226806578,0.00025798272452346816,0.06129693553111504,0.007750574023999444,3.5308984043863297e-06,0.0007914239265156719,0.07817709573414748,0.07845291876361564,0.07582266197791375,0.05979312358824535,0.02493483011448003,0.014056766811231546,0.07821845824350822,0.050802874006619286,0.001857063821577145,0.0681432904613264,6.756163087081565e-06,0.0015607303444229942,0.0022698948907306686,3.1311183458628795e-09,0.036059259982147554,1.8071202976146e-05,0.019749706947399314,0.6892267606952289,0.4586579610024706
CID006542-1,0.002007443232273069,0.10181345334200459,0.04133890819005233,0.006129098605308689,0.003829003227749647,5.9211450037864924e-05,1.9330505173169392e-05,0.00031989727380828955,0.0009736061057308716,0.085291793896155,0.09443694095315354,0.09485907164303385,0.05114546009699392,0.0006972882656414645,0.007429769026189892,0.00013655782781506992,6.003173824870029e-05,0.05712753446319908,0.008237047290181161,1.8612353967457535e-05,1.1129086782327394e-05,0.028704568940145,0.0003136591018439441,2.9422397599619658e-05,0.10071444049358018,0.09457396851033945,0.0014802449893696508,0.0010243665304859506,0.00020604291271365745,0.05915018347889605,0.00014385744569514036,0.023495499851231717,0.005323024580694261,2.187262742652255e-06,0.00041289218845796884,0.015563507674230712,0.004064809765808716,0.0005822232810688356,8.950582302712978e-07,0.0008790231616844828,0.00013910314113011312,0.00019731643409651574,0.1014860115862651,2.5958513511476574e-05,0.005545604126678413,0.7630091056520094,0.42322813294343686
CID006544-1,0.020267954014689428,0.07351261934767819,0.07364703397373563,0.001328603243322604,0.010885940277125054,0.00028107728667229795,0.0030446045933085726,0.00018189669095627093,0.0001486910591304558,0.056372817930636754,0.06402569840933238,0.03653222679634325,0.0002985055794931299,6.110660284677374e-06,0.060871859979728694,0.0001984985946754507,0.031791194420077565,0.00975874984619345,0.07370556817976479,0.013830439440373229,0.00685157694553207,0.003850438602468478,0.0034746942261403976,0.0007459528238926873,0.07309036304541248,0.07176758831230343,5.760536245609289e-05,0.00022534517707219833,0.06049215854936231,0.0651772063940794,0.002469139085663947,0.04299537067991468,0.0001758867246931689,5.18638312455281e-05,0.00015724647251026344,0.009211577283743711,0.004316089479852836,0.0007746132155625346,5.4362629631958285e-05,0.0014899865249561124,0.006381292495216786,0.00013085943018969166,0.07311475678463157,1.217089389024943e-05,0.042241764706055625,0.7835251529523071,0.42977886611863503
CID006548-1,0.007697263497672246,0.09728456266294383,0.0011553319729339685,0.0014767825398773835,0.009435345968599108,0.0007097975354661368,0.004591354110546828,0.00018999514851452507,1.1676018965209662e-05,0.08868057568556875,0.022156949467943197,0.008042134770687513,0.000449500257307841,0.00043606146974386323,0.08936212943159229,0.004422864584982241,0.04790252419930556,0.0018556908709825405,0.09709587401728306,0.010468919432123882,0.0005469087408851051,0.007273409147795576,0.0003527821599611154,0.0003026010095297751,0.08541977914917882,0.09734334796675313,0.00022628150244496646,0.05361534336749059,0.006331304629238682,0.04901516010949799,1.2668861081728613e-05,0.011274219143370687,0.00034955090457998824,8.846628184728522e-06,0.004140980523346862,0.09624486622034517,0.0016946477550977555,0.0035235497528363505,7.913100955243225e-06,0.00029403933019389356,0.00015921500919760938,2.013708988886469e-05,0.08547760373458543,1.123188014458616e-05,0.0029282786403754075,0.8196308301742731,0.47405144949563294
CID006551-1,0.004817821958982005,0.10710573899986318,1.1203687195751588e-05,0.00020998309873193385,0.007512808581043728,0.005836832466468117,0.006304712987524374,9.788427336789329e-05,0.0006342288171259519,0.0034043927756024334,0.06759118771837515,0.0014497699707318326,0.054604596994748365,4.411729783012823e-05,0.07841068235467673,0.00036871251825810537,0.09325936246832674,0.0002343510044937806,0.10583252253753613,0.003993381577630555,1.3684603194221933e-05,0.001766733392249274,0.00018754996307252908,4.107164403878567e-05,0.07222518192968129,4.69462496773667e-05,1.541568502282296e-05,0.00017081802243249062,0.03334305645918761,0.10709633139479444,0.0024563314289045637,0.03302775563022444,0.0018901614760370815,0.00011300381455659889,0.00030319322839613734,0.09830993535284972,5.725198770364828e-05,0.00012619342287052468,0.00040312896893359497,9.190243531458157e-05,0.0051073051037065385,0.00020252631490299912,0.09855293836712643,4.9961932637333584e-05,0.0026773291039721364,0.7784046055327707,0.39138793333795907
CID007329-1,0.007875957411932092,0.09587143013353434,0.0035808091431205015,0.00036493347748177093,0.020653509454136836,6.924860985972844e-05,0.0051877993140703954,0.0002968737799730368,5.78624612217721e-05,0.00019061644939597787,0.09633451857987947,0.023023373325158934,0.010211469905376165,8.96297667616875e-05,0.09629992348247346,5.127380139919382e-05,0.0035865330936698707,0.005049751985623103,8.101072358191956e-05,0.0010145755328451389,0.0006105811684221123,0.0031713692519217923,0.0014176764354949664,0.00010281100792652681,0.06482601376338777,0.0010933030761301832,0.00011140495072435656,0.08830715106280645,0.07372022756334792,0.09638730776997098,0.005765635625887504,0.014770887965585925,0.0018019063961868763,0.00017122929252287103,8.103199628563029e-05,0.09623429642189006,0.06482954010926689,3.663987354736969e-06,0.00029763146860330473,0.0008538035001032358,0.022847068354218437,0.0004065130008291612,0.09171387188557911,8.417761768273846e-06,0.0005755557522896004,0.7851058053783344,0.4957274319198497
CID007330-1,0.008589200981780008,0.10388888492257083,0.012174647132272698,0.011328935379020926,0.019657782258926972,0.00665594020548479,0.0007200512248180462,0.0003346557003324474,8.866966712806233e-05,0.065303259788345,0.0016777335780796098,0.08215233253421918,0.00032509752674339645,0.0007128035720458161,0.10379419152575525,0.0005418203236837051,0.0024925579070398138,0.06380377543721968,0.1018153752449118,0.004798189484457778,3.922686791902612e-05,0.05638020033655103,0.00011676233957208335,0.004883407784377974,0.10388621134369357,0.00019831413898587738,0.00033265735286493924,0.0011553832176924867,0.0009647349717521583,0.051473816618220494,0.007615390740180706,0.027092803490271915,1.9716926765347414e-06,8.897744944364968e-06,0.00010009429970102307,0.009388052261088391,0.03867810452815172,0.00020615721062174178,5.125786043701716e-05,0.0033025309988122032,0.00019991122538986033,4.346915855228322e-05,0.10033283345697269,1.64176971158875e-05,0.0026754882686185026,0.7135025879531579,0.35076583484028045
CID007338-1,0.012610069616439278,0.12656427490393157,1.334514401575602e-06,0.0004188693874828784,0.012294810218573196,0.0007396729635702172,0.005768192321131163,2.6651438569950114e-05,0.000864883477258862,0.10062994899506512,0.10324824052841042,0.013898937194397734,0.00022794138193575785,0.00019048401696230568,0.08319674137806146,9.608637039507303e-06,0.000571845827416819,0.004647500202640157,0.12270751344646126,0.008045165822325848,0.0002224846921753348,0.029032688918499337,0.0020024043798280923,3.7470715586131324e-05,0.10207946961855853,0.01815045825494598,0.0005369894928480057,0.002286124366403307,0.005298833763113918,0.017826507480405752,0.0052351943981762536,0.01837704201371984,0.008700643796210187,0.0005656057366289894,0.012856600921052213,0.007105283628628102,0.02280439196611858,0.0012488988221799535,0.0002606802324820419,0.0011012118277503756,0.010852808907351455,7.804303185346884e-05,0.12712045988036622,0.007488604775230433,0.0020684121078125527,0.8099744927893012,0.4270436438923402
CID007346-1,0.006865585092767991,0.09631815676632209,0.09630609045967407,0.0076717432056125036,0.004770775074518366,4.145053376676199e-05,0.00012655590932844385,0.00011079241718685745,3.814498818609203e-07,0.009373354639642064,0.07361933506031278,0.0879333460886986,2.0642841376096544e-05,0.00011708761290017126,0.0015424495475149234,0.0005322635568881765,0.005697622881833535,0.014401033602953287,0.09268090000782178,0.0007515559605726038,0.030109374740441442,0.00014044803772029382,0.018911962455941882,0.00023294214134071366,0.09530265089490272,0.00016395967022619204,0.00016523530665128554,0.03696613568644462,0.006832559850121045,0.05857785255757271,0.07451772671009087,0.0065351721157144394,2.135697863196575e-05,0.0001533511079536686,0.0010364549153801575,0.006769500366611987,0.009666939057326657,0.0007486110296040486,0.040743645184382254,0.001985437969817823,0.007827215856466462,0.002177378361947738,0.0952968192152607,6.3931378184004505e-06,0.006229753942056947,0.7054145486809804,0.33798845834298374
CID007352-1,0.0014071083742057758,0.12470026156765157,0.12285137935150618,3.364594835741134e-05,3.056489911199021e-05,2.384431023338613e-05,0.00020647155705012327,1.7437286525497108e-05,7.563200858861818e-05,0.08353053134643502,0.00013033329968107642,0.12199457944516226,4.808940697032054e-06,0.0001250524749483082,0.05099986872449472,1.7796066217903845e-05,5.146422866325494e-05,0.002473451099563617,8.955163414881594e-07,8.639981276932626e-05,0.0006557373052093275,8.442352235636701e-06,7.319110540379829e-05,0.0006270718297999403,0.09511817410239223,0.12448179869385406,5.146865806361864e-05,0.003041057280052532,0.00045617841588078614,0.037912970884037486,4.286396753373061e-05,0.0037398352816324816,0.0012097506027364553,4.301933237860737e-05,0.00754870919738488,0.09117674903229414,0.0041861328359781656,0.002588728643154638,4.970954039805852e-05,0.00041291520895489687,0.0010500634823908893,1.496205714687444e-05,0.11382475588602829,1.0611800156577868e-05,0.0029135762466970913,0.810014039190188,0.3903190174321267
CID007358-1,0.00919751655802279,0.10083506199881634,0.0033176738579233245,4.382245607849471e-05,0.007847946481513445,0.0013414263429071518,0.007902908890500958,1.2359164812587702e-05,0.0003806748137117127,0.04858339079363808,0.09804388821733756,0.09766081559708467,0.0006875056117837634,0.011322547617857,0.0882320290216158,7.222319958726471e-05,0.00023257300229950938,0.003116843558034716,0.0963440448148031,0.0024468183147586314,0.00222745584568547,0.011839773883450002,0.00011622893576256165,0.0009454292137282007,0.09488555334664639,0.09950239991441373,8.244410424398568e-05,4.390834806573282e-05,0.013756892044943186,0.05032972718166257,1.9719837443197035e-05,0.007259607662771853,0.0003830226640564504,2.206411991274139e-06,0.0030062490246030855,0.0141865049334877,0.017371615611288617,0.0006137357437499861,1.8213988660222832e-05,0.0009213998188683613,0.0019366217728382983,2.2404549635033063e-06,0.10000011194144397,0.00010594030314793425,0.0028209266989967694,0.8069299607323395,0.46468336851463377
CID007659-1,0.0006316122808514936,0.1190653614459205,0.06811882307801331,0.0003990489910651457,6.129633449388862e-05,5.5952925225802266e-05,0.04134377204805228,5.429395971411971e-05,4.317110293297007e-05,0.09149246672997703,0.02986697474961639,0.00570177082259164,0.018836948098334416,0.0008172263136766042,0.09875454646924359,3.550225744311886e-05,0.00752642236855335,0.00865588947686482,0.05672414119233856,0.0023291267832853155,0.01104561292774054,0.10061286414013576,2.772627235377967e-05,0.001168262608464598,0.0406606094430239,0.11005089305789523,1.1185102688913818e-05,0.004751804401856524,0.0016607105044684223,0.012961836660692786,0.00032869658385992575,0.003125455250534476,0.0006156058183697338,0.00010672708480337852,0.00042646688105478606,0.023305305846786407,0.0052840535146555165,0.0008849732773241219,3.4274646715193703e-05,0.002606497691393719,0.005006120344830566,4.8627498412706696e-05,0.1199763383296081,0.0025416585034086993,0.002243346180727984,0.7899713822114859,0.38222420424446424
CID007661-1,0.003710768841541993,0.07898714131410939,0.07843503149272672,0.0010903985322752332,0.007227584058301262,4.242164000917663e-05,0.010394262901668026,0.0007210094231200848,0.0004347321219472937,0.04886407390955407,0.06665426161144232,0.012097686984755244,0.0032367949496829983,0.0011388777611102483,0.07918237514762529,0.00454140937275102,0.06165976525969847,0.009045612294034045,0.07910586281184197,0.00362052081366943,0.00037448016514613646,0.0780170185070102,0.010063745242675387,5.013848069197283e-05,0.038958794040484135,0.07424969607349084,5.579206470195995e-05,0.00015298203971648874,0.005290086384508545,0.04803666781446664,0.001312898473533801,0.005212552000739984,0.00023255806244267918,0.0007574237207305301,0.003886238685874592,0.03587845025687358,0.017295512281361294,0.00016548952948462276,0.00011801815045259078,0.0010022337788111492,0.07403218952296539,0.00017963024211979905,0.05262608066049255,1.5985925212912296e-05,0.0018447466541479211,0.772198226075011,0.38957807313438997
CID007664-1,0.022215449804134594,0.092265891860598,0.026751586342474352,0.007392219511042022,0.012361936924379256,0.00017025491237745522,0.00029949544186419247,0.0029617588742549936,0.00010568200415891111,0.00013027470956881174,0.09103071203642933,0.013297044467953949,0.0003146924038995362,0.0010903104151167818,0.06028604761356777,5.621722557575132e-05,0.014229042337023632,0.037103326154988646,0.09224691510814771,0.008258596182953097,0.0008793971888839187,0.0032377318274190913,0.004715141474061572,2.011129927010939e-05,0.09175893620823072,0.00012123699050745628,0.00015428216132833407,0.08989044992020503,0.060100186517283265,0.034261414798340876,0.037945229234815955,0.06008625836289175,0.0012071801468135775,0.0005305949895151665,0.002588468633667553,0.00029248290500201045,0.0033297957739416213,0.003855696840483814,0.003866937695959042,0.0006495660653014811,0.00020321388113496989,0.00573116272378619,0.09227578491578341,4.913232890441231e-05,0.01968215278596018,0.7156013630472025,0.3543730769586253
CID007665-1,0.004500367082381174,0.10932249883626506,0.017856040525717033,2.800755387887532e-05,0.0051892487121180005,8.64924702656092e-05,0.005858430300019917,0.00010099914801182887,0.0003737535692048026,0.015360390364051266,0.1070631092195942,0.10860263554793044,0.008606871596695044,0.02742074437748116,0.1095623397984471,8.748225476414912e-05,0.0004364357643121061,0.01242597457086293,0.0005643494446036445,0.00035156932004030137,0.001450063252514748,0.0012587552584478357,0.002309630159380368,0.0008187949119498071,0.08516491182133858,0.009768382405199382,1.3806137581194816e-05,0.07023228931109612,0.02116658912518299,0.10393292084269787,2.589224781171882e-05,0.006093953983343137,5.8247229084603365e-05,9.400562720571138e-07,0.031233506432144835,0.011629508745845582,0.0015484053314396156,0.0006127209973656449,6.71564675521042e-05,0.000110888151091898,0.007388134466811853,0.0008015015013313885,0.108007233992346,0.0005502647108078661,0.0019577620047178976,0.7888369447449062,0.3906756612995552
CID007666-1,0.004630449707738725,0.1252857547348163,0.0037735543180210146,0.0005129881266593617,0.005620462533765046,0.0005424376061079742,0.010825846213411896,0.00036553875475202254,0.0004240550978191541,0.012349204588501448,0.12383677822411028,0.009060694956177309,0.004652009789724649,0.003231564674101909,0.12089518035325479,8.819926628098714e-05,0.022895001162529665,0.006297575428730135,0.12224755728334215,0.003536455350128555,0.00019007192428403098,0.012630242851650186,0.0011483639144718324,4.587842294462112e-05,0.060149331052867856,0.005608513114020744,7.619659754675586e-05,0.10417057156518383,0.027332224317691355,0.01291333953146852,6.032908050110055e-05,0.00712492755077437,0.008477754236220606,0.00028262314873495796,1.8647821395304143e-05,0.021011097853189626,0.019282030953387458,0.0001639806893007064,0.00013241604483644632,0.0012686314095287996,0.005595407376810681,0.00041314294205604474,0.12521669484854858,0.004178919308665664,0.0014373552739465072,0.7860202822387697,0.3919645321446341
CID007667-1,0.01327070967661668,0.08559881629451484,0.08446009699269891,0.012969773239355753,0.004626102300763754,2.8807085779715645e-06,0.002003767372166117,0.0005959621727949093,0.00010993885846793486,0.08054170583302604,0.013412150378766629,0.004135732244459282,0.007402782742582273,0.00014604208500842755,0.01094402177211876,0.000163944159068911,0.0017489021822513246,0.062101333059955424,0.08372669114069171,0.00022800354102704132,0.0331850711921623,0.08454604289502637,0.0018495511354752797,0.0014699560700048688,0.07779317606086382,0.07216424189538893,0.0003402347903989771,0.0745828688839272,0.018536286282385205,0.002818157076135986,0.0018967746043367676,0.019734139357884026,0.0018391918458709247,0.00011018385960913078,0.00656269753134416,0.003430219894534129,0.0034904994180582996,0.0030432854617879757,0.0009917870455617443,0.0046873484070457,0.027352299116941082,0.0009697272559780462,0.08549014583045504,7.439910574287047e-06,0.004919317423337046,0.7609751859946414,0.39457286576100736
CID007672-1,0.0012541706040684177,0.06536721124404575,0.0003028039457878111,8.723701137843601e-05,0.012195222303626371,0.12826324918257992,0.0018048081196925855,8.83578229685827e-05,3.439127878177415e-05,0.05030334664658507,0.0012220998307781678,0.046835391688730195,3.7531763041718064e-05,4.1832125334025997e-05,0.11087430094067696,9.477697328952581e-05,0.00016032432346284564,0.04302948018268968,0.00017514356582289578,8.125515473047615e-05,4.749572046642881e-05,3.0551515356229235e-05,1.1468967769345141e-05,0.002702719118386384,0.06281723420657288,0.12835102273854085,2.381196714613416e-05,0.0009298088541609391,0.02145453300924357,0.09903720732173904,1.0333358176539525e-05,0.01377317293797942,0.0002030591709371909,4.322819898838302e-05,0.011980655133825964,0.06043244009947864,0.013272699073334965,0.0007057146933059511,6.8708556584999845e-06,3.5316600274736295e-05,0.001683956461196246,8.439744432691077e-05,0.11801594035511087,8.096236483252034e-05,0.002012465125119999,0.7897322770379054,0.4972027948241269
CID007676-1,0.00047539090936186317,0.12224517666142908,0.10313295930765244,0.00011668811998756972,0.00761546865062765,8.994517569177307e-05,0.0016505155952949,0.00045817048921681434,0.0004465826279846206,0.008213806308945361,0.08384455294370856,0.12267124807511909,0.00021091258187252296,3.130790592384972e-05,0.11637729872054961,6.655441529719865e-05,3.7700947552008247e-05,0.005438317466857268,0.00021778942161313912,7.624345536886616e-05,3.7856625743286794e-05,9.64399741292297e-06,6.852389232065406e-05,0.0020826072587019234,0.09918142903658202,0.02219740471825162,0.00024496931058592015,0.00048494781784501475,0.03317406046808622,0.029119784717285286,0.0007865028264874479,0.0023688786969546694,0.032918388013967924,0.00548346999050904,0.00015607235526272277,0.007012153833941959,0.023395661510712186,0.007487426376644336,0.0005564125267708558,0.00012829454220397273,0.029217882928700645,0.0009130836357091529,0.12084845332650773,2.5327268162307816e-05,0.008684134544596047,0.7348614938014942,0.3209969153212555
CID007681-1,5.690352397686341e-05,0.09530807982102277,0.09573441850518108,0.006879385346008651,0.003554014200261922,0.0012177944733955033,1.0308516805978851e-05,0.00043965849884527406,0.0003302574699353328,0.08577130831097385,0.024586755509468525,4.997140127535613e-06,0.0017723507969653962,0.00019650629769429843,0.0009555215951072323,0.0002302229122686785,0.000572651156132309,0.02223609493050124,0.09436169250134926,9.165122383004821e-05,0.04635159523000629,0.012453130371034127,0.0011299575336593004,0.00033601813132655596,0.049746246072374205,0.09490927153336141,2.7297536518722996e-05,0.07791235836079163,0.00941603109508955,0.056678221357554924,2.4799548398931e-05,0.004042236606421518,1.4056902667627708e-05,9.852124670523964e-05,0.0008277946725836849,0.00791968575604944,0.0018729030162333293,0.0017064728366272528,5.68340339030261e-05,0.007571177300070734,0.09577736968901966,0.00034793965734720316,0.09214468623876071,0.004322449828349464,2.3727152937022577e-06,0.7692378163965269,0.37189199817809937
CID007688-1,0.005728582690991321,0.10018380620162333,0.10073652436233854,8.092602832013168e-05,0.006922656791281917,0.014444072653581193,0.0001316561769332623,0.0004744225282045556,0.0003323514565149767,0.0008551905466516442,0.0957464968388247,0.030399879383066243,0.0006061520823853896,0.0001642906362763795,0.0007340152705776883,7.006824469378388e-05,0.000564493040529541,0.01830552073876984,8.493942358105526e-05,4.924652710843801e-05,0.09576507848412621,0.00018849382198413817,3.492849789730296e-05,0.0007301472424832625,0.041691181146295324,0.00048497264322157644,5.922595383318346e-07,5.882228368578904e-07,8.182608996469299e-05,0.035194930716650946,4.208151417269132e-05,0.005224368743371539,5.1750139247706306e-05,6.229330239707397e-05,2.8086828171129475e-05,0.07638615042873688,0.02261582830006551,0.02391672726979269,3.788233004271779e-05,0.03697931406857885,0.08075077455316977,0.0006250242028932905,0.10131351534189788,0.0950844392728373,0.006093732957372168,0.6450735267719866,0.25388523513144867
CID007694-1,0.006649132264551598,0.07066929864210234,0.06417064261886808,0.004325233536400753,0.002492575069435451,0.011637076769768422,0.00011724002193796785,0.00043562725033841407,0.0007308156471118736,0.05924824676926142,0.06830400869847976,0.00012876879867945574,0.0009573110770003741,0.00016623362036397688,0.0006765956972513425,0.0007872658260562062,0.05892939511494849,0.010289449640898759,0.0682475205490791,4.966659824426872e-05,0.04496572259009033,0.015518647533385853,0.020538363401469143,0.0016341720246824793,0.07066346410518885,0.02816383138958871,3.270343673564506e-05,0.061220185133563164,0.022171500598762477,0.0308084538466859,0.0006421114830284703,0.004172026039138284,7.745928866555106e-05,7.800585502969796e-06,0.0031336376980837335,0.026905256069255954,0.0021236230234733364,0.03980999177097953,0.06345369617374617,0.0006316383619945069,0.06847143769370391,0.00023453983484646846,0.06500254966289112,7.554793002166734e-06,0.0005975292507569728,0.7334839522156995,0.3627589471751972
CID007697-1,0.008424832296444553,0.11840346272846718,0.004044666777995189,0.0067248317547781026,0.012431012222226796,7.297883675598928e-05,3.829010464836152e-05,0.00018982318480614208,0.0003388428223223644,0.009910833627103086,0.1079529050905305,0.11832229608197616,0.001018195286964816,0.0001297071041640074,0.07640101411933461,0.00013736812287645369,5.136148247226007e-05,0.013710117268082456,0.0019450795872100607,0.0021805482742411203,5.104300328068026e-05,0.008134469886220536,0.00019852497291100745,4.010689103096708e-06,0.06130291081803298,0.0005528254055600307,0.0005401057749983403,0.11670500420291569,0.014303001348166127,0.007197520444024703,0.11839429954657482,0.03545216522126169,0.014401731951823087,0.001785780645862466,0.01304077936922288,3.7429233859988277e-05,0.0037405664728113676,0.002054413373123281,5.910827291880587e-05,3.6289793679000076e-05,5.505598364496176e-05,0.0007615240210087547,0.11711650119369804,3.465796183763486e-05,0.001612113640059511,0.7304088339251865,0.3505497026685511
CID007704-1,0.006276740031445076,0.10746788873431008,0.003949474719776721,0.0018432869610118445,0.009138974931248305,0.00010148132026767941,0.0021024075296500406,2.394418811137359e-05,0.0001242509104391886,0.0292800676483814,0.0955851787807766,0.0022093558696599383,0.019777105821368428,4.253739696803292e-06,0.08594240303277002,2.38631065426828e-05,0.08729704872565773,8.252681123949038e-06,0.10931612679683775,0.008988841079651196,0.00019825145005599964,0.03608727116300523,2.2292956248554217e-05,5.367290458455836e-06,0.0722721256734175,0.02436496740975631,0.0015834168981895202,0.04600410087330772,0.05680480222441376,0.04967331665079782,0.00043033538481481614,0.011795872176200652,0.0003304194393367227,1.8001135961542852e-05,0.0032084828266833215,0.0017575232000327072,0.002635107794925143,0.001676925996566326,6.388446485742642e-06,0.00025317705823576505,0.00017511994749580943,5.457449582957342e-05,0.10821338950879224,0.0005006636329368371,0.012467159757325291,0.8089795474874318,0.43834069237314155
CID007707-1,0.0019448070034153403,0.11261248840144744,0.1125514926391407,7.147945781488841e-05,0.004359964200878372,0.00010129828861464884,0.0009176922930145194,8.821787963411823e-05,9.684720408709832e-06,0.0006544151574961677,0.10048883308105243,0.0754256058291246,3.043420853761634e-05,4.4463594186738e-05,0.10711201031174215,9.857635816370364e-05,0.00013448261020591193,0.003994315281358365,0.00011327357565869747,7.189959578972966e-05,0.0023807294773588858,0.0002387878513254839,8.725123411703505e-05,0.0001384646747222349,0.0281302508314763,0.11229080525219878,1.4294666951368698e-05,3.4495292900290807e-06,0.0018305663134328281,0.04507576935458281,0.0007555300724284197,0.0025432040908112967,0.0011951657452672578,0.00018650897216498794,0.010570124269932741,0.0171771355834417,0.01621586814688537,0.001906005132751337,0.01905704879189441,0.002380569268264654,0.010499374227744732,0.09300509416562844,0.1129855295428125,0.00042933332353854974,7.770499329310448e-05,0.746246841827496,0.3924339172896809
CID007825-1,0.005489926186268466,0.07984845956655484,0.07922730800964038,0.00960823118398606,0.009614663821517164,0.0025473054469333585,6.965748815915316e-05,0.0008684849486758041,0.00010025809074099156,0.05992387296983941,0.0004978219839489418,0.0791969332231057,0.0015032576843841115,0.00042441088105273,0.026673758751900454,4.9469008867394696e-05,0.0009954371998763065,0.07581063947079064,0.07964200917238295,6.933454658455917e-05,0.023610774091861297,0.06254358532012064,0.023373264317251296,5.969695352558621e-05,0.06503292108190299,0.05966678725159069,1.0014724452757054e-05,0.04599087551885817,0.0023698752788194597,0.02628701573828207,0.00047367637418105964,0.00808350390633344,3.061594708671386e-05,0.0001843910088580907,0.0031774960638511077,0.0020948697893401155,0.0003291398871571865,0.0017949861029171227,0.033419625289993815,0.0014006697354078618,0.018181253070528626,0.0002930262555682001,0.07857100049339119,3.331310939775757e-05,0.030826383054113622,0.7503116716729039,0.4191920169128749
CID007827-1,0.006309701147763512,0.06809859671475399,0.06445160225415136,0.012150693561239451,0.005490524007811083,0.00015947915212216002,0.0002189362407227096,0.004770949062662047,4.058489934153339e-05,0.06743045214103623,0.00012371826191652735,0.023139726917134635,2.933986185313289e-05,0.00045258605517294075,0.028031044019912202,0.00022603333073320384,0.055441403823919065,0.06459946840715028,0.06804098602366335,0.0038972675503353717,0.013049373771092866,0.06682498962904679,0.0023770573872920137,0.04570902399000612,0.06808114244129819,0.06814346990834187,0.0026521285545998566,0.06503619684440928,0.0011203184649435348,0.0464064032757511,0.0003904968866295873,0.002940083410395942,0.0011507911635934526,0.00024002107497457279,0.003433506470277697,0.0020535073062961286,0.010119756407772323,0.0018432581625283315,8.947951349807269e-05,0.0028200159559800676,0.063066910062178,7.704642691678082e-05,0.015162289863557816,1.9162365899444282e-05,0.044090477229325485,0.7647690219236227,0.4481815094986322
CID007829-1,0.0031729558457522476,0.09126342315654709,0.002887784460203568,2.2962300236149816e-05,0.016486625913638257,0.00040326563252992154,0.006319639532621857,0.0003080924407419854,0.00036928836111918014,0.07734301917426681,0.05212726647786126,0.08648361538898128,0.005767087692143745,0.0237576491732244,0.09094249717335176,0.013616332108651198,0.00605863854009793,0.010310698866617268,0.09134387649621338,0.007671406902227137,0.023673577495144767,0.05443889468753615,1.3226159297203978e-05,0.0026365750587946653,0.08942012605830141,0.09124968133262086,4.750128504053034e-05,0.0012340627079279207,0.0005524905408083209,0.01192477264574725,3.238532956994475e-05,0.061840533747589084,7.000190930539314e-05,2.952755597905028e-06,0.011503622899448682,0.0005281856343617654,0.00021319924388863784,0.003948299751089411,3.1393935258336125e-05,0.00012307154276294845,0.00029489428259032286,0.00010068659542080239,0.05692340622445359,1.452079367296596e-05,0.002525811746744697,0.7240205787777413,0.44063957741664017
CID007845-1,0.02460497646520322,0.0713926493431995,0.07027751762247092,0.00019090314421391785,0.02986137995331826,0.0006552049310151036,0.006865275173314509,0.0013236303818373728,0.003790516098859403,0.07112850751391639,0.0703076851801176,0.07075582220720611,0.00012831506740954574,3.3878014739002977e-05,0.06722251415068725,0.0005713288093478943,0.010075460519385597,0.049642011548484126,0.0017463484560100732,0.002566955712278783,0.007519887824944278,0.00971388496996056,0.0003830097700561646,0.0001201912063064876,0.0673231599140937,0.06868143607101267,7.575188144192842e-07,3.674912527447088e-05,0.061725750018446705,4.8944474767668936e-05,3.1825185787110374e-05,0.034544516097628986,0.00015488598574809435,4.8218435493402345e-05,0.030811607125314614,0.06273719542069711,0.0006921966179137862,0.003030499606329693,3.2298439850758846e-06,0.0023847766124683797,0.022067240827621324,0.0005060402784059703,0.04550272628266908,2.9229678312286345e-05,0.028761160814933344,0.7527194942840651,0.37033453219923274
CID007847-1,0.011238715915965165,0.07355764165571803,0.042954806063508356,0.011414299014139139,0.008890417193333047,0.0010320296435268226,0.00013323512001840447,0.0002895354849116841,0.00031392995662879507,0.07362318890701207,0.07297613402124255,0.01977885929952082,0.011501202098352405,0.0006493033792464996,0.0006180795189053482,0.0020947040956732403,0.06861979697426929,0.03707985998983024,0.07378187836285842,0.006907806763371919,0.000313122969846849,0.010001126388617809,0.0003327355180947991,0.001150473842012443,0.07230499933858324,0.07265615385933187,0.0021265722961419323,0.06836715537412563,0.0005736562542458567,0.0517076899860431,0.044156208378951185,0.01764678985552432,0.00015177830294214938,7.810130299876684e-05,0.004718061959529223,0.02156900629012333,0.0034149327916070706,0.0028955067205127007,0.009888546571552317,0.003992594154892403,0.01646804620108909,0.00038605811695759383,0.0717283679948759,1.4858679298192326e-05,0.005902033394069799,0.7501571257873779,0.4076233359997127
CID007849-1,0.013360737727475293,0.06682744323348383,0.06181323036338395,6.424459496047996e-05,0.005374413317202537,0.0002533164936119936,0.0024848949862600832,0.00011759014229611042,9.065443478089576e-05,0.059005592768744106,0.04512779596095555,0.0666734495484971,0.002466155411491474,0.0017280722396568274,0.06533459358106818,0.0002803868459623553,0.040015144212395326,0.00034410627719714024,0.06586046038869191,0.006134481030952108,0.020802021342924682,0.0013711866652845114,0.0009625639840774927,0.026241484135397983,0.06439447613201592,0.06608558784592238,6.705283606218638e-05,0.06627482197893407,0.009224070904686249,0.04204240010317442,4.213278937520862e-05,0.0011559470149025979,0.003339933736569291,0.0011050691264046196,0.014299259206794966,0.008544236718847653,0.015333970822740097,0.00038861490508209273,8.275558171052722e-05,0.001979078192200597,0.046060919851135806,0.02067071301562092,0.06679196002557762,0.014010859420190225,0.005372120105300534,0.7846810052692407,0.4220050428007641
CID008109-1,0.0026619561845052106,0.09888646818568574,0.0975066353573461,0.0006919284494414957,0.01413596636177691,0.005149999023571512,0.002213250152061374,0.00038614155093613753,0.00011830261128429592,0.09832401787869065,0.0012150787500947128,0.09378767158725967,0.0001085787172552217,0.00048554803584124667,0.03962370036881285,9.663209799252493e-05,0.00047014182555858166,0.005386101578881786,0.08898701452973551,0.006573216523388767,0.03507770264500007,0.01009441652197559,1.2114307722893526e-06,0.004799176331489008,0.09872164189238478,0.09888245301243807,3.9966732547933246e-05,6.602483736526559e-05,3.750403334815108e-05,0.012043732650604324,0.00029335670939289354,0.003039912576814553,0.0020588812798577466,0.000166993031051683,0.00040039781977230487,0.01181762004746636,0.00721579449996908,0.002458963077348271,3.000327408989698e-05,8.062896743390074e-05,0.014365211522745178,2.844506535933186e-05,0.09699794782638264,0.004778265689781483,0.03969539875448903,0.7630152220963207,0.4335603737035434
CID008114-1,0.014353659226794203,0.09459852829658738,0.009227240511389914,0.00036357757510351263,0.0067827537729892775,0.0003490412551105783,0.029207700115625273,0.00013124205924689556,0.0006951222058032483,0.09313090911798298,0.047932781293500086,0.09611115701773906,0.00016275191602817696,0.01763849940371522,0.09266156982040999,4.185837818339745e-05,0.002223985499213184,0.0020497381856970803,0.09579033639344778,0.0055512844367896505,0.00023549648328190234,0.01442578338104854,0.00013464987209672505,0.009990261705521565,0.09607897113145422,0.09615151032056057,1.2824203370242213e-05,0.01762150816147751,0.014628782450560289,0.0036491787969456023,1.1378187996240895e-06,0.0014727636892400214,0.006975615914485102,0.00020426422314344725,0.00014106626889865656,0.013294055108617217,0.015792977202817114,0.0030893337652924055,3.24666218135799e-06,0.000775362645558375,0.00011386761376899643,1.9943928896551568e-05,0.095850765862125,8.2590567049023e-06,0.00032463725179746896,0.7617697885683107,0.4462064975237816
CID008122-1,0.0002633897489111969,0.14302268891237896,0.1432052962507029,2.0530780553794202e-05,0.0033189865871922158,0.0032534203058504703,7.331977552183553e-05,0.00013239922108739457,0.00011788816021402466,0.0003687362730098919,0.05746437547618302,0.05292005614737225,0.0006031273367232966,0.0002555611294131174,0.0004923687326233808,6.14187425311481e-05,0.0017619814537980004,0.015624758329571208,0.0005416969693630813,0.0010144419701213086,0.05404879788394156,0.0006103441426758935,0.012686128955399207,0.0003836361270628221,0.06762169234486012,0.0015582554477178018,0.000147268900270969,0.09242339924586532,0.0011084056571377412,0.1189940985469547,0.0014965319868988395,0.02562411814501516,0.00047572941723560006,0.0001734970358034582,0.0014148902287823264,0.008319341307768744,0.004861927551233295,0.0019057365594488005,0.0035505859914775405,0.0038479914525601307,0.010079232633692953,0.00033719316688050915,0.14377034865140484,1.3726458085166966e-05,0.020030679858704,0.7410259768169669,0.3169866418872056
CID008457-1,0.013181381795281848,0.08648717289559403,0.0004839348710658466,0.00010851479205149919,0.04948633756533728,3.538560609494748e-05,0.014487205371046762,0.0007057754989586882,0.0016838283307535097,0.04479156428506437,0.08002786183531332,0.003183981289441652,0.0007394877025016918,8.653351154702248e-05,0.06256602260303841,6.756929024026723e-05,0.000781487199105699,0.010447347610922017,0.0018521451371873048,0.05270980203126603,0.0005870312998133697,1.3926694141994474e-05,8.421722530626839e-05,0.000434855174182431,0.08905918117662799,0.03665991901643763,5.587759864906407e-05,7.915323755148815e-06,0.06889171717235443,0.0012818516238757758,0.021858179800771375,0.08464421664837415,0.053017014984967865,0.002050916374076642,0.04133748629140659,0.06843394091333267,0.005323825177584669,0.005421166034463548,8.314357542827125e-05,0.006489270083888449,0.00020846168282120323,1.0673225981809591e-07,0.08327672969662162,6.0597217672856745e-05,0.006805113259373885,0.7023354914518388,0.41710426331227923
CID008459-1,0.009084241209819561,0.08547785602491294,0.05268372175769053,0.0017375952587939095,0.013269899940511877,0.00023115718383129083,0.0034420772170857717,0.0003723416291067258,0.00012906623607061808,0.08226084921965639,0.0845597441285725,0.048148332303708914,0.01710388054735672,0.0005010451060045952,0.07746032482472476,1.0507590173285418e-05,0.0027288507808091674,0.016224144159163668,0.0009722848959656126,0.0017892322468383748,0.0017600733416195113,0.005087455889949494,0.0009699968546898769,0.0009355170692043928,0.08575469183419834,0.008833023307191948,4.5062586590671954e-05,0.009186929596589396,0.04952901116815233,0.08395811125012734,0.00029951948210483944,0.024166697415670017,3.789468158541585e-05,0.001510564703561195,0.00576992761525358,0.011355210085590161,0.026311847489841195,0.0027174769182131886,0.0017710892670191995,0.0017386273250406003,0.08533523229004521,0.004478565448893886,0.0851076646695546,6.077797197735121e-05,0.0050918794765390015,0.775412925289913,0.3430547383613989
CID008460-1,0.004464051007964473,0.13097813569024003,0.004493676528956688,5.565810860449878e-06,0.008218383291028702,0.0005862338306906836,0.0034395409381611053,0.0003527051055531302,0.00010627237128650587,0.019295119002369365,0.026895626975745896,0.07022791794021126,0.0005693580040041766,0.00040969139797854644,0.11156440677977568,5.407249615212528e-05,0.0002800397573497339,0.007628145383985458,0.00015135862444549733,0.00039942921877294716,0.0004198687623897199,0.0031975523525373368,0.00022033588905016747,6.458956222164543e-05,0.08658365520363151,0.012294303698886155,7.09761329690544e-05,0.00013207100426665364,0.031362438300946434,0.13326239821236635,0.0024445674065035777,0.014054406141975076,0.012005925977073393,0.0008144329210080109,3.302703905642204e-05,0.13371672218982186,0.029478350773880228,0.0017265722678850074,5.845778252091116e-05,0.0012762132476742884,0.008922353933693936,0.00028716062554506286,0.13323847526115268,3.358537140600426e-05,0.00418182978600619,0.7734843032821027,0.44258550313573664
