,CID005093-1,CID005215-1,CID005217-1,CID005219-1,CID005222-1,CID005224-1,CID005225-1,CID005416-1,CID005418-1,CID005420-1,CID005422-1,CID005424-1,CID005425-1,CID005614-1,CID005616-1,CID005618-1,CID005620-1,CID005844-1,CID005845-1,CID005860-1,CID005868-1,CID005874-1,CID005875-1,CID006320-1,CID006322-1,CID006328-1,CID006331-1,CID006336-1,CID006340-1,CID006468-1,CID006469-1,CID006478-1,CID006480-1,CID006484-1,CID006486-1,CID006493-1,CID006494-1,CID006494-2,CID006515-1,CID006527-1,CID006542-1,CID006544-1,CID006548-1,CID006551-1,CID007329-1,CID007330-1,CID007338-1,CID007346-1,CID007352-1,CID007358-1,CID007659-1,CID007661-1,CID007664-1,CID007665-1,CID007666-1,CID007667-1,CID007672-1,CID007676-1,CID007681-1,CID007688-1,CID007694-1,CID007697-1,CID007704-1,CID007707-1,CID007825-1,CID007827-1,CID007829-1,CID007845-1,CID007847-1,CID007849-1,CID008109-1,CID008114-1,CID008122-1,CID008457-1,CID008459-1,CID008460-1
Other,0.0007470670662908651,0.07243155156220155,0.007911642714503401,0.0007504362690120332,0.007496069228590755,0.010855413255308494,0.0,0.006625748058943683,0.07216498336721022,0.010663159900665756,0.0,0.00332311956747189,0.003362891163228265,0.005708186263965349,0.007760916390633576,0.004251010725885483,0.006734109135801596,0.0031159465660603285,0.034210677311698585,0.00231355724411674,0.001983122585463651,0.0,0.0018607507557514547,0.0035670431467764905,0.0,0.004030861298360473,0.01449879268243398,0.00431446124245686,0.006642659749799358,0.014152510759988097,0.01315973241496189,0.0006486708713968389,0.004037642594643695,0.003005953038602934,0.00933733646569017,0.010101622196647614,0.0007223845344083237,0.008157050018022487,0.007416005750741161,0.0,0.008499461347740234,0.006702204532316004,0.0029118205188235274,0.01377608086074004,0.0004216423179409892,0.011270813300387688,0.0037844889866121252,0.013772591027745881,0.015477268207637526,0.007498114836465982,0.005229740613126787,0.01392757362730863,0.014076909669937368,0.0,0.005519212703582848,0.006570626466466135,0.014317323610356697,0.009500576554555282,0.0037960333977284147,0.010642649085663619,0.004376889160186261,0.005215403213615348,0.006300838980386463,0.0073710694208958035,0.013156249017371524,0.014329704059732851,0.012456815331173482,0.005612597519805197,6.639045489349802e-06,0.0017701802305313662,0.017007133334675288,0.007415748502663124,0.009115663407742046,0.003806804653444846,0.008251861354609877,0.00843124933901509
Basophils,0.005265737368852548,0.004388491156419834,0.0029729605744826665,0.00814839253377942,0.004299784780395201,0.007101232233310761,0.005443414642890678,0.0024629105132961027,0.00535242326084755,0.005266443194514103,0.0054870751762120164,0.004230960010039235,0.016753348335718888,0.006458274895893281,0.004711571864259839,0.0034320302205816727,0.0037637362526275766,0.027096930133359256,0.0024801839647028614,0.0023939344749016565,0.0038873963339088324,0.003977035122576539,0.005057892341188463,0.004046580165974394,0.004625850330872376,0.010305126229767219,0.004135649981327117,0.005155076754564344,0.004796335016953336,0.0034627144356688495,0.006181160701280984,0.007397361578779708,0.004226762701015749,0.0037549470263315335,0.008064937978626657,0.002995471037869212,0.011474769567794852,0.010797029630874515,0.00503394944305114,0.005027451812637488,0.002158072543642902,0.006099728821259441,0.0031182098667820214,0.003908843028476425,0.0038926078920507833,0.008839241097629999,0.003736237715656189,0.0014838467769933534,0.003124919719237962,0.004157547503388673,0.004549324449892532,0.0029052138375696315,0.010774270085013327,0.0067114161405238005,0.006698998454648747,0.0027379647041517793,0.01782415372743856,0.0038612981968776175,0.0060444151797057356,0.008600092902059759,0.004352353727615647,0.0,0.006481136977617239,0.003160071089426544,0.004617119703039118,0.005057263842496927,0.007551156393460236,0.004781186224665033,0.003660369978202794,0.00465629561728177,0.0022824817585558824,0.004156300947806075,0.002781281603821442,0.0034008274898846527,0.005719819541082595,0.001575512020494326
CD8_T_cells,0.10933707556526344,0.09233567067605362,0.03995689123770205,0.13180877967067964,0.07362343378539937,0.131459587043426,0.09595837748353431,0.022581495836211902,0.09869818101510028,0.09916804267180937,0.08818616747375092,0.07074196912098195,0.08429378278011472,0.07032819467768311,0.061953906924176926,0.07997458570361234,0.0750989293025323,0.13389049283134055,0.03835393532400165,0.05362126673419947,0.056428306466651354,0.07374664212074204,0.07269188872695513,0.10292545766045944,0.09911882421458486,0.03630473105343161,0.07992358606204303,0.03913941056188456,0.08437266174690009,0.08132389255610875,0.04400879361044079,0.05058520137638295,0.10306034711529022,0.0955745869883467,0.0877311032768879,0.047436364225274495,0.09621279170567275,0.07022742245731753,0.10074284462692165,0.0664805019477352,0.029362255302624804,0.09809455141700468,0.06038339440831735,0.10223754143884,0.03988539220695175,0.08619128885102506,0.07549797468262007,0.031061441967423747,0.07493313419351362,0.08703793602655624,0.09384778233420431,0.08917950373694628,0.14513871813590595,0.12785657681425167,0.11635228906033972,0.06661303048671055,0.05278561458321468,0.07399619749741045,0.10677085718980045,0.1292483197213914,0.08001271334297431,0.05697341609062349,0.06117423882295003,0.040106603880435875,0.07823113352137415,0.05260805270881025,0.13925989298888666,0.05583833256527764,0.06647356015778842,0.0726447086462044,0.050565543160718214,0.0872490956844804,0.02539630894942897,0.07943871386186653,0.11776932431930152,0.020470510787946258
Classical_monocytes,0.003886442378926729,0.0,0.0026653163334344906,0.004594387899453515,0.004121626543139747,0.003708098264439504,0.005604038810219662,0.004597508686283012,0.0022244473724388645,0.004082173465474994,0.0014694197250976608,0.0024716794705006103,0.006599465924941562,0.004817707564352286,0.0017902429582085941,0.00553866598358889,0.00482491027289719,0.008802520012470982,0.0005959504554703462,0.004637673547954647,0.002039430130574441,0.00914135205640431,0.005843396455110274,0.006135104679819682,0.004839803407402146,0.0038009124968816487,0.004213799529936781,0.002835561900187489,0.00664188490635782,0.007512480464462675,0.0017775800592641508,0.006288964515279237,0.0031853463682188794,0.004237946196679486,0.004161070621725598,0.0037647527438530023,0.0038704598952835757,0.0003380218103005833,0.002649935014944371,0.004131502638763487,0.002134660893565532,0.0054321375685207575,0.003048771989154817,0.0038860297608600456,0.006564219756378316,0.004597855307678506,0.005962097010383264,0.0031431495069586383,0.0070934706876345744,0.0037847388347268824,0.004252601291661156,0.0037729517971749286,0.007298518461547187,0.004926591808137581,0.005567973657740498,0.003278942931074998,0.003916086253908234,0.005054731583192225,0.002557392192723095,0.003204605119031056,0.0069153549871286924,0.0031633947961435885,0.005784581349212928,0.003371768780250435,0.0026575330314736125,0.0050166381877370545,0.005528452935649024,0.0029740015551217107,0.0025719893520972795,0.00423331513715436,0.005666048007070081,0.0036945087832024135,0.0014912378147233804,0.008099112453500971,0.0032587476980584927,0.0015699174806348278
Endothelium,0.2257217472753814,0.12058138444506625,0.24535574064801394,0.22583032355402927,0.24601162663860854,0.24586528405051375,0.2223743291398747,0.2500012868494087,0.3127297467647526,0.27525852550368507,0.21242678729150105,0.2207991053236815,0.23126653229307637,0.24383078768708744,0.25754097422505345,0.2244818070466172,0.24226800473903737,0.20971708366105846,0.06086398877859947,0.23810398506501487,0.24097707746275882,0.21091487617244395,0.21958829426082865,0.23608218436812756,0.22495543524400594,0.24559531101969004,0.2499270066536916,0.23529426469899517,0.23755848140230024,0.27019609245231974,0.25361195887497007,0.23605599259137341,0.27024490284982206,0.23205745897864857,0.2619048801611702,0.2541209025412524,0.22741607570209674,0.2569725113004084,0.2453048047966191,0.20852698334528644,0.25324365141634775,0.24605696581120307,0.23690664054502664,0.28068119729276775,0.2662737518134495,0.2603607649536512,0.24112631922015096,0.2671363260088194,0.2805141888258883,0.24002958885230655,0.22472605964179057,0.26110139890761186,0.2548302485203552,0.23176141768455683,0.25476352356957255,0.22451609066187903,0.2559568682296835,0.2643609950377867,0.25165157063910465,0.26817594578935966,0.25084843827041237,0.22714853168040663,0.25608383204142254,0.24207013090751173,0.25540797219122763,0.25203774742690793,0.232345685804831,0.240782388870101,0.22160669773914643,0.23051082623366606,0.2621783936141077,0.22143744195245135,0.24362449010609646,0.2389837494865773,0.24452107933056097,0.3003490840851418
Fibroblasts,0.33459390651421334,0.0,0.27945964991772587,0.3048649375521643,0.3003028736825395,0.22910882299133672,0.3508761801322167,0.35724150131915133,0.2582549455659748,0.33072026088066486,0.2816150420095731,0.3131907518578694,0.2936113910725013,0.33904196637800277,0.31137789936375637,0.32592470186603073,0.3184538377430722,0.28029518722358976,0.37569510978167403,0.30399355663115674,0.2677374844075695,0.2873887040383857,0.3176602396535401,0.30267866560899864,0.31139813484416184,0.3583391811412458,0.2360722340938892,0.32571398769944737,0.2325814947163438,0.20472638034324475,0.23921819682910336,0.3065392005654678,0.23840336144390323,0.2584579891191299,0.2549950886562895,0.30200078293113786,0.29207075791689735,0.2627229765031362,0.2665293396360371,0.3064627964469132,0.27433264240952265,0.26002858340010765,0.25383431484406765,0.23286016024915343,0.32048319953892396,0.35830323363999017,0.31231501308824317,0.3137229407182694,0.2963071761996479,0.25989719331436517,0.3040539148140895,0.22849591666486044,0.29664351759933544,0.265356078690013,0.2436027967938567,0.30545177786724176,0.2771940524221594,0.32113147216912885,0.18609422224629352,0.2861029751639789,0.25958654940955306,0.32957593232682214,0.29603352156575713,0.26798583868052145,0.21140893276775477,0.20913815677833844,0.21947330311062418,0.2822305469081499,0.3050000777154651,0.28212510629298027,0.2715593872157448,0.2625041599154557,0.319646269312215,0.3120030626200743,0.2780352371367743,0.2776287461175531
NK_cells,0.044514454789627046,0.13342809648306841,0.0619692631481624,0.04511750858393778,0.057161930713122644,0.04015642811313149,0.06173552459815136,0.05827010850648438,0.03174967497467558,0.028973406515793103,0.054112991953184086,0.035827690195848465,0.05052019975491676,0.05840246957216668,0.04959636044594524,0.059223779426555254,0.06031607262915003,0.0456981641892386,0.052690926670239724,0.06759446876574565,0.036085631365284594,0.06763094076583949,0.07157120186683724,0.07327665682622574,0.06320689517432489,0.05392121789891145,0.06016527450607757,0.07697383575745581,0.07215118470522217,0.08018190626845953,0.09664550212457407,0.0699023915047205,0.06609379318022272,0.05989474710208645,0.07253923197885921,0.08529863802289223,0.06228166960571328,0.06291863324638945,0.06247596401093978,0.04207422798030266,0.07310495868349803,0.08254854279957524,0.06866086385069291,0.050800203311923364,0.07172179764630589,0.06378365063578266,0.08787147441286244,0.06544527313299182,0.044662934371203,0.06703210096369062,0.058537883622510486,0.0835056012409401,0.05225156219474164,0.04901248853376728,0.059248282358620556,0.06097058368271478,0.026494978580909708,0.04868434007115614,0.07019330752240263,0.024974201528601924,0.06528212904223087,0.048590241248764626,0.09120039850427675,0.03656181295447066,0.08894727534896056,0.06821459045782269,0.05634814599410302,0.07167058438627484,0.05815382985092544,0.04901804443232607,0.05815797530969102,0.05795988990741097,0.07795169065828697,0.05338536590461919,0.05545140999516065,0.06037085785248023
Naive_B_cells,0.10076766764460704,0.3251173229259829,0.16323652336266012,0.08570480838016012,0.1174573619241453,0.13675644475732937,0.1270600391318277,0.10990260293704562,0.14148672739719767,0.13220824285818455,0.17138193064122295,0.17171696663512595,0.10973503003015765,0.10423772532203654,0.13893156536765,0.12429754003118756,0.1147488217809493,0.11209150136490377,0.2055412579803601,0.12910319564909153,0.21389363774664769,0.14253434122327954,0.11607342135712384,0.10150404614978127,0.11464018776497449,0.10305751109203727,0.1528502266928112,0.1165045594433727,0.1487287905983506,0.1161345035070738,0.12516655787791803,0.13569754579305845,0.13793695051994567,0.142844787904848,0.12988648067163996,0.11807185539046737,0.12506094401738424,0.14206392397663525,0.1323202744598691,0.2275755136639491,0.128316232194264,0.1031389154679441,0.166834613516746,0.18022241975236356,0.09865803974723632,0.07234400994493868,0.09375784318065866,0.13461759800402856,0.10766547755534253,0.14117665730220944,0.11730794464968311,0.13050326954779612,0.07650791980142731,0.10993204008022867,0.10266719036088211,0.14202258099347997,0.1582978828540621,0.09991662920041045,0.1510457998147831,0.16254048208650024,0.1321346489909169,0.15389963157856035,0.09286373544613563,0.18817026369703707,0.1573961318853188,0.16888688178282113,0.1380133346034901,0.14371096138704242,0.13755602472581013,0.1477623526810966,0.10762314797402112,0.16611010217632907,0.17234350655834246,0.1245415011467108,0.09553481477660346,0.1268490252997961
Neutrophils,0.0,0.018506396026585843,0.00022381010800731721,0.0,0.005014561428334922,0.0,0.0,0.0,0.0,0.0,0.0,0.0,0.0005053770694788128,0.0,0.0,0.00015565650794073464,0.003309894516002436,0.0,0.0,0.0,0.0,0.0,0.0,0.0,0.0,0.0,0.0022952871731790917,0.0,0.003799220251804543,0.0,0.0,0.0,0.0,0.0,0.0,0.0,0.0,0.0,0.0,0.0013948771082767655,0.0,0.0,0.0,0.0009773469155322809,0.0,0.0029982641092557104,0.0,0.0,0.0,0.00039800194164386454,0.0,0.0025215250452552728,0.0,0.0,0.0,0.0,0.006852809080912596,0.0,0.0,0.0,0.0,0.0,0.0,0.0,9.046536064800028e-05,0.0,0.004036080743339631,0.003248400658539488,0.0,0.0,2.6265541383537322e-06,0.0,0.0,0.0,0.0,0.0
Non_classical_monocytes,0.0063109875223939784,0.0,0.004297018580914766,0.00783355315886399,0.006875022097577952,0.0074551069049683255,0.007471135960536626,0.004718430735829374,0.012540345690919967,0.005234997822457758,0.0025121222300858214,0.005011798969832466,0.012898590702223715,0.0061100249834671,0.003891977830536929,0.009381063844102911,0.00764990426389424,0.014969241752343439,0.0029883949599333096,0.009401418238015503,0.009836594685921777,0.011228792441149604,0.010243362660341171,0.00963654590041528,0.00689158687802877,0.0063575515163463315,0.006920454763921255,0.004175670933350347,0.010496063026638101,0.01272661037861791,0.00671570457369634,0.01101681171949975,0.0074799249224412456,0.006770179419333199,0.007219861366817193,0.008370249496265086,0.007170918049813317,0.0005344072410277966,0.014153319531055825,0.006755281609608721,0.006376704822398188,0.00944334908480465,0.006458143997639232,0.0085874622549462,0.009474852228540666,0.008215582520299547,0.011122429368201311,0.005510543852807106,0.014555369089704276,0.00842506342478252,0.010564448084980976,0.006553397349910669,0.01406992401761957,0.008456332618394659,0.01264943637725646,0.005878192405392539,0.00508024662935692,0.009087080562329087,0.0038487530345566803,0.009198020678875185,0.01069112465464558,0.0047129030647509364,0.012000121558552337,0.012155414689035509,0.007053822018282539,0.01010897263378307,0.010637207073665689,0.004379611763291427,0.00413869949093034,0.008214338834992953,0.01004825613848316,0.008385295865959935,0.0021462208675267045,0.00663265559186913,0.00538261376357562,0.003916426090947716
Non_switched_memory_B_cells,0.042917599551859045,0.08050803499307282,0.06965051202555399,0.05997348662476063,0.05184166588861851,0.026163351181834826,0.019460311528680423,0.03035180273339637,0.0,0.004628022566154965,0.05407008745512542,0.047186013865960504,0.053968337776232236,0.05689394922240358,0.03193744736139142,0.05904716101365632,0.05168050752978993,0.03303219301729755,0.10901959872552675,0.04686603878882663,0.026314509860012415,0.07197102594474307,0.0602373012725697,0.030691575365395556,0.04835459863806448,0.030618460722363006,0.05382345115451107,0.04506619321302472,0.0741066215074789,0.08714114527579953,0.04661022654479416,0.04002247589639884,0.037812821244623485,0.07801589514322843,0.026897700413110053,0.04823814725402266,0.05114214525945456,0.03723263565825076,0.04472405058290413,0.00787038399093418,0.08466078129496307,0.04091986477883364,0.07508245939699482,0.027514323306993764,0.038751308404553625,0.0,0.031228397315573288,0.03189418209118728,0.055073502379668085,0.06643328614021074,0.05264752032595534,0.05656437745522401,0.021076380733494084,0.054973132202226806,0.0560043779925897,0.06503921368017293,0.07132323426971128,0.036864688744202755,0.05431404414806033,0.019768397931534915,0.03969489411077875,0.03646830417484508,0.04836260305603845,0.08479154256978591,0.04413484205323206,0.09191260414617247,0.06454713061961438,0.0525636045995686,0.08831385481419317,0.07450782717553987,0.08750686669387085,0.08038187052993681,0.0273290965505164,0.029146175150413102,0.044367303156504785,0.04555303877506792
PDC,0.015120684432554266,0.011148418368574801,0.014401114494329155,0.013428663161345892,0.01299094489726418,0.024337571012752055,0.01478178311800727,0.011675326078742764,0.0024608354657569575,0.011211445345211969,0.01659803410519244,0.018834607827696113,0.006040999576364587,0.01628784879592388,0.01981670540822476,0.01599035767131006,0.011853116686167845,0.0022489525286771136,0.0012283365544126523,0.013223197871720452,0.0195368943000984,0.014054806624962057,0.016862791963688405,0.013864530933463794,0.01600881928780062,0.016794773097667075,0.015897168273387736,0.01112051932779673,0.011950722385174651,0.017063690970210044,0.015411737637045448,0.016992573160593445,0.015431750124066383,0.015120617627492972,0.01818173030998527,0.0121613918287767,0.017886922204528873,0.01711678371587495,0.018828752176273594,0.011487965244159652,0.014795022085639197,0.015605245456377401,0.013020462416317626,0.011724193922503017,0.01727107397529166,0.01577624470869742,0.014321115919911984,0.012727594263307013,0.01721675636254117,0.01309334302424707,0.016330355864559165,0.011981796804082526,0.0029057696608866886,0.014431426227004227,0.01919907126772349,0.01473022261767432,0.009855803075369722,0.017698194193349837,0.02342051202588289,0.0020665288367513993,0.022580784259555647,0.012851339330889661,0.019352134277957976,0.01891217469788435,0.01747924107456817,0.016860144486178355,0.016170868695605023,0.012583144005194979,0.01440080976864614,0.014728863383740213,0.02285677645284701,0.012774868612251501,0.007620041501107194,0.015874933165086015,0.01484962947542082,0.012470539327580741
Plasma_B_cells,0.009011147821532882,0.010367351712638742,0.008450791321623238,0.011043129413905423,0.011076187130516557,0.008537693715888674,0.011370533494980508,0.011677112163882761,0.01356707613163211,0.00564272881275862,0.009126711520780697,0.011695805876759245,0.020322598657778038,0.00902688649507467,0.01632252387473295,0.009392602361213935,0.011134771197930842,0.006130936474396948,0.00452017057685898,0.014490762963072543,0.01994654085597517,0.008492641395870784,0.006954863159921294,0.008833788744404776,0.00743787023182293,0.006388078131553945,0.014677241668713318,0.01172413615036133,0.008758420195716515,0.007043158515877919,0.01795086055541796,0.013808313568220884,0.012632461978210762,0.014225353071245617,0.015141085184717892,0.007031935700270876,0.011858845331494085,0.012326600118341535,0.0059691330098547634,0.007416313526305515,0.012662023888765864,0.008463751671983983,0.016783869813078365,0.009125630949827981,0.014458685190223673,0.004718075428578886,0.008108551792001584,0.009813445335022028,0.005957790615285985,0.00723298807180476,0.0071672577501291496,0.007011206791366295,0.009746247532929771,0.014370257906476879,0.015678694164452465,0.014975221803464165,0.00778954322718888,0.009907355850593129,0.019244044554560517,0.008358673611309082,0.009729692359518781,0.016799155272038988,0.008724528837873861,0.009152235530788725,0.019141497201015323,0.010762687228017207,0.008280920950666732,0.00867157451011811,0.015601620735631393,0.01535049159150959,0.005557559439392714,0.009606896529468436,0.012539072536618739,0.007774553877701849,0.006207535205485858,0.009291289093205484
Tregs,0.10180548206849745,0.13118728165033527,0.09944876553288656,0.10090159319790802,0.10172691126174674,0.12849496647576003,0.07786433195908,0.12989416558132386,0.048770612993493584,0.0869425504626247,0.10301363041827385,0.09496953127823272,0.11012145486326698,0.07885597814194346,0.09436790798543,0.07890903759771696,0.0881633839501472,0.12291085024526313,0.11181146891652151,0.11425694402618371,0.10133337379913332,0.09891884209360284,0.09535459552614403,0.10675782045015754,0.09852199398395683,0.1244862843017441,0.10459982676407699,0.12198232231710267,0.0974154597909598,0.09833491407216832,0.13354198819653254,0.10504449685882815,0.09945393495759582,0.08603953838402606,0.10393949291448033,0.1004078866312706,0.09283131620945796,0.11859200432342046,0.09385162696078833,0.10479620068512739,0.11035353311702789,0.11746615919006943,0.09295643483635907,0.07369856695507221,0.11214342928215303,0.1026009755020846,0.11116805730712498,0.1096710673144457,0.07741801179269484,0.09380343976360143,0.1007851665574169,0.10197626719395358,0.09468001358680625,0.11221224129441866,0.10204815323873413,0.08721555169957693,0.09231140345572779,0.09993644033900732,0.12101904805439796,0.06711910754494277,0.11379442768448308,0.10460174722253907,0.09563832858181857,0.08619107310195613,0.10027778482573357,0.09506655626118161,0.0853510047548908,0.11095306504684951,0.082515826625674,0.0944776497429764,0.09898780434668389,0.07832382059258429,0.09801512013357432,0.11691254459825128,0.12065062424686104,0.1315238037301365
Non_plasma_B_cells,0.14368526719646607,0.40562535791905574,0.2328870353882141,0.14567829500492074,0.1692990278127638,0.1629197959391642,0.14652035066050811,0.140254405670442,0.14148672739719767,0.13683626542433952,0.22545201809634838,0.21890298050108645,0.1637033678063899,0.1611316745444401,0.17086901272904143,0.18334470104484388,0.16642932931073923,0.14512369438220132,0.31456085670588685,0.17596923443791818,0.2402081476066601,0.2145053671680226,0.17631072262969355,0.13219562151517683,0.16299478640303897,0.13367597181440027,0.20667367784732227,0.16157075265639742,0.2228354121058295,0.20327564878287332,0.1717767844227122,0.1757200216894573,0.17574977176456916,0.22086068304807643,0.15678418108475,0.16631000264449003,0.1762030892768388,0.179296559634886,0.17704432504277323,0.23544589765488327,0.21297701348922707,0.14405878024677773,0.24191707291374082,0.20773674305935733,0.13740934815178996,0.07234400994493868,0.12498624049623194,0.16651178009521583,0.16273897993501063,0.20760994344242018,0.16995546497563846,0.18706764700302014,0.0975843005349214,0.16490517228245546,0.1586715683534718,0.2070617946736529,0.22962111712377337,0.1367813179446132,0.20535984396284343,0.18230888001803516,0.17182954310169565,0.19036793575340544,0.1412263385021741,0.272961806266823,0.20153097393855088,0.2607994859289936,0.2025604652231045,0.19627456598661103,0.22586987954000332,0.2222701798566365,0.19513001466789198,0.24649197270626588,0.19967260310885887,0.1536876762971239,0.13990211793310825,0.17240206407486403
Monocytes,0.010197429901320706,0.0,0.006962334914349257,0.012427941058317505,0.010996648640717699,0.01116320516940783,0.013075174770756287,0.009315939422112385,0.01476479306335883,0.009317171287932753,0.0039815419551834826,0.0074834784403330756,0.019498056627165278,0.010927732547819386,0.005682220788745524,0.0149197298276918,0.01247481453679143,0.023771761764814422,0.003584345415403656,0.01403909178597015,0.011876024816496217,0.020370144497553914,0.016086759115451446,0.015771650580234962,0.011731390285430916,0.01015846401322798,0.011134254293858035,0.007011232833537836,0.01713794793299592,0.020239090843080586,0.00849328463296049,0.017305776234778986,0.010665271290660125,0.011008125616012686,0.011380931988542791,0.012135002240118088,0.011041377945096893,0.0008724290513283798,0.016803254546000197,0.010886784248372208,0.00851136571596372,0.014875486653325408,0.009506915986794049,0.012473492015806246,0.01603907198491898,0.012813437827978053,0.017084526378584576,0.008653693359765744,0.02164883977733885,0.012209802259509402,0.014817049376642133,0.010326349147085597,0.021368442479166756,0.013382924426532241,0.01821741003499696,0.009157135336467536,0.008996332883265155,0.014141812145521312,0.006406145227279775,0.012402625797906242,0.017606479641774274,0.007876297860894525,0.017784702907765265,0.015527183469285943,0.009711355049756152,0.015125610821520124,0.016165660009314714,0.007353613318413138,0.006710688843027619,0.012447653972147314,0.01571430414555324,0.012079804649162348,0.003637458682250085,0.014731768045370103,0.008641361461634113,0.005486343571582544
Granulocytes,0.11460281293411599,0.1152305578590593,0.04315366192019203,0.13995717220445905,0.08293777999412949,0.13856081927673677,0.10140179212642499,0.025044406349508004,0.10405060427594783,0.10443448586632348,0.09367324264996293,0.07497292913102119,0.10155250818531242,0.07678646957357639,0.06666547878843676,0.08356227243213474,0.0821725600711623,0.1609874229646998,0.040834119288704514,0.056015201209101126,0.060315702800560186,0.07772367724331858,0.07774978106814359,0.10697203782643383,0.10374467454545723,0.04660985728319883,0.08635452321654924,0.0442944873164489,0.09296821701565797,0.0847866069917776,0.050189954311721775,0.05798256295516266,0.10728710981630597,0.09932953401467823,0.09579604125551457,0.05043183526314371,0.1076875612734676,0.08102445208819205,0.10577679406997278,0.07290283086864945,0.03152032784626771,0.10419428023826413,0.06350160427509938,0.1071237313828487,0.04377800009900254,0.09802879405791078,0.07923421239827626,0.0325452887444171,0.07805805391275158,0.09159348547158878,0.09839710678409684,0.09460624261977117,0.15591298822091929,0.13456799295477548,0.12305128751498846,0.06935099519086232,0.07746257739156584,0.07785749569428807,0.11281527236950618,0.13784841262345116,0.08436506707058997,0.05697341609062349,0.06765537580056727,0.04326667496986242,0.08293871858506126,0.057665316551307175,0.15084713012568654,0.06386791944848216,0.07013393013599122,0.07730100426348617,0.05285065147341245,0.09140539663228647,0.02817759055325041,0.08283954135175119,0.12348914386038412,0.022046022808440584
CD4_T_cells,0.10180548206849745,0.13118728165033527,0.09944876553288656,0.10090159319790802,0.10172691126174674,0.12849496647576003,0.07786433195908,0.12989416558132386,0.048770612993493584,0.0869425504626247,0.10301363041827385,0.09496953127823272,0.11012145486326698,0.07885597814194346,0.09436790798543,0.07890903759771696,0.0881633839501472,0.12291085024526313,0.11181146891652151,0.11425694402618371,0.10133337379913332,0.09891884209360284,0.09535459552614403,0.10675782045015754,0.09852199398395683,0.1244862843017441,0.10459982676407699,0.12198232231710267,0.0974154597909598,0.09833491407216832,0.13354198819653254,0.10504449685882815,0.09945393495759582,0.08603953838402606,0.10393949291448033,0.1004078866312706,0.09283131620945796,0.11859200432342046,0.09385162696078833,0.10479620068512739,0.11035353311702789,0.11746615919006943,0.09295643483635907,0.07369856695507221,0.11214342928215303,0.1026009755020846,0.11116805730712498,0.1096710673144457,0.07741801179269484,0.09380343976360143,0.1007851665574169,0.10197626719395358,0.09468001358680625,0.11221224129441866,0.10204815323873413,0.08721555169957693,0.09231140345572779,0.09993644033900732,0.12101904805439796,0.06711910754494277,0.11379442768448308,0.10460174722253907,0.09563832858181857,0.08619107310195613,0.10027778482573357,0.09506655626118161,0.0853510047548908,0.11095306504684951,0.082515826625674,0.0944776497429764,0.09898780434668389,0.07832382059258429,0.09801512013357432,0.11691254459825128,0.12065062424686104,0.1315238037301365
B_cells,0.15269641501799897,0.4159927096316945,0.24133782670983733,0.15672142441882617,0.18037521494328035,0.17145748965505286,0.15789088415548863,0.15193151783432476,0.15505380352882978,0.14247899423709814,0.23457872961712908,0.2305987863778457,0.1840259664641679,0.17015856103951477,0.18719153660377438,0.19273730340605782,0.17756410050867008,0.15125463085659827,0.31908102728274584,0.19045999740099073,0.2601546884626353,0.22299800856389337,0.18326558578961485,0.1410294102595816,0.1704326566348619,0.14006404994595423,0.22135091951603558,0.17329488880675875,0.231593832301546,0.21031880729875124,0.18972764497813016,0.18952833525767818,0.18838223374277993,0.23508603611932205,0.1719252662694679,0.17334193834476092,0.1880619346083329,0.19162315975322752,0.183013458052628,0.24286221118118878,0.22563903737799293,0.15252253191876172,0.2587009427268192,0.21686237400918532,0.15186803334201363,0.07706208537351757,0.13309479228823354,0.17632522543023788,0.1686967705502966,0.21484293151422493,0.17712272272576762,0.19407885379438644,0.10733054806785117,0.17927543018893236,0.17435026251792426,0.22203701647711707,0.23741066035096225,0.14668867379520634,0.22460388851740395,0.19066755362934423,0.18155923546121444,0.20716709102544442,0.14995086734004795,0.2821140417976117,0.2206724711395662,0.2715621731570108,0.21084138617377124,0.20494614049672913,0.24147150027563472,0.23762067144814608,0.2006875741072847,0.2560988692357343,0.2122116756454776,0.16146223017482575,0.14610965313859411,0.1816933531680695
T_cells,0.1463199368581245,0.2646153781334037,0.16141802868104896,0.1460191017818458,0.15888884197486938,0.16865139458889153,0.13959985655723137,0.18816427408780823,0.08052028796816917,0.1159159569784178,0.15712662237145794,0.13079722147408118,0.16064165461818375,0.13725844771411014,0.14396426843137525,0.13813281702427221,0.14847945657929723,0.16860901443450174,0.16450239558676122,0.18185141279192935,0.1374190051644179,0.16654978285944233,0.16692579739298127,0.18003447727638328,0.1617288891582817,0.17840750220065554,0.16476510127015456,0.19895615807455846,0.16956664449618197,0.17851682034062785,0.2301874903211066,0.17494688836354866,0.16554772813781854,0.1459342854861125,0.17647872489333954,0.18570652465416282,0.15511298581517124,0.1815106375698099,0.1563275909717281,0.14687042866543004,0.18345849180052592,0.20001470198964466,0.161617298687052,0.12449877026699557,0.1838652269284589,0.16638462613786725,0.19903953171998742,0.1751163404474375,0.12208094616389784,0.16083554072729206,0.15932305017992737,0.18548186843489367,0.1469315757815479,0.16122472982818595,0.16129643559735468,0.1481861353822917,0.1188063820366375,0.14862078041016347,0.1912123555768006,0.0920933090735447,0.17907655672671396,0.1531919884713037,0.18683872708609534,0.12275288605642679,0.18922506017469415,0.1632811467190043,0.1416991507489938,0.18262364943312437,0.14066965647659943,0.14349569417530247,0.1571457796563749,0.13628371049999527,0.17596681079186127,0.17029791050287046,0.1761020342420217,0.19189466158261673
Myeloid_cells,0.13992092726799096,0.12637897622763408,0.06451711132887045,0.16581377642412246,0.10692537353211137,0.17406159545889666,0.12925875001518855,0.046035671850363155,0.12127623280506361,0.1249631024994682,0.11425281871033885,0.10129101539905037,0.12709156438884228,0.10400205091731965,0.09216440498540705,0.1144723599311366,0.10650049129412158,0.18700813725819135,0.045646801258520824,0.08327749086679173,0.0917286219171548,0.11214862836583456,0.11069933214728345,0.1366082193401326,0.13148488411868878,0.07356309439409389,0.113385945783795,0.06242623947778347,0.12205688733382854,0.12208938880506823,0.07409497658172771,0.0922809123505351,0.1333841312310325,0.1254582772581839,0.12535870355404263,0.07472822933203849,0.13661586142309337,0.09901366485539538,0.14140880079224658,0.09527758036118131,0.05482671564787062,0.13467501234796694,0.08602898267821106,0.13132141732115796,0.07708814605921319,0.12661847659458625,0.11063985469677283,0.05392657636748986,0.11692365005263161,0.11689663075534526,0.12954451202529815,0.11691438857093929,0.18018720036097272,0.16238234360831194,0.1604677688177089,0.09323835314500417,0.09631471335020071,0.10969750203315921,0.14264192962266886,0.1523175672581088,0.1245523309719199,0.07770105328240767,0.10479221298629052,0.07770603313703271,0.11012931470938558,0.08965107185900566,0.18318365883060628,0.08380467677209028,0.09124542874766498,0.1044775216193737,0.0914217320718127,0.11626006989370033,0.039435090736607684,0.11344624256220731,0.14698013479743904,0.04000290570760387
