sample,Arterial Pericyte,Blood Endothelial Cell,CD209+ moDC,CD4 SELL naive,CD4 TRM,CD4 Tfh,CD4 Tfr,CD4 Th1,CD4 Th17,CD4 Tph,CD4 Treg,CD8 Effector,CD8 IEL,CD8 SELL Naive,CD83+ CLEC9A+ DC,CD83- CLEC9A+ DC,CLEC10A+ DC,Enterocyte,Enteroendocrine Cell,Epithelial M Cell,Epithelial Progenitor Cell,Epithelial Stem Cell,Fibroblast,GC-like B cell,Glial Cell,Goblet Cell,IL7R+ Activated DC,ILC3,Inflammatory Fibroblast,LTB+ DC,Lymphatic Endothelial Cell,MAIT,Mast Cell,Memory B cell,Monocyte Inflammatory,Myofibroblast,NK,Naive B cell,Pericyte,Plasma Cell,Plasmablast,Post-capillary venules,Proliferating Stromal Cell,Proliferating T cells,Proliferating myeloid,Resident Macrophage,Smooth Muscle Cell,Tuft Cell,gd T cell 1,gd T cell 2
CID005093-1,0.0124408620991764,0.0304888733134746,0.0068337129840546,0.0043805852461888,0.0546697038724373,0.033117224461188,0.0,0.001577010688628,0.0164710005256702,0.0059575959348168,0.0369721394778342,0.0424040651831084,0.0098125109514631,0.0010513404590853,0.0007008936393902,0.0007008936393902,0.0105134045908533,0.0066584895742071,0.0024531277378657,0.0003504468196951,0.0366216926581391,0.0012265638689328,0.2307692307692307,0.0050814788855791,0.0313649903627124,0.0133169791484142,0.0021026809181706,0.0103381811810057,0.0064832661643595,0.0001752234098475,0.0,0.0003504468196951,0.0001752234098475,0.0345190117399684,0.0071841598037497,0.0343437883301209,0.0068337129840546,0.0388995969861573,0.0243560539688102,0.1848606973891711,0.0068337129840546,0.0127913089188715,0.0,0.0052567022954266,0.0007008936393902,0.0012265638689328,0.0001752234098475,0.0012265638689328,0.025232171018048,0.0
CID005215-1,0.0,0.0,0.0004805959389643,0.3077015499219032,0.2675717890183828,0.0066081941607593,0.0,0.0002402979694821,0.0024029796948215,0.0,0.0294365012615643,0.0984020185029436,0.0160999639553045,0.0343626096359485,0.0002402979694821,0.0,0.0104529616724738,0.0,0.0,0.0,0.0,0.0,0.0,0.0,0.0,0.0,0.0,0.0012014898474107,0.0,0.0,0.0,0.0081701309623933,0.0,0.0048059593896431,0.1320437342304457,0.0,0.0409708037967079,0.0323200768953502,0.0,0.0002402979694821,0.0003604469542232,0.0,0.0,0.0013216388321518,0.0,0.0,0.0,0.0,0.0043253634506788,0.0002402979694821
CID005217-1,0.013624400061929,0.0305000774113639,0.0013934045517882,0.0718377457810806,0.0507818547762811,0.0156370955256231,0.0,0.0,0.0029416318315528,0.0001548227279764,0.0153274500696702,0.0120761727821644,0.008979718222635,0.034835113794705,0.0001548227279764,0.0006192909119058,0.002012695463694,0.0174949682613407,0.0058832636631057,0.0030964545595293,0.2018888372813129,0.0003096454559529,0.0520204366000928,0.0068122000309645,0.0191980182690819,0.0035609227434587,0.0001548227279764,0.0051091500232234,0.0,0.0001548227279764,0.0,0.0,0.0007741136398823,0.0257005728440935,0.0017030500077411,0.0097538318625174,0.0108375909583526,0.3200185787273572,0.0086700727666821,0.006967022758941,0.0,0.0080507818547762,0.0001548227279764,0.0040253909273881,0.0,0.0003096454559529,0.0,0.0007741136398823,0.025545750116117,0.0001548227279764
CID005219-1,0.0169892473118279,0.1094623655913978,0.0018279569892473,0.0077419354838709,0.0570967741935483,0.1111827956989247,0.0001075268817204,0.0003225806451612,0.0102150537634408,0.0002150537634408,0.0725806451612903,0.0074193548387096,0.0009677419354838,0.0002150537634408,0.0,0.0004301075268817,0.0026881720430107,0.0034408602150537,0.0002150537634408,0.0004301075268817,0.0149462365591397,0.0010752688172043,0.1679569892473118,0.0092473118279569,0.0331182795698924,0.000752688172043,0.0005376344086021,0.0041935483870967,0.0112903225806451,0.0,0.0,0.0001075268817204,0.0009677419354838,0.0778494623655914,0.0135483870967741,0.0123655913978494,0.0024731182795698,0.0269892473118279,0.0173118279569892,0.1389247311827957,0.0010752688172043,0.0362365591397849,0.002258064516129,0.0063440860215053,0.0005376344086021,0.001505376344086,0.0103225806451612,0.0011827956989247,0.0033333333333333,0.0
CID005222-1,0.0066666666666666,0.0973333333333333,0.005,0.1333333333333333,0.0983333333333333,0.023,0.0,0.0133333333333333,0.0163333333333333,0.0016666666666666,0.091,0.0163333333333333,0.011,0.0166666666666666,0.001,0.0043333333333333,0.014,0.0116666666666666,0.001,0.001,0.023,0.0043333333333333,0.031,0.0003333333333333,0.0133333333333333,0.0043333333333333,0.002,0.003,0.0036666666666666,0.0003333333333333,0.0003333333333333,0.0,0.0016666666666666,0.0646666666666666,0.03,0.0033333333333333,0.013,0.064,0.035,0.0756666666666666,0.0026666666666666,0.0083333333333333,0.0,0.0136666666666666,0.0016666666666666,0.0073333333333333,0.0006666666666666,0.0026666666666666,0.0253333333333333,0.0016666666666666
CID005224-1,0.0015748031496062,0.0153543307086614,0.002755905511811,0.0043307086614173,0.0295275590551181,0.0031496062992125,0.0,0.0011811023622047,0.0035433070866141,0.0035433070866141,0.0157480314960629,0.0047244094488188,0.0035433070866141,0.0011811023622047,0.0003937007874015,0.0,0.002755905511811,0.5145669291338583,0.0031496062992125,0.005511811023622,0.2074803149606299,0.0,0.026771653543307,0.0,0.0023622047244094,0.0118110236220472,0.0019685039370078,0.0,0.0019685039370078,0.0,0.0,0.0003937007874015,0.0019685039370078,0.0137795275590551,0.0354330708661417,0.0007874015748031,0.0043307086614173,0.0098425196850393,0.0051181102362204,0.0350393700787401,0.0007874015748031,0.0051181102362204,0.0,0.0070866141732283,0.0007874015748031,0.0023622047244094,0.0003937007874015,0.0015748031496062,0.0047244094488188,0.0015748031496062
CID005225-1,0.0073831009023789,0.0381460213289581,0.0069729286300246,0.0049220672682526,0.1958572600492206,0.0079983593109105,0.0002050861361771,0.0051271534044298,0.0061525840853158,0.0014356029532403,0.0252255947497949,0.0397867104183757,0.0535274815422477,0.0008203445447087,0.0008203445447087,0.0018457752255947,0.0082034454470877,0.0104593929450369,0.0051271534044298,0.0022559474979491,0.2011894995898277,0.0010254306808859,0.1423297785069729,0.0006152584085315,0.0149712879409351,0.0110746513535684,0.0010254306808859,0.0086136177194421,0.0002050861361771,0.0002050861361771,0.0002050861361771,0.0067678424938474,0.0030762920426579,0.0106644790812141,0.0057424118129614,0.0012305168170631,0.013740771123872,0.0024610336341263,0.0102543068088597,0.071780147662018,0.0079983593109105,0.0082034454470877,0.0022559474979491,0.0055373256767842,0.0014356029532403,0.0102543068088597,0.0,0.0030762920426579,0.0307629204265791,0.0010254306808859
CID005416-1,0.0077809798270893,0.0368876080691642,0.0043227665706051,0.0040345821325648,0.1461095100864553,0.0020172910662824,0.0002881844380403,0.0,0.0014409221902017,0.0,0.0057636887608069,0.017579250720461,0.0221902017291066,0.0,0.0005763688760806,0.000864553314121,0.0097982708933717,0.0046109510086455,0.0002881844380403,0.0,0.0112391930835734,0.0005763688760806,0.3599423631123919,0.0023054755043227,0.069164265129683,0.000864553314121,0.0002881844380403,0.000864553314121,0.0,0.0,0.0005763688760806,0.0005763688760806,0.0069164265129683,0.0020172910662824,0.0011527377521613,0.0063400576368876,0.0037463976945244,0.0095100864553314,0.0109510086455331,0.2204610951008645,0.0005763688760806,0.0103746397694524,0.0,0.0005763688760806,0.0028818443804034,0.0066282420749279,0.0002881844380403,0.0028818443804034,0.0037463976945244,0.0
CID005418-1,0.0,0.0040485829959514,0.0,0.0,0.0011567379988432,0.0,0.0,0.0,0.0,0.0,0.0,0.0017351069982648,0.0,0.0,0.0,0.0,0.0005783689994216,0.3863504916136495,0.0115673799884326,0.0,0.5320994794679005,0.0063620589936379,0.0011567379988432,0.0,0.0011567379988432,0.0456911509543088,0.0,0.0,0.0,0.0,0.0,0.0,0.0,0.0,0.0,0.0,0.0,0.0,0.0011567379988432,0.0,0.0,0.0017351069982648,0.0,0.0023134759976865,0.0,0.0011567379988432,0.0,0.0005783689994216,0.0,0.0011567379988432
CID005420-1,0.0183309213699951,0.2884708152436083,0.0012059816690786,0.0014471780028943,0.0045827303424987,0.0021707670043415,0.0,0.0,0.0007235890014471,0.0004823926676314,0.0065123010130246,0.0041003376748673,0.0,0.0002411963338157,0.0002411963338157,0.0002411963338157,0.0004823926676314,0.0,0.0,0.0,0.0,0.0,0.1131210805595755,0.0,0.0094066570188133,0.0,0.0,0.0,0.012301013024602,0.0,0.0033767486734201,0.0,0.0,0.0048239266763145,0.0098890496864447,0.0142305836951278,0.0004823926676314,0.0012059816690786,0.0547515677761698,0.0009647853352629,0.0002411963338157,0.4170284611673902,0.0026531596719729,0.0004823926676314,0.0002411963338157,0.0045827303424987,0.0200192957067052,0.0,0.0009647853352629,0.0
CID005422-1,0.0106712564543889,0.0574870912220309,0.0096385542168674,0.0795180722891566,0.0499139414802065,0.0134251290877796,0.0,0.0003442340791738,0.0079173838209982,0.0013769363166953,0.016867469879518,0.0082616179001721,0.0068846815834767,0.0151462994836488,0.0003442340791738,0.0006884681583476,0.0154905335628227,0.0660929432013769,0.0079173838209982,0.0013769363166953,0.191394148020654,0.0,0.0895008605851979,0.0,0.0189328743545611,0.0344234079173838,0.0006884681583476,0.0165232358003442,0.0017211703958691,0.0,0.0013769363166953,0.0,0.0010327022375215,0.0406196213425129,0.0137693631669535,0.0051635111876075,0.0027538726333907,0.0922547332185886,0.0179001721170395,0.0406196213425129,0.0079173838209982,0.0271944922547332,0.0,0.0030981067125645,0.0,0.0,0.0030981067125645,0.0003442340791738,0.0203098106712564,0.0
CID005424-1,0.0026752273943285,0.0187265917602996,0.0074906367041198,0.0363830925628678,0.1070090957731407,0.0315676832530765,0.0,0.0005350454788657,0.0,0.0005350454788657,0.0117710005350454,0.0219368646334938,0.0128410914927768,0.0058855002675227,0.0,0.0005350454788657,0.0016051364365971,0.0572498662386302,0.005350454788657,0.0021401819154628,0.3857677902621723,0.0,0.088282504012841,0.0026752273943285,0.005350454788657,0.0214018191546281,0.0010700909577314,0.0048154093097913,0.0,0.0,0.0,0.0010700909577314,0.0,0.0406634563937934,0.0149812734082397,0.0016051364365971,0.0048154093097913,0.0267522739432851,0.0037453183520599,0.0358480470840021,0.0021401819154628,0.0032102728731942,0.0,0.0123060460139111,0.0005350454788657,0.0,0.0,0.0026752273943285,0.0160513643659711,0.0
CID005425-1,0.0086848635235732,0.0416873449131513,0.0071960297766749,0.0017369727047146,0.0315136476426799,0.0052109181141439,0.0,0.0024813895781637,0.0034739454094292,0.0024813895781637,0.0468982630272952,0.0109181141439205,0.0014888337468982,0.0009925558312655,0.0007444168734491,0.0007444168734491,0.009925558312655,0.0913151364764268,0.0,0.0,0.0205955334987593,0.0,0.0042183622828784,0.0002481389578163,0.0064516129032258,0.0007444168734491,0.0009925558312655,0.0002481389578163,0.0044665012406947,0.0,0.0,0.0002481389578163,0.0146401985111662,0.0136476426799007,0.0367245657568238,0.0002481389578163,0.0069478908188585,0.0193548387096774,0.0141439205955334,0.5357320099255584,0.0027295285359801,0.0364764267990074,0.0024813895781637,0.0034739454094292,0.001985111662531,0.0029776674937965,0.0002481389578163,0.0,0.0024813895781637,0.0
CID005614-1,0.0105948236718631,0.0195247464810049,0.008778568185258,0.1263811109429393,0.039654911457545,0.0444982594218253,0.0,0.0,0.0037838655970939,0.0001513546238837,0.0408657484486151,0.0198274557287725,0.0052974118359315,0.0263357045557741,0.0016649008627213,0.0009081277433025,0.0046919933403965,0.0161949447555622,0.0028757378537914,0.0071136673225367,0.1395489632208263,0.0022703193582563,0.1363705161192674,0.0021189647343726,0.0234599667019827,0.0074163765703042,0.0004540638716512,0.0068109580747691,0.0018162554866051,0.0,0.0001513546238837,0.00121083699107,0.0015135462388375,0.0588769486907825,0.0051460572120478,0.0137732707734221,0.0060541849553503,0.094445285303466,0.0036325109732102,0.0740124110791584,0.0027243832299076,0.0060541849553503,0.0001513546238837,0.0086272135613743,0.00121083699107,0.0034811563493264,0.0001513546238837,0.0030270924776751,0.016346299379446,0.0
CID005616-1,0.0125494241017706,0.0197696407082688,0.0080797662025098,0.0042977479800584,0.0947223654804882,0.0055011174144748,0.0,0.0055011174144748,0.0013752793536187,0.000515729757607,0.0128932439401753,0.0134089736977823,0.0206291903042805,0.0008595495960116,0.0017190991920233,0.0003438198384046,0.0082516761217122,0.0988482035413443,0.0055011174144748,0.001547189272821,0.1670964414646725,0.0001719099192023,0.0837201306515385,0.0006876396768093,0.040226921093347,0.0051572975760701,0.0003438198384046,0.0053292074952724,0.0,0.0,0.0,0.0,0.0001719099192023,0.0228640192539109,0.0063606670104865,0.0130651538593776,0.0061887570912841,0.0097988653945332,0.0149561629706034,0.2582086986419116,0.0060168471720818,0.0056730273336771,0.0003438198384046,0.0008595495960116,0.000515729757607,0.0001719099192023,0.0001719099192023,0.0027505587072374,0.0319752449716348,0.0008595495960116
CID005618-1,0.0131362889983579,0.016967706622879,0.0091224229155263,0.0286444079547527,0.0386790731618317,0.010034665207079,0.0,0.0007297938332421,0.0049261083743842,0.0014595876664842,0.0176975004561211,0.0173326035395,0.0113118044152526,0.0124064951651158,0.0014595876664842,0.0018244845831052,0.0071154898741105,0.0010946907498631,0.0005473453749315,0.0001824484583105,0.0191570881226053,0.0005473453749315,0.2127349023900748,0.0014595876664842,0.0167852581645685,0.0047436599160737,0.0020069330414158,0.0052910052910052,0.0009122422915526,0.000364896916621,0.0001824484583105,0.0007297938332421,0.0047436599160737,0.037401933953658,0.0147783251231527,0.0576537128261266,0.0176975004561211,0.1227878124429848,0.0083926290822842,0.1384783798576902,0.0111293559569421,0.0085750775405947,0.0007297938332421,0.0054734537493158,0.0010946907498631,0.0045612114577631,0.000364896916621,0.0012771392081736,0.1034482758620689,0.0018244845831052
CID005620-1,0.0084022581068662,0.0332151765787055,0.00603912301431,0.0473939871340422,0.0569778127871865,0.0211369305500853,0.0,0.0101089667848234,0.0128659577261389,0.0034134173559144,0.0535643954312721,0.0319023237495076,0.0157542339503741,0.0119469607457004,0.0014441381121176,0.0018379939608769,0.0061704082972298,0.0077458316922672,0.0032821320729946,0.001181567546278,0.0760141788105553,0.0026257056583956,0.0695811999474858,0.0018379939608769,0.0257319154522778,0.0114218196140212,0.003019561507155,0.0061704082972298,0.001181567546278,0.0003938558487593,0.0,0.0001312852829197,0.0007877116975187,0.0492319810949192,0.0294079033740317,0.006695549428909,0.0231062097938821,0.0941315478534856,0.0082709728239464,0.1357489825390573,0.0277011946960745,0.0149665222528554,0.0017067086779572,0.0270447682814756,0.0010502822633582,0.0059078377313903,0.0001312852829197,0.0040698437705133,0.0370224497833792,0.0005251411316791
CID005844-1,0.0172011042684221,0.0528774686770014,0.004884264174984,0.0002123593119558,0.0195370566999362,0.0125291994053939,0.0,0.0002123593119558,0.003610108303249,0.0010617965597791,0.0566999362922064,0.0025483117434699,0.0,0.0,0.0002123593119558,0.0002123593119558,0.0012741558717349,0.0205988532597154,0.0002123593119558,0.0,0.0363134423444468,0.0023359524315141,0.4119770651943087,0.0008494372478233,0.0327033340411977,0.0025483117434699,0.0004247186239116,0.0025483117434699,0.0490550010617965,0.0,0.0,0.0,0.0108303249097472,0.0380123168400934,0.0176258228923338,0.0265449139944786,0.0019112338076024,0.0093438097260564,0.0373752389042259,0.1008706731790189,0.0006370779358674,0.0095561690380123,0.0012741558717349,0.0019112338076024,0.0008494372478233,0.0031853896793374,0.0057337014228073,0.0008494372478233,0.0008494372478233,0.0
CID005845-1,0.0,0.0,0.0,0.0080862533692722,0.1516172506738544,0.0006738544474393,0.0,0.0,0.0350404312668463,0.0033692722371967,0.0512129380053908,0.1502695417789757,0.0491913746630727,0.0,0.0,0.0,0.0006738544474393,0.0195417789757412,0.0067385444743935,0.0,0.1805929919137466,0.0006738544474393,0.0026954177897574,0.0336927223719676,0.0107816711590296,0.0397574123989218,0.0006738544474393,0.0013477088948787,0.0,0.0,0.0,0.0,0.0,0.0640161725067385,0.0006738544474393,0.0,0.0060646900269541,0.034366576819407,0.0013477088948787,0.0269541778975741,0.0033692722371967,0.0,0.0,0.0788409703504043,0.0,0.0,0.0006738544474393,0.0289757412398921,0.0,0.0080862533692722
CID005860-1,0.0074061012167166,0.0174572385822606,0.0038793863516134,0.0061717510139305,0.076000705342973,0.0035267148651031,0.0,0.0001763357432551,0.0007053429730206,0.0003526714865103,0.0074061012167166,0.0091694586492682,0.0091694586492682,0.0040557220948686,0.0008816787162757,0.0003526714865103,0.0049374008111444,0.0114618233115852,0.0007053429730206,0.0005290072297654,0.0192205960148122,0.0001763357432551,0.3591959090107565,0.0,0.0578381237876917,0.0010580144595309,0.0005290072297654,0.0084641156762475,0.0001763357432551,0.0,0.0005290072297654,0.0014106859460412,0.0,0.0176335743255157,0.002292364662317,0.0275083759478046,0.0049374008111444,0.0088167871627578,0.0052900722976547,0.3055898430611885,0.0001763357432551,0.0051137365543995,0.0,0.0028213718920825,0.0005290072297654,0.0021160289190618,0.0001763357432551,0.0012343502027861,0.0026450361488273,0.0001763357432551
CID005868-1,0.0117270788912579,0.1377398720682302,0.0002132196162046,0.0046908315565031,0.0066098081023454,0.000639658848614,0.0,0.0,0.0025586353944562,0.0010660980810234,0.0031982942430703,0.0023454157782515,0.0,0.0,0.0004264392324093,0.0,0.0014925373134328,0.2027718550106609,0.0019189765458422,0.000639658848614,0.2481876332622601,0.0068230277185501,0.0341151385927505,0.0010660980810234,0.0038379530916844,0.0479744136460554,0.0004264392324093,0.0019189765458422,0.0036247334754797,0.0,0.0,0.0,0.000639658848614,0.0091684434968017,0.0023454157782515,0.0023454157782515,0.0002132196162046,0.0072494669509594,0.020682302771855,0.1509594882729211,0.0031982942430703,0.0601279317697228,0.0017057569296375,0.000639658848614,0.0002132196162046,0.0002132196162046,0.0127931769722814,0.0008528784648187,0.000639658848614,0.0
CID005874-1,0.0107924761023743,0.0203515263644773,0.0107924761023743,0.0863398088189947,0.0699969164353993,0.0385445575084798,0.0,0.0,0.0092506938020351,0.0009250693802035,0.0163428923835954,0.0234350909651557,0.0107924761023743,0.0169596053037311,0.0009250693802035,0.0006167129201356,0.0067838421214924,0.0413197656490903,0.0033919210607462,0.001850138760407,0.0508788159111933,0.001850138760407,0.1520197348134443,0.0231267345050878,0.0188097440641381,0.0172679617637989,0.0012334258402713,0.01140918902251,0.0009250693802035,0.0,0.0,0.0049337033610854,0.0,0.114400246685168,0.0160345359235275,0.0070921985815602,0.0160345359235275,0.0653715695343817,0.0070921985815602,0.0672217082947887,0.0003083564600678,0.0061671292013567,0.0,0.0052420598211532,0.0003083564600678,0.001850138760407,0.0009250693802035,0.0030835646006783,0.0363860622880049,0.0006167129201356
CID005875-1,0.0069582504970178,0.016235917826375,0.0016567263088137,0.1216037110669317,0.0384360503644797,0.0705765407554672,0.0008283631544068,0.0001656726308813,0.0016567263088137,0.0028164347249834,0.0420808482438701,0.0308151093439363,0.0079522862823061,0.0397614314115308,0.0011597084161696,0.0006626905235255,0.0092776673293571,0.0069582504970178,0.0043074884029158,0.0023194168323392,0.0777004638833664,0.0003313452617627,0.0488734261100066,0.0220344599072233,0.0062955599734923,0.0053015241882041,0.0009940357852882,0.0109343936381709,0.0,0.0001656726308813,0.0,0.0014910536779324,0.0004970178926441,0.1399933730947647,0.0016567263088137,0.0024850894632206,0.0051358515573227,0.192677269715043,0.0023194168323392,0.0331345261762756,0.0024850894632206,0.0079522862823061,0.0001656726308813,0.0082836315440689,0.0004970178926441,0.0008283631544068,0.0001656726308813,0.0023194168323392,0.0187210072895957,0.0003313452617627
CID006320-1,0.0161725067385444,0.0748727163821503,0.0080862533692722,0.0086852351003294,0.0721772985923929,0.0131775980832584,0.0,0.011979634621144,0.0095837076969152,0.0011979634621144,0.0500149745432764,0.0685834082060497,0.0263551961665169,0.0026954177897574,0.0,0.0023959269242288,0.0197663971248876,0.011979634621144,0.0002994908655286,0.0,0.1671159029649595,0.0110811620245582,0.0527103923330338,0.0,0.0374363581910751,0.0083857442348008,0.0020964360587002,0.0113806528900868,0.0002994908655286,0.0,0.0,0.0,0.0002994908655286,0.0317460317460317,0.0176699610661874,0.008984725965858,0.0113806528900868,0.0158730158730158,0.0200658879904162,0.0781671159029649,0.0011979634621144,0.0227613057801737,0.0005989817310572,0.002994908655286,0.0005989817310572,0.001497454327643,0.007487271638215,0.0047918538484576,0.0844564240790655,0.0008984725965858
CID006322-1,0.0167597765363128,0.0323693723299375,0.0041077883667433,0.0200460072297075,0.0285902070325336,0.007394019060138,0.0,0.0003286230693394,0.0003286230693394,0.0013144922773578,0.014788038120276,0.035162668419323,0.0062438383174498,0.0077226421294774,0.0008215576733486,0.0003286230693394,0.0054222806441012,0.0542228064410121,0.0046007229707525,0.002464673020046,0.2472888596779494,0.0004929346040092,0.2127834373973053,0.0023003614853762,0.0417351298061123,0.0070653959907985,0.0001643115346697,0.0088728228721656,0.0,0.0,0.0021360499507065,0.0,0.0,0.0142951035162668,0.0082155767334866,0.0054222806441012,0.0134735458429181,0.0754189944134078,0.0046007229707525,0.0714755175813342,0.0016431153466973,0.0101873151495234,0.0003286230693394,0.0044364114360828,0.0001643115346697,0.0008215576733486,0.0003286230693394,0.0064081498521196,0.0162668419323036,0.0006572461386789
CID006328-1,0.0089418777943368,0.1304851796655075,0.001987083954297,0.0180493459181983,0.0352707401887729,0.0076171551581387,0.0,0.0001655903295247,0.0008279516476237,0.0001655903295247,0.0069547938400397,0.0110945520781586,0.0064580228514654,0.0009935419771485,0.0,0.0008279516476237,0.0061268421924159,0.0059612518628912,0.000662361318099,0.0129160457029309,0.2054975989402219,0.0206987911905944,0.2770326212949164,0.0014903129657228,0.0208643815201192,0.0049677098857426,0.0004967709885742,0.0041397582381188,0.0003311806590495,0.0,0.0,0.0,0.0,0.0245073687696638,0.0018214936247723,0.0122536843848319,0.0034773969200198,0.0205332008610697,0.0157310813048517,0.0516641828117237,0.0003311806590495,0.0577910250041397,0.0003311806590495,0.0008279516476237,0.000662361318099,0.0014903129657228,0.0,0.0079483358171882,0.0082795164762377,0.001324722636198
CID006331-1,0.0010311936065996,0.0097963392626965,0.0208816705336426,0.0074761536478473,0.1469450889404485,0.0644496004124774,0.0,0.0048981696313482,0.0203660737303428,0.0043825728280484,0.137148749677752,0.0616138179943284,0.0448569218870843,0.0036091776230987,0.0005155968032998,0.0005155968032998,0.0201082753286929,0.0061871616395978,0.0018045888115493,0.0,0.0574890435679298,0.0020623872131992,0.022686259345192,0.0007733952049497,0.0144367104923949,0.0061871616395978,0.0010311936065996,0.0030935808197989,0.0,0.0,0.0,0.0082495488527971,0.0018045888115493,0.0301624129930394,0.0288734209847898,0.0023201856148491,0.0118587264758958,0.0234596545501417,0.0010311936065996,0.1423047177107502,0.0010311936065996,0.0054137664346481,0.0,0.0185614849187935,0.0010311936065996,0.014178912090745,0.0002577984016499,0.0007733952049497,0.0438257282804846,0.0005155968032998
CID006336-1,0.00792697573865,0.0228200816718712,0.0045640163343742,0.0619745375930819,0.0665385539274561,0.0233005044439106,0.0002402113860196,0.0,0.0009608455440787,0.0002402113860196,0.0112899351429257,0.0136920490031227,0.0184962767235166,0.0160941628633197,0.0009608455440787,0.0002402113860196,0.0052846504924333,0.018976699495556,0.0043238049483545,0.0026423252462166,0.1460485226999759,0.0038433821763151,0.2416526543358155,0.0009608455440787,0.02378092721595,0.0021619024741772,0.000720634158059,0.0093682440547681,0.0,0.0,0.0,0.0028825366322363,0.0084073985106894,0.0345904395868364,0.0012010569300984,0.0172952197934182,0.005524861878453,0.0098486668268075,0.0060052846504924,0.1551765553687245,0.0012010569300984,0.0096084554407878,0.0002402113860196,0.000720634158059,0.0009608455440787,0.0036031707902954,0.0,0.0040835935623348,0.029305789094403,0.0002402113860196
CID006340-1,0.0072438771990341,0.0267333563297688,0.0051741979993101,0.1195239737840634,0.0336322869955156,0.0262159365298378,0.0,0.0079337702656088,0.0056916177992411,0.0037944118661607,0.0489824077268023,0.0150051741979993,0.0250086236633321,0.01879958606416,0.0006898930665746,0.0006898930665746,0.0063815108658157,0.019834425664022,0.000517419799931,0.0,0.0400137978613314,0.004656778199379,0.0275957226629872,0.003621938599517,0.0175922731976543,0.0086236633321835,0.002069679199724,0.003104518799586,0.0032769920662297,0.0012073128665056,0.0,0.0001724732666436,0.0008623663332183,0.0733011383235598,0.0381165919282511,0.0043118316660917,0.0212142117971714,0.177302518109693,0.0298378751293549,0.0677819937909624,0.001034839599862,0.0131079682649189,0.0017247326664367,0.0062090375991721,0.0001724732666436,0.0058640910658847,0.0008623663332183,0.0017247326664367,0.0719213521904104,0.0008623663332183
CID006468-1,0.0036843721215842,0.0250230273257599,0.000460546515198,0.1656432299662266,0.0569542523794903,0.0308566165182683,0.0,0.0,0.0039914031317163,0.00076757752533,0.0176542830825913,0.0130488179306109,0.0201105311636475,0.0342339576297206,0.001074608535462,0.0015351550506601,0.0062941357077064,0.0153515505066011,0.0033773411114522,0.0093644458090267,0.1369358305188824,0.0023027325759901,0.0023027325759901,0.0122812404052809,0.000921093030396,0.0016886705557261,0.000153515505066,0.0081363217684986,0.0,0.000153515505066,0.0,0.000307031010132,0.000460546515198,0.1438440282468529,0.001074608535462,0.0,0.0095179613140927,0.2129260055265582,0.0019957015658581,0.0339269266195885,0.0018421860607921,0.0044519496469143,0.000307031010132,0.0026097635861221,0.001228124040528,0.0013816395455941,0.000307031010132,0.0024562480810561,0.0069081977279705,0.000153515505066
CID006469-1,0.0004309416074121,0.0025856496444731,0.0,0.0071105365223012,0.202758026287438,0.0021547080370609,0.0,0.000215470803706,0.0004309416074121,0.0,0.0043094160741219,0.0161603102779573,0.0848954966602025,0.000215470803706,0.000215470803706,0.0004309416074121,0.0019392372333548,0.0030165912518853,0.0073260073260073,0.0030165912518853,0.2197802197802197,0.0004309416074121,0.0019392372333548,0.0,0.0180995475113122,0.0364145658263305,0.000215470803706,0.006679594914889,0.0,0.0,0.0,0.0004309416074121,0.0092652445593622,0.0312432665373841,0.0012928248222365,0.0004309416074121,0.0012928248222365,0.0004309416074121,0.0043094160741219,0.2904546433958199,0.0,0.00883430295195,0.000215470803706,0.000215470803706,0.0006464124111182,0.0004309416074121,0.0,0.0168067226890756,0.0129282482223658,0.0
CID006478-1,0.0265916645359243,0.0700588084888775,0.0046024034773715,0.0033239580669905,0.0795193045256967,0.009204806954743,0.0002556890820761,0.0007670672462285,0.0194323702377908,0.0020455126566095,0.0250575300434671,0.0130401431858859,0.0153413449245717,0.0015341344924571,0.0002556890820761,0.0010227563283047,0.0048580925594477,0.0086934287905906,0.0017898235745333,0.0020455126566095,0.1217080030682689,0.0214778828944004,0.062899514190744,0.0023012017386857,0.0140628995141907,0.0033239580669905,0.0030682689849143,0.0056251598056762,0.0017898235745333,0.0,0.0,0.0015341344924571,0.0023012017386857,0.0345180260802863,0.0053694707236001,0.0,0.0081820506264382,0.017131168499105,0.0403988749680388,0.2531321912554334,0.0227563283047813,0.0115060086934287,0.0017898235745333,0.0028125799028381,0.0005113781641523,0.0086934287905906,0.0,0.0127844541038097,0.0496036819227818,0.0012784454103809
CID006480-1,0.0041771094402673,0.0659983291562238,0.0008354218880534,0.0008354218880534,0.0827067669172932,0.0008354218880534,0.0,0.0050125313283208,0.0183792815371762,0.0041771094402673,0.0492898913951545,0.1495405179615705,0.0025062656641604,0.0,0.0016708437761069,0.0016708437761069,0.0066833751044277,0.0242272347535505,0.0,0.0200501253132832,0.0543024227234753,0.0008354218880534,0.012531328320802,0.0008354218880534,0.0659983291562238,0.0066833751044277,0.0016708437761069,0.0091896407685881,0.0,0.0008354218880534,0.0,0.0008354218880534,0.0,0.0350877192982456,0.0075187969924812,0.0,0.0593149540517961,0.0434419381787802,0.0192147034252297,0.1286549707602339,0.0267335004177109,0.0284043441938178,0.0008354218880534,0.0091896407685881,0.0016708437761069,0.0175438596491228,0.0,0.0033416875522138,0.0267335004177109,0.0
CID006484-1,0.0078585461689587,0.056237721021611,0.0022102161100196,0.0390471512770137,0.118369351669941,0.0446954813359528,0.0,0.0002455795677799,0.0137524557956778,0.0012278978388998,0.0336444007858546,0.0564833005893909,0.0211198428290766,0.0191552062868369,0.0002455795677799,0.0009823182711198,0.0073673870333988,0.018664047151277,0.0031925343811394,0.0007367387033398,0.0704813359528487,0.0036836935166994,0.005893909626719,0.0049115913555992,0.0582023575638506,0.0157170923379174,0.0002455795677799,0.006139489194499,0.0,0.0,0.0,0.0046660117878192,0.0,0.0633595284872298,0.0019646365422396,0.0,0.0108055009823182,0.0491159135559921,0.0132612966601178,0.1893418467583497,0.0044204322200392,0.0076129666011787,0.0,0.0063850687622789,0.0022102161100196,0.006139489194499,0.0,0.0112966601178781,0.0189096267190569,0.0
CID006486-1,0.0030763971970603,0.0295675952828576,0.0099128354127499,0.0126474106990258,0.0950264911980858,0.0052982396171594,0.0,0.0116219449666723,0.0076909929926508,0.0018800205093146,0.0442659374465903,0.039822252606392,0.0176038284054007,0.0112801230558878,0.0041018629294137,0.0017091095539224,0.0073491710818663,0.0105964792343189,0.0061527943941206,0.0,0.1105793881387797,0.0136728764313792,0.0102546573235344,0.0,0.0396513416509998,0.0083746368142197,0.0010254657323534,0.0049564177063749,0.0001709109553922,0.0,0.0,0.0041018629294137,0.0037600410186292,0.0030763971970603,0.0140146983421637,0.0001709109553922,0.0292257733720731,0.0034182191078448,0.0082037258588275,0.3125961374124081,0.0003418219107844,0.0141856092975559,0.0020509314647068,0.0064946163049051,0.0006836438215689,0.0030763971970603,0.0,0.0047855067509827,0.0799863271235686,0.0015381985985301
CID006493-1,0.008382229673093,0.0444258172673931,0.0022352612461581,0.0128527521654093,0.0810282201732327,0.0162056440346465,0.0,0.0027940765576976,0.0086616373288628,0.0019558535903883,0.0340877340039117,0.0075440067057837,0.0089410449846325,0.0117351215423302,0.001117630623079,0.001117630623079,0.008382229673093,0.0134115674769488,0.0067057837384744,0.0044705224923162,0.1139983235540653,0.0176026823134953,0.0972338642078793,0.0041911148365465,0.0201173512154233,0.0067057837384744,0.0025146689019279,0.0092204526404023,0.0008382229673093,0.0,0.0,0.004749930148086,0.001117630623079,0.0522492316289466,0.004749930148086,0.0025146689019279,0.0245878737077395,0.201173512154233,0.0279407655769768,0.0458228555462419,0.0019558535903883,0.0189997205923442,0.0002794076557697,0.0103380832634814,0.0005588153115395,0.0094998602961721,0.0,0.0086616373288628,0.0363229952500698,0.0
CID006494-1,0.0181323662737987,0.028467815049864,0.0050770625566636,0.1205802357207615,0.0698096101541251,0.0750679963735267,0.0003626473254759,0.0005439709882139,0.0036264732547597,0.0010879419764279,0.0484134179510426,0.0295557570262919,0.0177697189483227,0.0219401631912964,0.0007252946509519,0.0016319129646418,0.0050770625566636,0.0023572076155938,0.0029011786038077,0.0010879419764279,0.1019038984587488,0.0007252946509519,0.0516772438803263,0.0010879419764279,0.0455122393472348,0.0034451495920217,0.0014505893019038,0.013961922030825,0.0,0.0,0.0,0.0016319129646418,0.0061650045330915,0.0529465095194922,0.0027198549410698,0.0018132366273798,0.013599274705349,0.098640072529465,0.0099728014505893,0.0837715321849501,0.0023572076155938,0.0116047144152311,0.0003626473254759,0.0030825022665457,0.0014505893019038,0.0010879419764279,0.0005439709882139,0.0036264732547597,0.0304623753399818,0.0001813236627379
CID006494-2,0.0308742281442963,0.0337991550211244,0.0025999350016249,0.0513487162820929,0.0269743256418589,0.0302242443938901,0.0,0.0,0.0016249593760155,0.0009749756256093,0.0201494962625934,0.0081247968800779,0.0084497887552811,0.0113747156321091,0.0035749106272343,0.0019499512512187,0.011049723756906,0.0048748781280467,0.0064998375040623,0.005524861878453,0.4592135196620084,0.0051998700032499,0.0243743906402339,0.0006499837504062,0.0302242443938901,0.0097497562560935,0.0,0.0051998700032499,0.0,0.0016249593760155,0.0,0.0,0.0048748781280467,0.029899252518687,0.0025999350016249,0.0016249593760155,0.0019499512512187,0.0386740331491712,0.0061748456288592,0.0584985375365615,0.005524861878453,0.029899252518687,0.0003249918752031,0.0012999675008124,0.0012999675008124,0.0019499512512187,0.0003249918752031,0.0032499187520311,0.0149496262593435,0.0006499837504062
CID006515-1,0.0029006526468455,0.0670775924583031,0.0,0.0386149383611312,0.0971718636693255,0.0346265409717186,0.0,0.0009064539521392,0.0056200145032632,0.0048948513415518,0.0380710659898477,0.1011602610587382,0.0123277737490935,0.0065264684554024,0.0,0.0003625815808556,0.0050761421319796,0.0065264684554024,0.0021754894851341,0.001087744742567,0.2083031182015953,0.0005438723712835,0.0027193618564176,0.0021754894851341,0.003444525018129,0.0099709934735315,0.0005438723712835,0.0019941986947063,0.0,0.0001812907904278,0.0,0.0016316171138506,0.0005438723712835,0.089557650471356,0.002356780275562,0.0007251631617113,0.0357142857142857,0.1247280638143582,0.0097897026831036,0.0096084118926758,0.002356780275562,0.0172226250906453,0.0,0.0114213197969543,0.0003625815808556,0.0029006526468455,0.0009064539521392,0.0021754894851341,0.0310007251631617,0.0019941986947063
CID006527-1,0.0140501792114695,0.0949103942652329,0.002437275985663,0.0186379928315412,0.0511827956989247,0.0012903225806451,0.0,0.0010035842293906,0.0027240143369175,0.0001433691756272,0.0124731182795698,0.0044444444444444,0.0020071684587813,0.003584229390681,0.0012903225806451,0.0005734767025089,0.0043010752688172,0.0028673835125448,0.0012903225806451,0.0010035842293906,0.0562007168458781,0.0041577060931899,0.3210035842293907,0.0001433691756272,0.061505376344086,0.0022939068100358,0.0,0.0058781362007168,0.0001433691756272,0.0,0.0002867383512544,0.0002867383512544,0.0015770609318996,0.0002867383512544,0.0037275985663082,0.0054480286738351,0.0133333333333333,0.0093189964157706,0.145089605734767,0.0098924731182795,0.0,0.0622222222222222,0.0022939068100358,0.0022939068100358,0.0010035842293906,0.0011469534050179,0.0540501792114695,0.0078853046594982,0.0073118279569892,0.0010035842293906
CID006542-1,0.0,0.0393759286775631,0.0027241208519068,0.0138682516097077,0.2565626547795938,0.0086676572560673,0.0,0.0004952947003467,0.0101535413571074,0.0004952947003467,0.0287270926201089,0.0160970777612679,0.0430906389301634,0.0009905894006934,0.0002476473501733,0.0002476473501733,0.0076770678553739,0.0044576523031203,0.0029717682020802,0.0052005943536404,0.1394254581475978,0.0284794452699356,0.0128776622090143,0.0,0.0183259039128281,0.0047052996532937,0.00074294205052,0.0269935611688954,0.0,0.0,0.0,0.0009905894006934,0.00074294205052,0.1263001485884101,0.0019811788013868,0.0002476473501733,0.0017335314512134,0.0448241703813769,0.0032194155522535,0.0601783060921248,0.0004952947003467,0.016840019811788,0.0002476473501733,0.0022288261515601,0.0009905894006934,0.0002476473501733,0.0,0.0052005943536404,0.0510153541357107,0.0089153046062407
CID006544-1,0.0081654872074033,0.090364725095264,0.0016330974414806,0.0016330974414806,0.0370168753402286,0.0032661948829613,0.0,0.0016330974414806,0.0054436581382689,0.0010887316276537,0.0353837778987479,0.0212302667392487,0.0054436581382689,0.0005443658138268,0.0,0.0065323897659227,0.0125204137180185,0.0136091453456722,0.0081654872074033,0.0,0.2934131736526946,0.0206859009254218,0.0179640718562874,0.0059880239520958,0.0544365813826891,0.0136091453456722,0.0027218290691344,0.0054436581382689,0.0,0.0005443658138268,0.0,0.0005443658138268,0.0010887316276537,0.0283070223189983,0.0065323897659227,0.0,0.0326619488296135,0.0495372890582471,0.029940119760479,0.0729450190528034,0.0043549265106151,0.0206859009254218,0.0043549265106151,0.0043549265106151,0.0016330974414806,0.0130647795318454,0.0,0.0370168753402286,0.0212302667392487,0.0032661948829613
CID006548-1,0.0091962479308442,0.0862608055913187,0.0007356998344675,0.0590399117160198,0.0590399117160198,0.0231745447857274,0.0,0.0036784991723376,0.0027588743792532,0.0007356998344675,0.0358653669302924,0.0595916865918705,0.0090123229722273,0.0134265219790325,0.0001839249586168,0.0,0.007908773220526,0.0040463490895714,0.0012874747103181,0.0005517748758506,0.0351296670958249,0.0057016737171234,0.006253448592974,0.001471399668935,0.0191281956961559,0.0080926981791429,0.0005517748758506,0.0025749494206363,0.0005517748758506,0.0,0.0018392495861688,0.0007356998344675,0.0012874747103181,0.0526025381644289,0.0114033474342468,0.0009196247930844,0.0139782968548832,0.1467721169762736,0.0091962479308442,0.1942247562994298,0.0125068971859481,0.0573845870884679,0.0040463490895714,0.0025749494206363,0.0,0.0003678499172337,0.001471399668935,0.0036784991723376,0.0279565937097664,0.0011035497517013
CID006551-1,0.0074181291840057,0.258187081599421,0.0009046499004885,0.0027139497014655,0.2355708340872082,0.0112176587660575,0.0,0.0012665098606839,0.0113985887461552,0.0005427899402931,0.030939026596707,0.0472227248055002,0.0307580966166093,0.0016283698208793,0.0,0.0003618599601954,0.0014474398407816,0.0209878776913334,0.0010855798805862,0.0001809299800977,0.1053012484168626,0.0009046499004885,0.0280441469151438,0.0,0.0448706350642301,0.0034376696218563,0.0007237199203908,0.0047041794825402,0.0,0.0,0.0010855798805862,0.0007237199203908,0.0003618599601954,0.0218925275918219,0.0110367287859598,0.0010855798805862,0.0083227790844943,0.0003618599601954,0.0175502080694771,0.0123032386466437,0.0,0.0593450334720463,0.0,0.0012665098606839,0.0009046499004885,0.0023520897412701,0.0,0.0003618599601954,0.0090464990048851,0.0001809299800977
CID007329-1,0.0119216576781152,0.2196991200681237,0.0031223389156968,0.0017030939540164,0.0632983252909452,0.0017030939540164,0.0,0.0087993187624183,0.0207209764405336,0.0014192449616803,0.0105024127164348,0.003690036900369,0.0107862617087709,0.0011353959693443,0.0,0.000283848992336,0.0014192449616803,0.0164632415554924,0.0025546409310246,0.0,0.0334941810956571,0.0045415838773772,0.0428611978427476,0.0,0.0289525972182798,0.0068123758160658,0.0,0.0034061879080329,0.0028384899233607,0.0,0.0,0.0,0.0005676979846721,0.0028384899233607,0.007663922793074,0.0005676979846721,0.0019869429463525,0.0005676979846721,0.033210332103321,0.2086290093670167,0.0718137950610275,0.1072949191030371,0.03690036900369,0.0175986375248367,0.000283848992336,0.0008515469770082,0.0,0.000283848992336,0.0065285268237297,0.000283848992336
CID007330-1,0.0052694203637599,0.0329763725990141,0.0067992520822709,0.0260071392146863,0.22760496345402,0.048784633690294,0.0001699813020567,0.0010198878123406,0.0035696073431922,0.0010198878123406,0.0975692673805881,0.0362060173380928,0.0904300526942036,0.0054394016658167,0.0020397756246812,0.0010198878123406,0.0258371579126296,0.0033996260411354,0.0033996260411354,0.0,0.0812510623831378,0.000679925208227,0.0356960734319224,0.0,0.0197178310385857,0.009009009009009,0.0001699813020567,0.041305456399796,0.0,0.0,0.0,0.0023797382287948,0.0096889342172361,0.0001699813020567,0.0083290838007819,0.0005099439061703,0.0236274009858915,0.0,0.0033996260411354,0.0001699813020567,0.0,0.0118986911439741,0.0005099439061703,0.0166581676015638,0.0010198878123406,0.0005099439061703,0.0001699813020567,0.0020397756246812,0.1118476967533571,0.000679925208227
CID007338-1,0.0168389955686853,0.0295420974889217,0.0067946824224519,0.021861152141802,0.038109305760709,0.0129985228951255,0.0,0.0073855243722304,0.0091580502215657,0.0044313146233382,0.0676514032496307,0.0197932053175775,0.0094534711964549,0.0115214180206794,0.0020679468242245,0.0005908419497784,0.010930576070901,0.0124076809453471,0.0032496307237813,0.0002954209748892,0.1967503692762186,0.0056129985228951,0.0537666174298375,0.0,0.038109305760709,0.0457902511078286,0.0038404726735598,0.0100443131462333,0.0032496307237813,0.0,0.0,0.0029542097488921,0.0038404726735598,0.0549483013293943,0.0265878877400295,0.0047267355982274,0.0292466765140324,0.0392909896602658,0.0257016248153618,0.062629246676514,0.0026587887740029,0.0189069423929098,0.0011816838995568,0.0067946824224519,0.0002954209748892,0.010930576070901,0.0,0.001477104874446,0.0652880354505169,0.0002954209748892
CID007346-1,0.0038392050587172,0.0266485998193315,0.0040650406504065,0.0079042457091237,0.1397922312556458,0.0038392050587172,0.0,0.0029358626919602,0.0024841915085817,0.0004516711833785,0.021680216802168,0.0173893405600722,0.0212285456187895,0.0029358626919602,0.0015808491418247,0.0006775067750677,0.0121951219512195,0.0503613369467028,0.0040650406504065,0.0013550135501355,0.3340108401084011,0.0,0.0984643179765131,0.0,0.007226738934056,0.0051942186088527,0.0004516711833785,0.0128726287262872,0.0,0.0,0.0,0.0029358626919602,0.0,0.012646793134598,0.000903342366757,0.0011291779584462,0.0029358626919602,0.0,0.005420054200542,0.1192411924119241,0.0020325203252032,0.0151309846431797,0.0006775067750677,0.0024841915085817,0.0004516711833785,0.0004516711833785,0.0002258355916892,0.002710027100271,0.046070460704607,0.000903342366757
CID007352-1,0.0044052863436123,0.0565731509390215,0.0009274287039183,0.0755854393693484,0.0897287271041038,0.0609784372826339,0.0,0.0,0.0030141432877347,0.0013911430558775,0.0201715743102249,0.0025504289357755,0.0020867145838163,0.0197078599582657,0.0002318571759795,0.0006955715279387,0.0032460004637143,0.0053327150475307,0.0011592858798979,0.0039415719916531,0.1031764433109204,0.0018548574078367,0.0067238581034083,0.0136795733827961,0.0051008578715511,0.0044052863436123,0.0023185717597959,0.0018548574078367,0.0002318571759795,0.0009274287039183,0.0,0.0,0.0004637143519591,0.1256665893809413,0.0009274287039183,0.0004637143519591,0.0009274287039183,0.2198006028286575,0.0125202875028982,0.1059587294226756,0.0030141432877347,0.0204034314862044,0.0011592858798979,0.0037097148156735,0.0006955715279387,0.0023185717597959,0.0011592858798979,0.0069557152793878,0.0018548574078367,0.0
CID007358-1,0.0067376657248424,0.053031949576179,0.0017387524451206,0.0908498152575527,0.0441208432949358,0.0702021299717452,0.0,0.0036948489458813,0.0178222125624864,0.0060856335579221,0.0482503803520973,0.0169528363399261,0.0008693762225603,0.0262986307324494,0.0008693762225603,0.0015214083894805,0.0078243860030428,0.008476418169963,0.0013040643338404,0.0004346881112801,0.0408606824603347,0.0006520321669202,0.0065203216692023,0.0093457943925233,0.0134753314496848,0.0219517496196479,0.003042816778961,0.0021734405564007,0.0021734405564007,0.0017387524451206,0.0,0.00021734405564,0.0034775048902412,0.0854162138665507,0.0119539230602043,0.0004346881112801,0.0065203216692023,0.1888719843512279,0.013910019560965,0.11128015648772,0.0152140838948054,0.0204303412301673,0.0041295370571614,0.0095631384481634,0.0010867202782003,0.0089111062812432,0.00021734405564,0.0010867202782003,0.0078243860030428,0.0004346881112801
CID007659-1,0.0015323992994746,0.0151050788091068,0.0041593695271453,0.0313047285464098,0.0652364273204903,0.0612959719789842,0.0002189141856392,0.0041593695271453,0.0199211908931698,0.0010945709281961,0.1048598949211909,0.0888791593695271,0.0087565674255691,0.0045971978984238,0.0010945709281961,0.0004378283712784,0.0098511383537653,0.009632224168126,0.0056917688266199,0.0041593695271453,0.196584938704028,0.0024080560420315,0.0070052539404553,0.0008756567425569,0.0035026269702276,0.0319614711033275,0.0006567425569176,0.009632224168126,0.0,0.0002189141856392,0.0,0.0004378283712784,0.0004378283712784,0.0450963222416812,0.021015761821366,0.0,0.0161996497373029,0.0799036777583187,0.0026269702276707,0.0834063047285464,0.0008756567425569,0.015323992994746,0.0,0.0065674255691768,0.0,0.0013134851138353,0.0,0.0039404553415061,0.0280210157618213,0.0
CID007661-1,0.0081359609473874,0.0488157656843247,0.0034351835111191,0.0410414030012655,0.0432109925872355,0.0169951184234315,0.0001807991321641,0.0048815765684324,0.0081359609473874,0.0005423973964924,0.042668595190743,0.0544205387814138,0.0128367383836557,0.0359790273006689,0.0009039956608208,0.0,0.0157295244982824,0.022961489784849,0.0019887904538058,0.0077743626830591,0.2133429759537154,0.0016271921894774,0.027300668956789,0.0009039956608208,0.0084975592117157,0.0160911227626107,0.0019887904538058,0.0104863496655216,0.0005423973964924,0.0009039956608208,0.0009039956608208,0.0041583800397758,0.0003615982643283,0.0379678177544747,0.018622310612909,0.0003615982643283,0.0128367383836557,0.1372265413126017,0.0092207557403724,0.016452721026939,0.0007231965286566,0.0236846863135056,0.0005423973964924,0.0052431748327608,0.0,0.0028927861146266,0.0019887904538058,0.0010847947929849,0.0730428493943229,0.0003615982643283
CID007664-1,0.0104790419161676,0.0586826347305389,0.0119760479041916,0.0023952095808383,0.0766467065868263,0.0053892215568862,0.0,0.0,0.0011976047904191,0.0002994011976047,0.0194610778443113,0.0257485029940119,0.0149700598802395,0.0,0.0035928143712574,0.0023952095808383,0.0131736526946107,0.0323353293413173,0.0050898203592814,0.0002994011976047,0.1907185628742514,0.0005988023952095,0.0583832335329341,0.0008982035928143,0.0458083832335329,0.0089820359281437,0.0,0.0119760479041916,0.0,0.0,0.0,0.0011976047904191,0.0011976047904191,0.0119760479041916,0.0020958083832335,0.0023952095808383,0.0080838323353293,0.0,0.0146706586826347,0.3206586826347305,0.0032934131736526,0.0110778443113772,0.0002994011976047,0.0011976047904191,0.0020958083832335,0.0062874251497005,0.0002994011976047,0.0077844311377245,0.0038922155688622,0.0
CID007665-1,0.0073931211828993,0.1022179363548698,0.003214400514304,0.0019286403085824,0.0639665702346512,0.0408228865316618,0.0003214400514304,0.0019286403085824,0.0334297653487624,0.0115718418514946,0.0691096110575377,0.0099646415943426,0.0061073609771777,0.0003214400514304,0.001607200257152,0.0019286403085824,0.0041787206685953,0.0183220829315332,0.0012857602057216,0.001607200257152,0.0623593699774992,0.0048216007714561,0.0096432015429122,0.0131790421086467,0.0151076824172291,0.0234651237544198,0.0009643201542912,0.0144648023143683,0.001607200257152,0.0,0.0,0.0009643201542912,0.001607200257152,0.0527161684345869,0.0144648023143683,0.0003214400514304,0.0080360012857602,0.0141433622629379,0.0495017679202828,0.2616522018643523,0.0163934426229508,0.0247508839601414,0.0077145612343297,0.0041787206685953,0.001607200257152,0.003214400514304,0.0,0.0048216007714561,0.0070716811314689,0.0
CID007666-1,0.011437908496732,0.0667600373482726,0.0086367880485527,0.0133053221288515,0.0231092436974789,0.0093370681605975,0.0,0.0063025210084033,0.0280112044817927,0.0042016806722689,0.0849673202614379,0.0252100840336134,0.0116713352007469,0.0032679738562091,0.0011671335200746,0.0004668534080298,0.0053688141923436,0.0158730158730158,0.0039682539682539,0.0023342670401493,0.0714285714285714,0.0009337068160597,0.0352474323062558,0.0004668534080298,0.015172735760971,0.0333800186741363,0.0002334267040149,0.0063025210084033,0.0014005602240896,0.0,0.0,0.0004668534080298,0.0028011204481792,0.0179738562091503,0.0233426704014939,0.0039682539682539,0.0179738562091503,0.0233426704014939,0.0168067226890756,0.2868814192343604,0.0399159663865546,0.0249766573295985,0.0023342670401493,0.0147058823529411,0.0004668534080298,0.0002334267040149,0.0,0.0011671335200746,0.0326797385620915,0.0
CID007667-1,0.0035381750465549,0.0068901303538175,0.0050279329608938,0.0160148975791433,0.0649906890130353,0.045437616387337,0.0001862197392923,0.0014897579143389,0.0093109869646182,0.000558659217877,0.0281191806331471,0.0195530726256983,0.1076350093109869,0.0074487895716946,0.0039106145251396,0.0007448789571694,0.0143389199255121,0.0108007448789571,0.004096834264432,0.0029795158286778,0.1614525139664804,0.0014897579143389,0.0076350093109869,0.0003724394785847,0.0162011173184357,0.0128491620111731,0.0007448789571694,0.0312849162011173,0.0,0.0,0.0,0.0007448789571694,0.0001862197392923,0.0752327746741154,0.0070763500931098,0.0001862197392923,0.0104283054003724,0.0472998137802607,0.0091247672253258,0.131657355679702,0.0018621973929236,0.0054003724394785,0.0,0.0018621973929236,0.0009310986964618,0.0011173184357541,0.0,0.0016759776536312,0.1195530726256983,0.000558659217877
CID007672-1,0.0090826521344232,0.1226158038147139,0.0004541326067211,0.0154405086285195,0.0254314259763851,0.0408719346049046,0.0,0.0,0.0013623978201634,0.0018165304268846,0.0277020890099909,0.011353315168029,0.0009082652134423,0.0059037238873751,0.0,0.0018165304268846,0.0045413260672116,0.008628519527702,0.0013623978201634,0.0,0.0663033605812897,0.0040871934604904,0.0122615803814713,0.0299727520435967,0.0313351498637602,0.0127157129881925,0.0009082652134423,0.0004541326067211,0.0049954586739327,0.0009082652134423,0.0,0.0,0.1680290644868301,0.1135331516802906,0.0063578564940962,0.0013623978201634,0.0004541326067211,0.0735694822888283,0.0399636693914623,0.0944595821980018,0.0068119891008174,0.0358764759309718,0.0009082652134423,0.0040871934604904,0.0022706630336058,0.0031789282470481,0.0,0.0040871934604904,0.0013623978201634,0.0004541326067211
CID007676-1,0.0082055711509393,0.0446987691643273,0.0,0.0200820557115093,0.1651911034333837,0.131721010580868,0.0,0.0002159360829194,0.0053984020729863,0.0015115525804361,0.0382206866767436,0.0092852515655366,0.0049665299071474,0.0010796804145972,0.0002159360829194,0.0002159360829194,0.0008637443316778,0.0159792701360397,0.0,0.0060462103217447,0.1604405096091556,0.007125890736342,0.1012740228892248,0.0181386309652342,0.0015115525804361,0.0099330598142949,0.0012956164975167,0.004750593824228,0.0043187216583891,0.0002159360829194,0.0,0.0,0.0002159360829194,0.0654286331245951,0.0021593608291945,0.0066940185705031,0.0028071690779529,0.019434247462751,0.0110127402288922,0.0980349816454329,0.0021593608291945,0.0133880371410062,0.0025912329950334,0.0041027855754696,0.0002159360829194,0.0004318721658389,0.0015115525804361,0.0045346577413085,0.0019434247462751,0.0004318721658389
CID007681-1,0.0062079668908432,0.0274185204345576,0.0049146404552509,0.0111226073460941,0.0801862390067253,0.011639937920331,0.0,0.0002586652871184,0.0069839627521986,0.0005173305742369,0.007759958613554,0.0157785825142265,0.016037247801345,0.0023279875840662,0.0015519917227108,0.0,0.0087946197620279,0.0111226073460941,0.0100879461976202,0.0597516813243662,0.3119503362648732,0.0002586652871184,0.0020693222969477,0.0036213140196585,0.0031039834454216,0.0398344542162441,0.0007759958613554,0.0165545783755819,0.0,0.0,0.0,0.0028453181583031,0.0025866528711846,0.0481117434040351,0.0023279875840662,0.0,0.0046559751681324,0.036471805483704,0.003879979306777,0.1921883083290222,0.0031039834454216,0.0108639420589756,0.0002586652871184,0.0012933264355923,0.0002586652871184,0.0010346611484738,0.0,0.0015519917227108,0.0279358510087946,0.0
CID007688-1,0.0014749262536873,0.0534660766961651,0.0018436578171091,0.0003687315634218,0.0044247787610619,0.0003687315634218,0.0,0.0,0.0,0.0,0.0073746312684365,0.0025811209439528,0.0025811209439528,0.0,0.0,0.0003687315634218,0.0,0.0169616519174041,0.0176991150442477,0.0007374631268436,0.7205014749262537,0.0044247787610619,0.0022123893805309,0.0,0.0018436578171091,0.0977138643067846,0.0,0.0029498525073746,0.0,0.0,0.0,0.0,0.0,0.0022123893805309,0.0011061946902654,0.0022123893805309,0.0014749262536873,0.006268436578171,0.0040560471976401,0.0092182890855457,0.0,0.0184365781710914,0.0,0.0003687315634218,0.0,0.0,0.0092182890855457,0.0003687315634218,0.0051622418879056,0.0
CID007694-1,0.0047742192162323,0.0481400437636761,0.0029838870101452,0.0288442410980704,0.0407797891386512,0.0131291028446389,0.0,0.0003978516013526,0.0045752934155559,0.0009946290033817,0.0105430674358464,0.0284463894967177,0.0282474636960413,0.0113387706385518,0.0007957032027053,0.001193554804058,0.0045752934155559,0.055500298388701,0.0043763676148796,0.0093495126317883,0.2737219017306544,0.0055699224189377,0.009747364233141,0.0015914064054107,0.0043763676148796,0.0131291028446389,0.000596777402029,0.0093495126317883,0.0,0.0,0.0007957032027053,0.0001989258006763,0.0,0.0407797891386512,0.0023871096081161,0.0009946290033817,0.0047742192162323,0.0135269544459916,0.0105430674358464,0.1340759896558583,0.0053709966182613,0.018897951064253,0.0001989258006763,0.0025860354087925,0.0001989258006763,0.0019892580067634,0.0419733439427093,0.0009946290033817,0.0998607519395265,0.0027849612094688
CID007697-1,0.0070936359951357,0.0125658694770976,0.0070936359951357,0.0024321037697608,0.1185650587758411,0.0042561815970814,0.0,0.0002026753141467,0.0008107012565869,0.0,0.0042561815970814,0.0101337657073368,0.0267531414673692,0.0010133765707336,0.0006080259424402,0.0006080259424402,0.0105391163356303,0.0050668828536684,0.0014187271990271,0.0018240778273206,0.0632346980137819,0.0018240778273206,0.271179570328334,0.0,0.0368869071747061,0.0036481556546412,0.0004053506282934,0.0042561815970814,0.0,0.0,0.0,0.0,0.0010133765707336,0.0310093230644507,0.0010133765707336,0.0048642075395216,0.0036481556546412,0.0016214025131738,0.0139845966761248,0.310498581272801,0.0002026753141467,0.0050668828536684,0.0006080259424402,0.0004053506282934,0.0004053506282934,0.0004053506282934,0.0,0.0008107012565869,0.0277665180381029,0.0
CID007704-1,0.0161943319838056,0.082995951417004,0.0015182186234817,0.0121457489878542,0.1169028340080971,0.0121457489878542,0.0,0.0212550607287449,0.0227732793522267,0.0025303643724696,0.0566801619433198,0.0566801619433198,0.0116396761133603,0.0060728744939271,0.0010121457489878,0.0030364372469635,0.006578947368421,0.0010121457489878,0.0030364372469635,0.0,0.1487854251012145,0.0227732793522267,0.0121457489878542,0.0030364372469635,0.0192307692307692,0.0334008097165991,0.0030364372469635,0.0035425101214574,0.0,0.0,0.0,0.0040485829959514,0.0005060728744939,0.0288461538461538,0.0070850202429149,0.0010121457489878,0.0232793522267206,0.0359311740890688,0.0349190283400809,0.0774291497975708,0.0020242914979757,0.013663967611336,0.0010121457489878,0.0055668016194331,0.0025303643724696,0.0091093117408906,0.0,0.0151821862348178,0.0566801619433198,0.0010121457489878
CID007707-1,0.0138648180242634,0.0291738879260543,0.0008665511265164,0.0837666088965915,0.0632582322357019,0.0499711149624494,0.0,0.0028885037550548,0.0057770075101097,0.0017331022530329,0.0332177931831311,0.0037550548815713,0.0011554015020219,0.0265742345465049,0.0,0.0008665511265164,0.0063547082611207,0.0615251299826689,0.0060658578856152,0.0002888503755054,0.2073945696129405,0.0043327556325823,0.0153090699017908,0.0037550548815713,0.0034662045060658,0.0233968804159445,0.0025996533795493,0.0008665511265164,0.0,0.0,0.0,0.0,0.0002888503755054,0.0797227036395147,0.0020219526285384,0.0011554015020219,0.0025996533795493,0.2027729636048527,0.0124205661467359,0.0150202195262853,0.0005777007510109,0.0164644714038128,0.0002888503755054,0.0049104563835932,0.0014442518775274,0.0040439052570768,0.0017331022530329,0.0002888503755054,0.0017331022530329,0.0002888503755054
CID007825-1,0.0008973975471133,0.0116661681124738,0.0068800478612025,0.0062817828297935,0.135507029614119,0.0134609632067005,0.0,0.0,0.0008973975471133,0.0,0.0179479509422674,0.0092731079868381,0.0215375411307209,0.0026921926413401,0.0026921926413401,0.0017947950942267,0.0110679030810649,0.017050553395154,0.0014956625785222,0.0044869877355668,0.1187556087346694,0.0002991325157044,0.0008973975471133,0.0002991325157044,0.0038887227041579,0.0041878552198623,0.0005982650314089,0.0490577325755309,0.0,0.0002991325157044,0.0,0.0,0.0,0.0532455877953933,0.0020939276099311,0.0,0.0113670355967693,0.0125635656595871,0.0029913251570445,0.4256655698474424,0.0002991325157044,0.0005982650314089,0.0,0.0026921926413401,0.0005982650314089,0.0008973975471133,0.0,0.0092731079868381,0.0332037092431947,0.0005982650314089
CID007827-1,0.0009197516670498,0.0151759025063232,0.0011496895838123,0.0312715566796964,0.3076569326281904,0.008277765003449,0.0,0.0011496895838123,0.0006898137502874,0.0,0.0172453437571855,0.026212922510922,0.0308116808461715,0.0062083237525868,0.0002299379167624,0.0009197516670498,0.0085077029202115,0.0048286962520119,0.0018395033340997,0.0121867095884111,0.079558519199816,0.0,0.0045987583352494,0.0206944125086226,0.0006898137502874,0.004368820418487,0.0036790066681995,0.026212922510922,0.0,0.0002299379167624,0.0002299379167624,0.0004598758335249,0.0006898137502874,0.1117498275465624,0.0006898137502874,0.0002299379167624,0.0064382616693492,0.1315244883881352,0.0025293170843872,0.1000229937916762,0.0011496895838123,0.0020694412508622,0.0002299379167624,0.003908944584962,0.0004598758335249,0.0027592550011496,0.0,0.0112669579213612,0.0075879512531616,0.0006898137502874
CID007829-1,0.0001878639864737,0.0063873755401089,0.0016907758782641,0.0281795979710689,0.2058989291752771,0.0871688897238399,0.0,0.0159684388502724,0.0052601916212662,0.0060116475671613,0.1570542926920909,0.0338155175652827,0.0095810633101634,0.0039451437159496,0.0003757279729475,0.0013150479053165,0.0013150479053165,0.0030058237835806,0.0003757279729475,0.0011271839188427,0.0043208716888972,0.0,0.0018786398647379,0.0071388314860041,0.0300582378358068,0.0007514559458951,0.0011271839188427,0.0071388314860041,0.0,0.0028179597971068,0.0,0.0005635919594213,0.0005635919594213,0.1136577118166447,0.009017471350742,0.0005635919594213,0.0539169641179785,0.1065188803306406,0.014465526958482,0.0246101822280668,0.0013150479053165,0.0018786398647379,0.0001878639864737,0.0210407664850648,0.0001878639864737,0.0026300958106331,0.0,0.0015029118917903,0.0216043584444861,0.0018786398647379
CID007845-1,0.0164502164502164,0.0623376623376623,0.0008658008658008,0.0242424242424242,0.1086580086580086,0.0025974025974025,0.0,0.0,0.0025974025974025,0.0004329004329004,0.019047619047619,0.0064935064935064,0.0064935064935064,0.0073593073593073,0.0021645021645021,0.0186147186147186,0.0047619047619047,0.0099567099567099,0.0038961038961038,0.0082251082251082,0.216017316017316,0.0025974025974025,0.0082251082251082,0.0021645021645021,0.0484848484848484,0.0129870129870129,0.003030303030303,0.0255411255411255,0.0,0.0,0.0,0.0017316017316017,0.0025974025974025,0.0203463203463203,0.0186147186147186,0.0,0.0194805194805194,0.0761904761904762,0.0714285714285714,0.0034632034632034,0.0004329004329004,0.0627705627705627,0.0,0.0025974025974025,0.0017316017316017,0.032034632034632,0.0,0.0121212121212121,0.0497835497835497,0.0004329004329004
CID007847-1,0.0037778617302606,0.0272006044578768,0.0077446165470343,0.0054778995088779,0.1250472232716282,0.0279561768039289,0.000377786173026,0.000188893086513,0.0041556479032867,0.000377786173026,0.0166225916131469,0.0328673970532678,0.0211560256894597,0.0017000377786173,0.0037778617302606,0.0039667548167737,0.0164336985266339,0.0181337363052512,0.0028333962976955,0.0081224027200604,0.1205137891953154,0.0035889686437476,0.0587457499055534,0.0092557612391386,0.0154892330940687,0.0032111824707215,0.000188893086513,0.0162448054401208,0.0,0.0,0.0,0.0007555723460521,0.0022667170381564,0.0738571968265961,0.0018889308651303,0.000188893086513,0.011333585190782,0.0653570079335096,0.0041556479032867,0.2338496411031356,0.0007555723460521,0.0217227049489988,0.000188893086513,0.0030222893842085,0.0013222516055912,0.0037778617302606,0.0007555723460521,0.0028333962976955,0.0168114846996599,0.0
CID007849-1,0.0076548364648573,0.0349686847599164,0.0015657620041753,0.0367084203201113,0.0351426583159359,0.0935977731384829,0.0008698677800974,0.0006958942240779,0.0045233124565066,0.0041753653444676,0.0440153096729297,0.0177453027139874,0.0024356297842727,0.0123521224773834,0.0,0.0,0.0008698677800974,0.0219206680584551,0.0015657620041753,0.0,0.0974251913709116,0.0020876826722338,0.0085247042449547,0.0415796798886569,0.0013917884481558,0.0255741127348643,0.0005219206680584,0.0001739735560194,0.0026096033402922,0.0001739735560194,0.0,0.0001739735560194,0.0008698677800974,0.0532359081419624,0.005393180236604,0.0026096033402922,0.0102644398051496,0.0636743215031315,0.0180932498260264,0.2896659707724426,0.0163535142658315,0.0130480167014613,0.0045233124565066,0.0120041753653444,0.0006958942240779,0.0019137091162143,0.0003479471120389,0.0017397355601948,0.0043493389004871,0.0001739735560194
CID008109-1,0.0006982265046781,0.0036307778243262,0.0016757436112274,0.2658846529814271,0.0511101801424382,0.0213657310431504,0.0,0.0,0.0016757436112274,0.0008378718056137,0.0310012568077084,0.0121491411813992,0.0057254573383605,0.0467811758134338,0.0023739701159055,0.0033514872224549,0.005166876134618,0.0015360983102918,0.0005585812037424,0.0023739701159055,0.129451193967323,0.0018153889121631,0.0046082949308755,0.0026532607177768,0.0002792906018712,0.0100544616673648,0.0016757436112274,0.0025136154168412,0.0,0.0006982265046781,0.0001396453009356,0.0004189359028068,0.0,0.0541823767630219,0.0016757436112274,0.0,0.0034911325233905,0.2802681189777964,0.0005585812037424,0.0065633291439743,0.0030721966205837,0.0020946795140343,0.0,0.0057254573383605,0.0004189359028068,0.0023739701159055,0.0,0.0069822650467811,0.0199692780337941,0.0004189359028068
CID008114-1,0.0024079807361541,0.0110079119367045,0.0030959752321981,0.1482628138974888,0.0497076023391812,0.1603027175782593,0.000171998624011,0.000687994496044,0.0147918816649466,0.0039559683522531,0.0730994152046783,0.022875816993464,0.0055039559683522,0.0428276573787409,0.000343997248022,0.000343997248022,0.0053319573443412,0.001375988992088,0.000859993120055,0.000859993120055,0.0466116271069831,0.000687994496044,0.0130718954248366,0.023735810113519,0.000859993120055,0.0056759545923632,0.000687994496044,0.0053319573443412,0.0,0.000859993120055,0.0,0.0,0.000171998624011,0.0533195734434124,0.0154798761609907,0.001203990368077,0.0037839697282421,0.1259029927760578,0.0030959752321981,0.1080151358789129,0.001031991744066,0.0073959408324733,0.000687994496044,0.0060199518403852,0.000515995872033,0.0048159614723082,0.000687994496044,0.000515995872033,0.021843825249398,0.000171998624011
CID008122-1,0.0063191153238546,0.0695102685624012,0.0002632964718272,0.0052659294365455,0.1003159557661927,0.0021063717746182,0.0,0.0002632964718272,0.0015797788309636,0.0,0.0021063717746182,0.0044760400210637,0.0215903106898367,0.0015797788309636,0.0,0.0002632964718272,0.0005265929436545,0.0168509741969457,0.0073723012111637,0.0015797788309636,0.3788836229594523,0.0416008425487098,0.0097419694576092,0.0,0.0263296471827277,0.0110584518167456,0.0,0.0089520800421274,0.0,0.0,0.0,0.0,0.0,0.0573986308583465,0.0,0.0,0.0039494470774091,0.0021063717746182,0.0031595576619273,0.1666666666666666,0.0002632964718272,0.0231700895208004,0.0,0.0,0.0,0.0007898894154818,0.0,0.0100052659294365,0.0139547130068457,0.0
CID008457-1,0.0120680197476686,0.0751508502468458,0.0027427317608337,0.0049369171695008,0.0466264399341744,0.0076796489303346,0.0,0.0126165660998354,0.004388370817334,0.0005485463521667,0.0296215030170049,0.0230389467910038,0.0049369171695008,0.0016456390565002,0.0010970927043335,0.0010970927043335,0.0032912781130005,0.0104223806911684,0.0082281952825013,0.0,0.0427866154690071,0.0093252879868348,0.1782775644541963,0.006582556226001,0.1239714755896873,0.0071311025781678,0.004388370817334,0.0032912781130005,0.0,0.0032912781130005,0.0,0.0016456390565002,0.0005485463521667,0.036204059243006,0.0285244103126714,0.0109709270433351,0.0148107515085024,0.0213933077345035,0.0597915523861766,0.0471749862863411,0.0027427317608337,0.0707624794295117,0.0027427317608337,0.0082281952825013,0.0005485463521667,0.0159078442128359,0.0,0.0087767416346681,0.0400438837081733,0.0
CID008459-1,0.0224046140195208,0.1071428571428571,0.0024401064773735,0.0170807453416149,0.0428127772848269,0.0170807453416149,0.0,0.0006654835847382,0.0097604259094942,0.0004436557231588,0.0281721384205856,0.0108695652173913,0.0075421472937,0.0051020408163265,0.0,0.0006654835847382,0.0070984915705412,0.0405944986690328,0.0017746228926353,0.0042147293700088,0.2679680567879325,0.0035492457852706,0.0235137533274179,0.00377107364685,0.0432564330079858,0.0206299911268855,0.001109139307897,0.0126441881100266,0.0002218278615794,0.0,0.0,0.0,0.0,0.068544809228039,0.0084294587400177,0.0033274179236912,0.0017746228926353,0.0164152617568766,0.0306122448979591,0.0936113575865128,0.00377107364685,0.0308340727595386,0.0026619343389529,0.0044365572315882,0.0008873114463176,0.0031055900621118,0.0028837622005323,0.0024401064773735,0.0228482697426796,0.0008873114463176
CID008460-1,0.003562945368171,0.2244655581947743,0.0017814726840855,0.008313539192399,0.0558194774346793,0.008313539192399,0.0,0.002375296912114,0.0077197149643705,0.0,0.0332541567695962,0.008313539192399,0.005938242280285,0.001187648456057,0.0,0.002375296912114,0.0053444180522565,0.0077197149643705,0.003562945368171,0.0,0.1526128266033254,0.0190023752969121,0.0605700712589073,0.007125890736342,0.0308788598574821,0.0344418052256532,0.0017814726840855,0.0041567695961995,0.0005938242280285,0.0,0.0,0.0,0.0017814726840855,0.0843230403800475,0.003562945368171,0.005938242280285,0.002375296912114,0.0178147268408551,0.0273159144893111,0.0160332541567695,0.0017814726840855,0.1282660332541567,0.0,0.0077197149643705,0.0005938242280285,0.0005938242280285,0.001187648456057,0.003562945368171,0.004750593824228,0.001187648456057
